{"0": {"init": {"social_welfare": [0.95, 0.4083333333333333, 0.7125, 0.666081610892844], "degree_of_intergration": [0.95, 0.475], "number_of_colorful_edges": 0.7124999999999999}, "init_world": [2, 1, 0, 2, 0, 1, 0, 2, 2, 0, 0, 2, 0, 0, 0, 1, 1, 0, 1, 2, 1, 2, 0, 2, 2, 0, 0, 0, 2, 2, 1, 0, 2, 1, 1, 0, 0, 1, 2, 1], "final": {"social_welfare": [1.0, 0.4083333333333334, 0.8, 0.6740196273214135], "degree_of_intergration": [1.0, 0.6], "number_of_colorful_edges": 0.8}, "steps": 2, "final_world": [0, 1, 0, 2, 0, 1, 0, 0, 2, 0, 0, 2, 0, 2, 0, 1, 1, 0, 1, 2, 1, 2, 0, 2, 2, 0, 2, 0, 2, 2, 1, 0, 2, 1, 1, 0, 0, 1, 2, 1]}, "1": {"init": {"social_welfare": [0.95, 0.4416666666666666, 0.775, 0.7081435944642746], "degree_of_intergration": [0.95, 0.6], "number_of_colorful_edges": 0.7749999999999999}, "init_world": [2, 2, 1, 1, 2, 0, 2, 1, 0, 1, 2, 0, 0, 2, 0, 1, 0, 2, 2, 2, 0, 1, 0, 2, 1, 2, 2, 2, 1, 0, 2, 1, 0, 1, 0, 0, 2, 1, 2, 2], "final": {"social_welfare": [1.0, 0.46666666666666645, 0.9, 0.7476280985714169], "degree_of_intergration": [1.0, 0.8], "number_of_colorful_edges": 0.9}, "steps": 4, "final_world": [1, 2, 2, 1, 2, 0, 2, 0, 2, 1, 2, 2, 0, 2, 0, 1, 0, 2, 1, 2, 0, 1, 0, 2, 1, 2, 0, 2, 1, 0, 2, 1, 0, 1, 0, 0, 2, 1, 2, 2]}, "2": {"init": {"social_welfare": [0.85, 0.375, 0.6625, 0.6081435944642746], "degree_of_intergration": [0.85, 0.475], "number_of_colorful_edges": 0.6625}, "init_world": [1, 1, 2, 1, 0, 2, 1, 1, 2, 2, 1, 2, 1, 2, 0, 2, 1, 1, 0, 1, 2, 2, 1, 0, 1, 2, 0, 1, 1, 0, 1, 1, 1, 1, 0, 2, 2, 2, 2, 2], "final": {"social_welfare": [1.0, 0.44166666666666654, 0.825, 0.7160816108928441], "degree_of_intergration": [1.0, 0.65], "number_of_colorful_edges": 0.825}, "steps": 2, "final_world": [2, 1, 2, 1, 0, 2, 1, 1, 2, 2, 1, 2, 1, 2, 0, 2, 1, 1, 0, 1, 2, 2, 1, 0, 1, 2, 0, 1, 1, 0, 1, 2, 1, 1, 0, 2, 1, 2, 1, 2]}, "3": {"init": {"social_welfare": [0.75, 0.3083333333333334, 0.6125, 0.5081435944642745], "degree_of_intergration": [0.75, 0.475], "number_of_colorful_edges": 0.6125}, "init_world": [2, 0, 0, 0, 0, 0, 0, 1, 0, 2, 1, 1, 1, 1, 0, 1, 2, 0, 2, 1, 2, 1, 1, 2, 1, 2, 2, 2, 2, 2, 2, 0, 2, 0, 1, 0, 0, 1, 2, 1], "final": {"social_welfare": [1.0, 0.42500000000000016, 0.8375, 0.6950506191071287], "degree_of_intergration": [1.0, 0.675], "number_of_colorful_edges": 0.8375}, "steps": 3, "final_world": [2, 2, 1, 0, 2, 0, 0, 1, 0, 2, 1, 0, 1, 1, 0, 1, 2, 0, 2, 1, 2, 1, 1, 2, 1, 2, 0, 2, 0, 2, 2, 0, 2, 0, 1, 0, 0, 1, 2, 1]}, "4": {"init": {"social_welfare": [0.925, 0.4083333333333335, 0.725, 0.6621126026785593], "degree_of_intergration": [0.925, 0.525], "number_of_colorful_edges": 0.7250000000000001}, "init_world": [0, 0, 1, 2, 1, 2, 0, 2, 2, 2, 0, 1, 2, 1, 0, 0, 0, 1, 0, 1, 2, 2, 1, 1, 2, 0, 1, 1, 0, 0, 1, 1, 1, 2, 0, 2, 0, 1, 0, 2], "final": {"social_welfare": [1.0, 0.4583333333333335, 0.8875, 0.7371126026785593], "degree_of_intergration": [1.0, 0.775], "number_of_colorful_edges": 0.8875}, "steps": 2, "final_world": [1, 0, 1, 2, 1, 2, 0, 2, 0, 2, 0, 1, 2, 1, 0, 2, 0, 1, 0, 1, 2, 2, 1, 1, 2, 0, 1, 1, 0, 0, 1, 0, 1, 2, 0, 2, 0, 1, 0, 2]}, "5": {"init": {"social_welfare": [0.925, 0.3583333333333335, 0.6875, 0.5990196273214135], "degree_of_intergration": [0.925, 0.45], "number_of_colorful_edges": 0.6875}, "init_world": [1, 0, 0, 1, 2, 2, 0, 1, 0, 2, 2, 2, 0, 1, 1, 1, 0, 0, 1, 0, 2, 2, 1, 1, 2, 1, 2, 1, 2, 1, 1, 2, 0, 0, 0, 2, 0, 2, 0, 2], "final": {"social_welfare": [1.0, 0.4333333333333334, 0.8375, 0.7055661149999863], "degree_of_intergration": [1.0, 0.675], "number_of_colorful_edges": 0.8375}, "steps": 3, "final_world": [0, 0, 1, 0, 2, 2, 0, 1, 0, 2, 1, 2, 0, 1, 2, 1, 0, 0, 1, 0, 2, 2, 1, 1, 2, 1, 2, 1, 2, 1, 1, 2, 0, 1, 0, 2, 0, 2, 0, 2]}, "6": {"init": {"social_welfare": [0.975, 0.4166666666666667, 0.7625, 0.6805661149999864], "degree_of_intergration": [0.975, 0.55], "number_of_colorful_edges": 0.7625}, "init_world": [0, 1, 1, 2, 0, 1, 2, 0, 1, 0, 1, 1, 2, 2, 1, 0, 1, 2, 2, 1, 2, 2, 1, 1, 0, 2, 2, 0, 2, 0, 2, 1, 0, 1, 0, 2, 2, 2, 0, 2], "final": {"social_welfare": [1.0, 0.425, 0.8125, 0.6950506191071287], "degree_of_intergration": [1.0, 0.625], "number_of_colorful_edges": 0.8125}, "steps": 1, "final_world": [2, 1, 1, 2, 0, 1, 2, 0, 1, 0, 1, 1, 2, 2, 1, 0, 1, 2, 2, 1, 2, 2, 1, 1, 0, 2, 2, 0, 2, 0, 2, 1, 0, 1, 0, 2, 0, 2, 0, 2]}, "7": {"init": {"social_welfare": [0.8, 0.31666666666666676, 0.5625, 0.5265971067857016], "degree_of_intergration": [0.8, 0.325], "number_of_colorful_edges": 0.5625}, "init_world": [2, 0, 0, 0, 2, 0, 2, 1, 2, 0, 1, 1, 2, 2, 0, 2, 1, 0, 0, 0, 0, 1, 1, 0, 1, 1, 1, 0, 0, 2, 2, 2, 2, 0, 2, 1, 1, 0, 0, 0], "final": {"social_welfare": [1.0, 0.4083333333333335, 0.7875, 0.6740196273214135], "degree_of_intergration": [1.0, 0.575], "number_of_colorful_edges": 0.7875}, "steps": 3, "final_world": [0, 0, 1, 0, 2, 0, 2, 1, 2, 0, 1, 1, 2, 2, 0, 2, 1, 0, 2, 0, 0, 1, 1, 0, 1, 0, 1, 0, 0, 2, 0, 2, 2, 0, 2, 1, 1, 0, 2, 0]}, "8": {"init": {"social_welfare": [0.875, 0.325, 0.575, 0.5490196273214135], "degree_of_intergration": [0.875, 0.275], "number_of_colorful_edges": 0.575}, "init_world": [2, 2, 2, 2, 2, 1, 1, 2, 2, 0, 0, 0, 1, 1, 2, 1, 2, 2, 1, 1, 0, 0, 1, 1, 2, 2, 1, 0, 0, 2, 1, 0, 1, 0, 1, 2, 1, 1, 0, 1], "final": {"social_welfare": [1.0, 0.37500000000000006, 0.6875, 0.631957643749983], "degree_of_intergration": [1.0, 0.375], "number_of_colorful_edges": 0.6875}, "steps": 2, "final_world": [2, 2, 0, 2, 2, 1, 1, 2, 2, 0, 2, 0, 1, 1, 2, 1, 2, 2, 1, 1, 0, 0, 1, 1, 2, 2, 1, 0, 0, 2, 1, 0, 1, 0, 1, 2, 1, 1, 0, 1]}, "9": {"init": {"social_welfare": [0.95, 0.4416666666666667, 0.775, 0.7081435944642746], "degree_of_intergration": [0.95, 0.6], "number_of_colorful_edges": 0.7749999999999999}, "init_world": [2, 2, 0, 0, 1, 1, 2, 0, 0, 0, 1, 0, 2, 0, 0, 0, 1, 0, 2, 1, 0, 1, 2, 0, 1, 1, 0, 2, 1, 2, 2, 1, 2, 1, 0, 1, 2, 0, 2, 1], "final": {"social_welfare": [1.0, 0.4750000000000001, 0.9125, 0.7581435944642745], "degree_of_intergration": [1.0, 0.825], "number_of_colorful_edges": 0.9125}, "steps": 3, "final_world": [0, 2, 0, 1, 0, 0, 2, 0, 2, 0, 1, 0, 2, 0, 1, 0, 1, 0, 2, 1, 0, 1, 2, 0, 1, 1, 0, 2, 1, 2, 2, 1, 2, 1, 0, 1, 2, 0, 2, 1]}}