{"0": {"init": {"social_welfare": [0.9, 0.3833333333333334, 0.775, 0.6265971067857017], "degree_of_intergration": [0.9, 0.65], "number_of_colorful_edges": 0.775}, "init_world": [2, 0, 2, 1, 1, 2, 0, 2, 0, 1, 2, 1, 2, 0, 2, 0, 2, 0, 2, 1, 1, 2, 0, 1, 0, 1, 0, 0, 1, 0, 1, 2, 2, 2, 2, 2, 2, 0, 1, 0], "final": {"social_welfare": [1.0, 0.475, 1.0, 0.7581435944642745], "degree_of_intergration": [1.0, 1.0], "number_of_colorful_edges": 1.0}, "steps": 10, "final_world": [1, 0, 2, 0, 1, 2, 0, 2, 0, 2, 0, 1, 2, 0, 2, 0, 2, 0, 1, 2, 1, 2, 0, 2, 0, 2, 0, 2, 1, 0, 1, 2, 1, 2, 1, 2, 1, 0, 1, 2]}, "1": {"init": {"social_welfare": [0.95, 0.4083333333333334, 0.8, 0.666081610892844], "degree_of_intergration": [0.95, 0.65], "number_of_colorful_edges": 0.8}, "init_world": [1, 2, 1, 2, 2, 0, 2, 0, 2, 1, 2, 0, 0, 0, 2, 1, 0, 1, 2, 0, 2, 0, 2, 0, 1, 2, 1, 2, 0, 0, 0, 2, 1, 2, 0, 0, 2, 2, 0, 2], "final": {"social_welfare": [1.0, 0.4666666666666667, 0.9875, 0.7476280985714169], "degree_of_intergration": [1.0, 0.975], "number_of_colorful_edges": 0.9875}, "steps": 6, "final_world": [1, 2, 0, 1, 2, 0, 2, 0, 2, 0, 2, 0, 2, 0, 2, 1, 0, 1, 2, 0, 2, 0, 2, 0, 1, 2, 0, 2, 0, 2, 0, 2, 1, 2, 1, 0, 1, 2, 0, 2]}, "2": {"init": {"social_welfare": [0.95, 0.4000000000000001, 0.675, 0.6555661149999864], "degree_of_intergration": [0.95, 0.4], "number_of_colorful_edges": 0.675}, "init_world": [0, 2, 1, 1, 2, 2, 0, 1, 0, 0, 0, 2, 2, 1, 0, 2, 2, 1, 1, 0, 1, 2, 2, 0, 2, 1, 1, 2, 0, 0, 0, 1, 1, 0, 2, 0, 2, 0, 1, 1], "final": {"social_welfare": [1.0, 0.4833333333333332, 1.0, 0.7686590903571322], "degree_of_intergration": [1.0, 1.0], "number_of_colorful_edges": 1.0}, "steps": 11, "final_world": [0, 2, 1, 2, 1, 2, 1, 2, 0, 1, 0, 1, 0, 1, 0, 1, 2, 0, 1, 0, 1, 2, 1, 0, 2, 0, 1, 2, 0, 2, 0, 2, 1, 0, 2, 0, 2, 0, 2, 1]}, "3": {"init": {"social_welfare": [0.85, 0.3333333333333334, 0.575, 0.5555661149999864], "degree_of_intergration": [0.85, 0.3], "number_of_colorful_edges": 0.575}, "init_world": [0, 0, 2, 0, 0, 1, 1, 1, 2, 2, 0, 0, 0, 1, 2, 0, 0, 0, 1, 1, 1, 2, 1, 0, 0, 0, 0, 2, 1, 2, 2, 0, 2, 0, 1, 1, 0, 2, 0, 0], "final": {"social_welfare": [1.0, 0.4499999999999999, 0.925, 0.7265971067857017], "degree_of_intergration": [1.0, 0.85], "number_of_colorful_edges": 0.925}, "steps": 8, "final_world": [0, 0, 2, 0, 2, 1, 0, 1, 0, 1, 0, 1, 0, 1, 2, 0, 1, 0, 1, 0, 1, 2, 1, 0, 2, 0, 0, 2, 0, 1, 2, 0, 2, 0, 2, 1, 0, 2, 0, 0]}, "4": {"init": {"social_welfare": [0.95, 0.43333333333333346, 0.8, 0.6976280985714169], "degree_of_intergration": [0.95, 0.65], "number_of_colorful_edges": 0.8}, "init_world": [2, 0, 0, 0, 1, 1, 1, 2, 1, 0, 2, 1, 2, 0, 1, 0, 1, 1, 0, 1, 0, 2, 0, 1, 0, 2, 2, 1, 0, 1, 0, 0, 2, 1, 0, 1, 1, 0, 2, 1], "final": {"social_welfare": [1.0, 0.5083333333333335, 1.0, 0.800205578035705], "degree_of_intergration": [1.0, 1.0], "number_of_colorful_edges": 1.0}, "steps": 7, "final_world": [2, 0, 1, 0, 1, 0, 1, 0, 1, 0, 2, 1, 2, 0, 1, 0, 2, 1, 0, 1, 0, 1, 0, 1, 0, 1, 2, 1, 0, 1, 2, 0, 2, 1, 0, 2, 1, 0, 2, 1]}, "5": {"init": {"social_welfare": [0.8, 0.3166666666666667, 0.55, 0.5265971067857016], "degree_of_intergration": [0.8, 0.3], "number_of_colorful_edges": 0.55}, "init_world": [0, 0, 1, 2, 2, 2, 2, 2, 0, 0, 2, 2, 2, 2, 1, 1, 2, 2, 2, 0, 2, 0, 1, 0, 1, 1, 0, 2, 1, 2, 0, 0, 2, 2, 2, 2, 0, 1, 0, 0], "final": {"social_welfare": [1.0, 0.4666666666666668, 0.95, 0.7476280985714169], "degree_of_intergration": [1.0, 0.9], "number_of_colorful_edges": 0.95}, "steps": 8, "final_world": [2, 0, 1, 2, 0, 2, 0, 1, 2, 0, 2, 0, 2, 1, 2, 1, 2, 1, 2, 0, 2, 0, 2, 0, 2, 1, 0, 2, 1, 2, 2, 0, 2, 0, 2, 2, 0, 2, 1, 0]}, "6": {"init": {"social_welfare": [0.925, 0.3750000000000001, 0.6625, 0.6200506191071288], "degree_of_intergration": [0.925, 0.4], "number_of_colorful_edges": 0.6625000000000001}, "init_world": [2, 0, 0, 2, 1, 1, 0, 0, 2, 1, 2, 0, 2, 1, 0, 1, 1, 0, 1, 1, 1, 2, 2, 0, 2, 2, 2, 0, 2, 1, 1, 0, 2, 1, 1, 1, 0, 0, 1, 0], "final": {"social_welfare": [1.0, 0.5, 1.0, 0.7896900821428474], "degree_of_intergration": [1.0, 1.0], "number_of_colorful_edges": 1.0}, "steps": 12, "final_world": [2, 0, 1, 0, 2, 1, 0, 1, 0, 1, 0, 1, 0, 1, 0, 2, 1, 0, 1, 2, 1, 2, 1, 0, 2, 1, 2, 0, 2, 0, 1, 0, 2, 1, 2, 1, 2, 0, 1, 2]}, "7": {"init": {"social_welfare": [0.8, 0.32499999999999996, 0.5875, 0.5371126026785593], "degree_of_intergration": [0.8, 0.375], "number_of_colorful_edges": 0.5875}, "init_world": [0, 1, 0, 1, 0, 2, 1, 1, 1, 1, 2, 2, 1, 1, 1, 0, 1, 2, 1, 1, 1, 1, 0, 1, 1, 0, 0, 0, 0, 0, 2, 0, 0, 2, 0, 0, 1, 2, 0, 1], "final": {"social_welfare": [1.0, 0.4833333333333334, 0.975, 0.7686590903571322], "degree_of_intergration": [1.0, 0.95], "number_of_colorful_edges": 0.975}, "steps": 8, "final_world": [2, 1, 0, 1, 0, 2, 1, 0, 1, 0, 1, 0, 1, 0, 1, 0, 1, 2, 1, 0, 2, 1, 0, 1, 1, 0, 1, 0, 1, 0, 1, 2, 0, 1, 0, 2, 1, 2, 0, 1]}, "8": {"init": {"social_welfare": [0.825, 0.30833333333333346, 0.55, 0.5200506191071288], "degree_of_intergration": [0.825, 0.275], "number_of_colorful_edges": 0.55}, "init_world": [0, 0, 2, 1, 0, 0, 2, 0, 0, 1, 1, 1, 0, 2, 0, 0, 0, 0, 1, 0, 2, 0, 0, 1, 1, 2, 2, 1, 1, 1, 1, 2, 1, 2, 2, 0, 0, 0, 0, 2], "final": {"social_welfare": [1.0, 0.49166666666666653, 0.975, 0.7791745862499898], "degree_of_intergration": [1.0, 0.95], "number_of_colorful_edges": 0.975}, "steps": 9, "final_world": [1, 0, 2, 0, 2, 0, 2, 1, 0, 1, 0, 1, 0, 2, 0, 1, 2, 0, 1, 0, 2, 0, 2, 0, 1, 0, 2, 1, 0, 1, 0, 2, 1, 0, 1, 0, 1, 2, 0, 0]}, "9": {"init": {"social_welfare": [0.825, 0.32500000000000007, 0.5875, 0.541081610892844], "degree_of_intergration": [0.825, 0.35], "number_of_colorful_edges": 0.5874999999999999}, "init_world": [2, 0, 1, 2, 1, 1, 0, 1, 1, 2, 1, 1, 2, 0, 2, 2, 1, 2, 2, 0, 2, 2, 0, 2, 1, 1, 1, 0, 0, 2, 1, 2, 2, 1, 1, 1, 1, 1, 1, 1], "final": {"social_welfare": [1.0, 0.4666666666666666, 0.9125, 0.7476280985714169], "degree_of_intergration": [1.0, 0.825], "number_of_colorful_edges": 0.9125}, "steps": 10, "final_world": [2, 0, 1, 0, 2, 1, 0, 2, 1, 2, 0, 1, 2, 1, 1, 2, 1, 1, 2, 1, 2, 1, 0, 2, 1, 0, 1, 2, 1, 2, 1, 1, 2, 1, 2, 1, 2, 1, 0, 1]}}