{"0": {"init": {"social_welfare": [0.85, 0.3166666666666668, 0.6125, 0.5345351232142712], "degree_of_intergration": [0.85, 0.375], "number_of_colorful_edges": 0.6125}, "init_world": [0, 0, 0, 1, 0, 0, 0, 0, 1, 0, 1, 1, 0, 0, 1, 1, 2, 2, 0, 1, 2, 1, 2, 0, 2, 1, 2, 1, 1, 2, 1, 2, 2, 2, 2, 0, 0, 1, 0, 0], "final": {"social_welfare": [1.0, 0.525, 1.0, 0.8212365698214201], "degree_of_intergration": [1.0, 1.0], "number_of_colorful_edges": 1.0}, "steps": 11, "final_world": [1, 0, 2, 1, 0, 2, 1, 0, 1, 2, 0, 1, 0, 1, 0, 1, 0, 2, 0, 1, 2, 0, 2, 0, 2, 1, 0, 2, 0, 2, 1, 2, 0, 1, 0, 1, 0, 1, 2, 0]}, "1": {"init": {"social_welfare": [0.875, 0.35, 0.6125, 0.5805661149999863], "degree_of_intergration": [0.875, 0.35], "number_of_colorful_edges": 0.6125}, "init_world": [2, 1, 2, 2, 1, 2, 1, 2, 0, 1, 0, 0, 0, 0, 0, 2, 2, 1, 0, 0, 0, 2, 0, 0, 1, 1, 1, 0, 1, 1, 0, 2, 1, 1, 0, 0, 2, 1, 0, 0], "final": {"social_welfare": [1.0, 0.4916666666666667, 1.0, 0.7791745862499898], "degree_of_intergration": [1.0, 1.0], "number_of_colorful_edges": 1.0}, "steps": 10, "final_world": [2, 1, 0, 1, 0, 1, 0, 2, 0, 1, 0, 1, 0, 2, 0, 2, 0, 1, 0, 2, 0, 2, 1, 0, 1, 0, 1, 0, 2, 1, 0, 2, 1, 2, 0, 1, 0, 1, 2, 0]}, "2": {"init": {"social_welfare": [0.875, 0.37500000000000006, 0.7, 0.6121126026785593], "degree_of_intergration": [0.875, 0.525], "number_of_colorful_edges": 0.7}, "init_world": [2, 2, 2, 0, 1, 0, 1, 0, 0, 2, 0, 1, 2, 0, 2, 1, 1, 1, 2, 1, 2, 2, 0, 1, 2, 2, 2, 0, 0, 1, 0, 2, 0, 1, 1, 1, 2, 0, 2, 0], "final": {"social_welfare": [1.0, 0.5083333333333334, 1.0, 0.8002055780357049], "degree_of_intergration": [1.0, 1.0], "number_of_colorful_edges": 1.0}, "steps": 9, "final_world": [1, 2, 0, 2, 0, 2, 1, 0, 1, 2, 0, 1, 2, 0, 2, 0, 2, 0, 2, 1, 0, 2, 0, 1, 2, 1, 2, 1, 0, 1, 0, 2, 0, 1, 2, 1, 2, 0, 2, 1]}, "3": {"init": {"social_welfare": [0.825, 0.30833333333333335, 0.5375, 0.5200506191071288], "degree_of_intergration": [0.825, 0.25], "number_of_colorful_edges": 0.5375}, "init_world": [2, 1, 1, 1, 0, 2, 2, 0, 0, 2, 2, 0, 0, 1, 2, 1, 2, 1, 1, 0, 1, 1, 2, 2, 0, 0, 1, 2, 2, 2, 2, 2, 0, 1, 1, 1, 2, 1, 1, 1], "final": {"social_welfare": [1.0, 0.4749999999999999, 1.0, 0.7581435944642745], "degree_of_intergration": [1.0, 1.0], "number_of_colorful_edges": 1.0}, "steps": 16, "final_world": [2, 1, 0, 1, 0, 1, 2, 1, 0, 1, 2, 1, 2, 0, 2, 1, 2, 1, 2, 0, 2, 1, 0, 1, 0, 2, 1, 2, 1, 2, 1, 2, 0, 1, 2, 1, 2, 1, 2, 0]}, "4": {"init": {"social_welfare": [0.875, 0.4, 0.6875, 0.6436590903571322], "degree_of_intergration": [0.875, 0.5], "number_of_colorful_edges": 0.6875}, "init_world": [2, 1, 0, 1, 0, 2, 0, 2, 2, 2, 2, 2, 1, 1, 2, 1, 0, 0, 2, 1, 0, 2, 0, 0, 2, 0, 0, 1, 2, 2, 0, 1, 2, 0, 1, 2, 2, 0, 0, 0], "final": {"social_welfare": [1.0, 0.5416666666666667, 0.975, 0.8422675616071356], "degree_of_intergration": [1.0, 0.95], "number_of_colorful_edges": 0.975}, "steps": 10, "final_world": [0, 1, 2, 0, 2, 1, 0, 2, 0, 2, 0, 2, 0, 1, 2, 0, 2, 0, 2, 1, 0, 2, 1, 0, 2, 0, 2, 1, 0, 2, 0, 1, 2, 0, 1, 2, 2, 0, 2, 1]}, "5": {"init": {"social_welfare": [0.825, 0.3333333333333334, 0.5875, 0.5515971067857016], "degree_of_intergration": [0.825, 0.35], "number_of_colorful_edges": 0.5874999999999999}, "init_world": [1, 1, 1, 0, 2, 1, 1, 0, 1, 1, 2, 1, 0, 0, 1, 1, 1, 0, 1, 0, 2, 2, 2, 0, 1, 0, 0, 0, 0, 1, 1, 1, 0, 0, 1, 1, 2, 1, 2, 0], "final": {"social_welfare": [1.0, 0.4416666666666667, 0.9, 0.7160816108928441], "degree_of_intergration": [1.0, 0.8], "number_of_colorful_edges": 0.9}, "steps": 8, "final_world": [2, 1, 0, 1, 0, 1, 1, 0, 1, 0, 2, 1, 1, 0, 1, 0, 1, 0, 1, 0, 2, 1, 2, 0, 1, 0, 1, 2, 0, 1, 0, 1, 1, 0, 1, 1, 2, 1, 2, 0]}, "6": {"init": {"social_welfare": [0.825, 0.3500000000000001, 0.625, 0.5726280985714169], "degree_of_intergration": [0.825, 0.425], "number_of_colorful_edges": 0.625}, "init_world": [0, 1, 0, 1, 0, 2, 2, 1, 0, 2, 0, 0, 1, 2, 0, 0, 1, 2, 2, 2, 1, 0, 2, 2, 2, 2, 0, 1, 1, 0, 1, 0, 1, 1, 0, 1, 1, 1, 1, 1], "final": {"social_welfare": [1.0, 0.525, 1.0, 0.8212365698214201], "degree_of_intergration": [1.0, 1.0], "number_of_colorful_edges": 1.0}, "steps": 11, "final_world": [2, 1, 0, 1, 0, 1, 2, 1, 0, 1, 0, 2, 1, 2, 0, 2, 1, 0, 1, 2, 1, 0, 2, 1, 0, 1, 0, 2, 1, 0, 1, 0, 2, 1, 0, 1, 2, 1, 2, 0]}, "7": {"init": {"social_welfare": [0.875, 0.4000000000000001, 0.6875, 0.6436590903571321], "degree_of_intergration": [0.875, 0.5], "number_of_colorful_edges": 0.6875}, "init_world": [2, 1, 0, 1, 2, 1, 0, 2, 1, 0, 2, 2, 1, 1, 2, 2, 1, 2, 0, 2, 1, 0, 0, 0, 0, 1, 1, 1, 0, 1, 2, 2, 2, 0, 1, 0, 0, 0, 1, 0], "final": {"social_welfare": [1.0, 0.525, 1.0, 0.8212365698214203], "degree_of_intergration": [1.0, 1.0], "number_of_colorful_edges": 1.0}, "steps": 11, "final_world": [2, 1, 0, 1, 0, 1, 0, 2, 1, 0, 2, 1, 2, 1, 0, 2, 1, 2, 0, 2, 1, 0, 1, 2, 0, 1, 0, 1, 0, 1, 2, 0, 2, 0, 1, 0, 2, 0, 1, 2]}, "8": {"init": {"social_welfare": [0.875, 0.375, 0.6875, 0.6121126026785593], "degree_of_intergration": [0.875, 0.5], "number_of_colorful_edges": 0.6875}, "init_world": [0, 1, 0, 2, 2, 0, 0, 0, 0, 0, 2, 0, 0, 2, 2, 1, 0, 1, 2, 1, 1, 2, 2, 2, 2, 0, 1, 0, 1, 1, 0, 1, 0, 1, 0, 2, 1, 0, 2, 1], "final": {"social_welfare": [1.0, 0.4916666666666668, 1.0, 0.7791745862499898], "degree_of_intergration": [1.0, 1.0], "number_of_colorful_edges": 1.0}, "steps": 9, "final_world": [0, 1, 2, 1, 2, 0, 2, 0, 2, 0, 2, 0, 2, 0, 2, 1, 0, 1, 0, 1, 0, 2, 0, 1, 2, 0, 1, 0, 2, 1, 0, 1, 0, 1, 0, 2, 1, 0, 2, 1]}, "9": {"init": {"social_welfare": [0.875, 0.3916666666666667, 0.675, 0.6331435944642745], "degree_of_intergration": [0.875, 0.475], "number_of_colorful_edges": 0.675}, "init_world": [2, 1, 2, 1, 0, 2, 0, 0, 1, 0, 0, 2, 2, 1, 0, 0, 0, 0, 0, 1, 2, 0, 2, 1, 2, 0, 0, 2, 2, 0, 1, 2, 2, 1, 2, 0, 1, 2, 2, 2], "final": {"social_welfare": [1.0, 0.5166666666666667, 0.9875, 0.8107210739285626], "degree_of_intergration": [1.0, 0.975], "number_of_colorful_edges": 0.9875}, "steps": 9, "final_world": [0, 1, 2, 1, 0, 2, 0, 2, 0, 2, 1, 0, 2, 1, 0, 2, 0, 2, 0, 1, 2, 0, 2, 0, 2, 1, 0, 1, 2, 0, 2, 0, 2, 1, 2, 0, 1, 2, 0, 2]}}