{"0": {"init": {"social_welfare": [0.95, 0.43333333333333357, 0.725, 0.6976280985714169], "degree_of_intergration": [0.95, 0.5], "number_of_colorful_edges": 0.725}, "init_world": [0, 2, 1, 1, 2, 2, 1, 1, 2, 0, 1, 0, 2, 1, 0, 2, 1, 0, 0, 2, 2, 1, 2, 0, 0, 1, 1, 1, 0, 1, 2, 2, 2, 1, 1, 2, 1, 2, 1, 0], "final": {"social_welfare": [1.0, 0.5083333333333334, 1.0, 0.8002055780357049], "degree_of_intergration": [1.0, 1.0], "number_of_colorful_edges": 1.0}, "steps": 9, "final_world": [1, 2, 0, 1, 0, 1, 2, 1, 2, 0, 1, 0, 2, 1, 2, 1, 2, 0, 1, 0, 2, 1, 2, 0, 2, 1, 2, 1, 0, 1, 2, 1, 2, 0, 1, 2, 1, 2, 1, 0]}, "1": {"init": {"social_welfare": [0.9, 0.4000000000000001, 0.7125, 0.6476280985714168], "degree_of_intergration": [0.9, 0.525], "number_of_colorful_edges": 0.7125}, "init_world": [2, 0, 1, 1, 2, 0, 2, 2, 0, 1, 2, 0, 2, 2, 2, 0, 0, 0, 2, 2, 1, 0, 1, 0, 1, 2, 1, 0, 0, 0, 0, 2, 2, 1, 2, 1, 0, 2, 1, 2], "final": {"social_welfare": [1.0, 0.5083333333333336, 1.0, 0.800205578035705], "degree_of_intergration": [1.0, 1.0], "number_of_colorful_edges": 1.0}, "steps": 8, "final_world": [1, 2, 0, 1, 2, 0, 1, 2, 0, 1, 2, 0, 2, 0, 2, 0, 2, 0, 2, 0, 2, 0, 2, 0, 1, 2, 1, 2, 1, 2, 0, 2, 0, 1, 2, 1, 0, 2, 1, 0]}, "2": {"init": {"social_welfare": [1.0, 0.4583333333333335, 0.775, 0.7371126026785593], "degree_of_intergration": [1.0, 0.55], "number_of_colorful_edges": 0.775}, "init_world": [0, 0, 2, 1, 1, 2, 2, 0, 1, 0, 0, 2, 1, 0, 2, 0, 0, 1, 0, 2, 0, 0, 1, 2, 0, 2, 2, 0, 2, 1, 0, 1, 1, 2, 2, 1, 0, 2, 1, 0], "final": {"social_welfare": [1.0, 0.5500000000000003, 1.0, 0.8527830574999931], "degree_of_intergration": [1.0, 1.0], "number_of_colorful_edges": 1.0}, "steps": 7, "final_world": [1, 0, 2, 0, 1, 0, 2, 0, 1, 2, 0, 2, 1, 0, 2, 1, 0, 1, 2, 0, 2, 0, 1, 0, 2, 0, 2, 0, 2, 1, 2, 0, 1, 0, 2, 1, 0, 2, 1, 0]}, "3": {"init": {"social_welfare": [0.925, 0.3583333333333334, 0.6875, 0.5990196273214135], "degree_of_intergration": [0.925, 0.45], "number_of_colorful_edges": 0.6875}, "init_world": [1, 1, 1, 1, 2, 1, 1, 0, 0, 1, 2, 0, 1, 1, 2, 2, 0, 2, 0, 0, 1, 1, 2, 1, 2, 1, 2, 2, 1, 2, 1, 2, 0, 2, 1, 0, 0, 1, 1, 0], "final": {"social_welfare": [1.0, 0.4583333333333333, 0.975, 0.7371126026785592], "degree_of_intergration": [1.0, 0.95], "number_of_colorful_edges": 0.975}, "steps": 7, "final_world": [0, 1, 2, 1, 2, 1, 0, 1, 0, 1, 2, 0, 1, 2, 1, 2, 1, 2, 1, 0, 1, 0, 2, 1, 2, 0, 1, 2, 1, 2, 1, 2, 1, 2, 0, 1, 0, 1, 1, 0]}, "4": {"init": {"social_welfare": [0.925, 0.3833333333333334, 0.65, 0.6305661149999865], "degree_of_intergration": [0.925, 0.375], "number_of_colorful_edges": 0.65}, "init_world": [0, 1, 1, 1, 0, 0, 2, 2, 2, 1, 0, 2, 0, 0, 1, 0, 1, 2, 2, 1, 0, 0, 1, 0, 0, 0, 1, 1, 0, 0, 1, 0, 2, 1, 1, 0, 0, 2, 1, 0], "final": {"social_welfare": [1.0, 0.49999999999999983, 0.9875, 0.7896900821428474], "degree_of_intergration": [1.0, 0.975], "number_of_colorful_edges": 0.9875}, "steps": 8, "final_world": [0, 1, 2, 0, 1, 0, 2, 1, 0, 1, 0, 2, 1, 0, 1, 0, 1, 0, 2, 0, 2, 0, 1, 0, 2, 1, 0, 1, 2, 0, 1, 0, 2, 0, 1, 0, 1, 0, 1, 0]}, "5": {"init": {"social_welfare": [0.925, 0.3666666666666668, 0.6625, 0.6095351232142712], "degree_of_intergration": [0.925, 0.4], "number_of_colorful_edges": 0.6625000000000001}, "init_world": [2, 0, 2, 0, 0, 0, 2, 1, 1, 0, 2, 2, 2, 0, 2, 0, 2, 0, 2, 1, 0, 0, 1, 1, 1, 0, 2, 1, 1, 2, 2, 0, 2, 1, 1, 0, 0, 1, 0, 0], "final": {"social_welfare": [1.0, 0.44166666666666676, 1.0, 0.7160816108928441], "degree_of_intergration": [1.0, 1.0], "number_of_colorful_edges": 1.0}, "steps": 9, "final_world": [1, 0, 2, 0, 2, 0, 2, 0, 1, 0, 2, 0, 2, 0, 2, 0, 2, 0, 1, 0, 1, 0, 1, 0, 1, 0, 1, 2, 1, 2, 1, 2, 0, 2, 1, 2, 0, 1, 2, 0]}, "6": {"init": {"social_welfare": [0.775, 0.33333333333333337, 0.575, 0.5436590903571321], "degree_of_intergration": [0.775, 0.375], "number_of_colorful_edges": 0.575}, "init_world": [0, 0, 0, 2, 2, 0, 1, 2, 2, 2, 1, 0, 2, 1, 2, 1, 1, 1, 1, 1, 1, 2, 0, 2, 2, 2, 1, 2, 0, 2, 2, 1, 0, 0, 1, 1, 1, 0, 2, 0], "final": {"social_welfare": [1.0, 0.5500000000000002, 1.0, 0.8527830574999932], "degree_of_intergration": [1.0, 1.0], "number_of_colorful_edges": 1.0}, "steps": 7, "final_world": [2, 1, 0, 1, 2, 0, 1, 2, 0, 2, 1, 0, 2, 1, 0, 1, 2, 1, 0, 2, 0, 2, 0, 2, 1, 2, 1, 2, 0, 1, 2, 1, 2, 0, 1, 2, 1, 0, 2, 1]}, "7": {"init": {"social_welfare": [0.85, 0.3583333333333335, 0.6, 0.5871126026785592], "degree_of_intergration": [0.85, 0.35], "number_of_colorful_edges": 0.6}, "init_world": [0, 0, 2, 0, 1, 2, 0, 2, 2, 2, 2, 1, 0, 2, 2, 2, 2, 0, 0, 1, 2, 2, 1, 0, 2, 1, 1, 0, 1, 1, 2, 2, 2, 0, 0, 0, 2, 0, 0, 2], "final": {"social_welfare": [1.0, 0.44999999999999984, 0.9625, 0.7265971067857017], "degree_of_intergration": [1.0, 0.925], "number_of_colorful_edges": 0.9625}, "steps": 8, "final_world": [1, 0, 2, 0, 1, 2, 0, 2, 0, 2, 0, 2, 0, 2, 0, 2, 1, 2, 0, 2, 1, 2, 1, 0, 1, 2, 1, 0, 2, 1, 2, 0, 2, 0, 2, 0, 2, 2, 0, 2]}, "8": {"init": {"social_welfare": [0.9, 0.35833333333333356, 0.6375, 0.5950506191071288], "degree_of_intergration": [0.9, 0.375], "number_of_colorful_edges": 0.6375}, "init_world": [1, 2, 1, 1, 0, 1, 1, 0, 0, 1, 2, 2, 0, 1, 2, 0, 2, 1, 0, 1, 1, 2, 0, 0, 1, 0, 0, 0, 1, 1, 0, 0, 0, 0, 0, 2, 0, 2, 2, 1], "final": {"social_welfare": [1.0, 0.5, 1.0, 0.7896900821428473], "degree_of_intergration": [1.0, 1.0], "number_of_colorful_edges": 1.0}, "steps": 11, "final_world": [1, 2, 0, 1, 2, 0, 1, 2, 0, 1, 0, 2, 0, 1, 2, 0, 2, 0, 1, 0, 1, 0, 1, 0, 1, 0, 1, 2, 0, 1, 0, 1, 0, 1, 0, 2, 0, 2, 0, 1]}, "9": {"init": {"social_welfare": [0.95, 0.45833333333333315, 0.85, 0.7291745862499898], "degree_of_intergration": [0.95, 0.75], "number_of_colorful_edges": 0.85}, "init_world": [0, 2, 1, 0, 2, 1, 0, 1, 0, 0, 2, 1, 2, 1, 1, 1, 1, 0, 0, 2, 1, 2, 0, 2, 0, 1, 0, 2, 1, 2, 0, 1, 0, 2, 1, 2, 0, 2, 0, 0], "final": {"social_welfare": [1.0, 0.5333333333333334, 1.0, 0.8317520657142777], "degree_of_intergration": [1.0, 1.0], "number_of_colorful_edges": 1.0}, "steps": 5, "final_world": [0, 2, 1, 0, 2, 0, 1, 0, 1, 0, 2, 1, 0, 1, 2, 0, 1, 0, 1, 2, 1, 2, 0, 2, 0, 1, 0, 2, 1, 2, 0, 1, 0, 2, 1, 2, 0, 2, 1, 0]}}