{"0": {"init": {"social_welfare": [0.9625, 0.4458333333333334, 0.6916666666666664, 0.6943132769196831], "degree_of_intergration": [0.9625, 0.8, 0.3125], "number_of_colorful_edges": 0.6916666666666667}, "init_world": [[1, 1, 1, 1, 2, 1, 1, 2, 2, 2, 0, 2, 2, 0, 2, 0, 2, 2, 1, 2, 1, 1, 2, 1, 0, 2, 0, 0, 2, 0, 0, 2, 0, 2, 0, 0, 1, 2, 2, 0], [2, 1, 0, 1, 2, 1, 1, 2, 1, 0, 0, 1, 0, 2, 1, 0, 0, 1, 0, 1, 2, 2, 1, 1, 1, 0, 2, 2, 1, 0, 2, 0, 0, 1, 2, 1, 1, 1, 2, 0]], "final": {"social_welfare": [1.0, 0.5416666666666667, 0.975, 0.7849323372321905], "degree_of_intergration": [1.0, 1.0, 0.925], "number_of_colorful_edges": 0.975}, "steps": 15, "final_world": [[1, 0, 1, 0, 2, 1, 0, 1, 0, 2, 0, 2, 2, 1, 2, 0, 1, 2, 1, 2, 0, 1, 2, 1, 0, 1, 0, 1, 2, 1, 0, 2, 0, 2, 0, 2, 1, 2, 0, 2], [2, 1, 0, 1, 2, 0, 1, 2, 1, 0, 2, 1, 0, 2, 1, 2, 0, 1, 0, 1, 2, 2, 1, 2, 1, 0, 1, 2, 1, 0, 2, 0, 2, 1, 2, 1, 0, 1, 2, 0]]}, "1": {"init": {"social_welfare": [0.975, 0.46666666666666706, 0.6416666666666665, 0.710531252276829], "degree_of_intergration": [0.975, 0.7375, 0.2125], "number_of_colorful_edges": 0.6416666666666667}, "init_world": [[0, 1, 2, 2, 0, 2, 0, 0, 2, 2, 1, 2, 0, 2, 2, 0, 2, 2, 1, 0, 0, 0, 0, 1, 0, 0, 1, 0, 1, 1, 0, 2, 0, 1, 0, 0, 0, 1, 0, 1], [1, 1, 1, 1, 0, 0, 1, 0, 1, 0, 1, 2, 0, 0, 1, 0, 1, 2, 0, 2, 1, 1, 2, 0, 1, 1, 0, 0, 1, 1, 2, 2, 0, 0, 2, 2, 2, 1, 1, 1]], "final": {"social_welfare": [1.0, 0.5249999999999998, 0.9916666666666668, 0.7632055810714771], "degree_of_intergration": [1.0, 1.0, 0.975], "number_of_colorful_edges": 0.9916666666666667}, "steps": 19, "final_world": [[0, 1, 0, 2, 0, 1, 0, 1, 0, 2, 0, 1, 0, 1, 2, 1, 2, 0, 1, 0, 2, 2, 0, 1, 2, 0, 1, 0, 2, 1, 0, 1, 0, 1, 0, 1, 0, 1, 0, 1], [1, 0, 2, 1, 2, 0, 1, 0, 1, 0, 1, 2, 1, 0, 1, 0, 1, 2, 0, 2, 0, 1, 2, 0, 1, 2, 0, 2, 1, 2, 1, 0, 2, 0, 2, 0, 2, 0, 1, 0]]}, "2": {"init": {"social_welfare": [0.9875, 0.49166666666666686, 0.6749999999999997, 0.7425995632366507], "degree_of_intergration": [0.9875, 0.7625, 0.275], "number_of_colorful_edges": 0.675}, "init_world": [[2, 1, 1, 0, 0, 2, 0, 1, 1, 1, 1, 2, 2, 0, 2, 1, 2, 2, 1, 0, 1, 0, 1, 2, 2, 1, 1, 0, 2, 1, 1, 2, 0, 0, 0, 2, 0, 2, 0, 2], [0, 0, 2, 1, 0, 2, 2, 2, 2, 2, 2, 1, 0, 1, 0, 1, 2, 0, 1, 0, 2, 2, 1, 2, 0, 2, 1, 1, 2, 1, 1, 0, 2, 0, 2, 0, 0, 1, 1, 1]], "final": {"social_welfare": [1.0, 0.5333333333333333, 0.9666666666666666, 0.7740689591518338], "degree_of_intergration": [1.0, 1.0, 0.9], "number_of_colorful_edges": 0.9666666666666667}, "steps": 16, "final_world": [[2, 1, 1, 0, 2, 1, 2, 1, 2, 0, 2, 0, 1, 0, 2, 1, 0, 2, 0, 2, 1, 0, 2, 1, 2, 1, 2, 0, 1, 2, 1, 2, 1, 2, 0, 2, 0, 2, 0, 1], [1, 0, 2, 1, 0, 2, 1, 2, 0, 2, 0, 1, 0, 1, 0, 1, 2, 0, 1, 0, 2, 2, 1, 2, 0, 2, 1, 1, 2, 1, 0, 1, 2, 0, 2, 0, 1, 0, 1, 2]]}, "3": {"init": {"social_welfare": [0.975, 0.5, 0.6666666666666667, 0.748031252276829], "degree_of_intergration": [0.975, 0.725, 0.3], "number_of_colorful_edges": 0.6666666666666666}, "init_world": [[2, 2, 2, 1, 1, 1, 0, 0, 1, 1, 2, 2, 1, 0, 2, 1, 0, 2, 0, 0, 2, 2, 2, 0, 2, 1, 0, 2, 1, 0, 2, 1, 2, 1, 2, 0, 2, 1, 0, 2], [2, 0, 2, 0, 0, 1, 2, 0, 1, 1, 2, 2, 0, 0, 2, 1, 0, 1, 2, 1, 1, 1, 1, 1, 1, 2, 2, 1, 0, 0, 0, 1, 0, 1, 0, 1, 0, 2, 0, 0]], "final": {"social_welfare": [1.0, 0.5583333333333331, 0.9833333333333334, 0.8081474714732609], "degree_of_intergration": [1.0, 1.0, 0.95], "number_of_colorful_edges": 0.9833333333333333}, "steps": 20, "final_world": [[1, 2, 0, 1, 2, 1, 0, 1, 0, 2, 1, 2, 1, 0, 1, 2, 1, 2, 1, 0, 2, 0, 1, 0, 2, 1, 0, 2, 1, 0, 2, 0, 2, 1, 2, 0, 2, 1, 0, 2], [2, 0, 2, 0, 1, 0, 2, 0, 2, 0, 2, 1, 0, 1, 2, 1, 0, 1, 2, 1, 0, 1, 2, 1, 1, 2, 2, 1, 0, 2, 0, 1, 0, 2, 0, 1, 0, 2, 1, 0]]}, "4": {"init": {"social_welfare": [0.975, 0.5, 0.708333333333333, 0.7524963865178993], "degree_of_intergration": [0.975, 0.8, 0.35], "number_of_colorful_edges": 0.7083333333333334}, "init_world": [[0, 2, 2, 1, 2, 0, 2, 0, 1, 2, 1, 1, 1, 0, 1, 0, 2, 0, 1, 2, 0, 2, 2, 0, 1, 0, 1, 0, 2, 0, 0, 1, 2, 1, 2, 0, 1, 1, 0, 1], [2, 1, 2, 1, 2, 2, 1, 1, 0, 2, 0, 0, 2, 2, 1, 1, 1, 2, 2, 1, 2, 2, 2, 1, 1, 1, 1, 2, 2, 1, 0, 2, 0, 0, 2, 2, 2, 0, 2, 1]], "final": {"social_welfare": [1.0, 0.5166666666666666, 0.9833333333333332, 0.7553189591518339], "degree_of_intergration": [1.0, 1.0, 0.95], "number_of_colorful_edges": 0.9833333333333333}, "steps": 18, "final_world": [[1, 2, 1, 0, 2, 0, 2, 0, 2, 0, 1, 2, 1, 0, 2, 0, 2, 0, 1, 2, 0, 2, 1, 2, 1, 2, 1, 2, 1, 0, 2, 1, 2, 0, 2, 0, 1, 2, 0, 2], [2, 1, 2, 1, 1, 2, 1, 1, 0, 2, 0, 1, 2, 1, 0, 1, 0, 1, 2, 1, 2, 1, 2, 1, 2, 1, 2, 0, 2, 1, 0, 2, 0, 1, 0, 1, 2, 0, 2, 1]]}, "5": {"init": {"social_welfare": [0.975, 0.47916666666666663, 0.6749999999999997, 0.7253379413170074], "degree_of_intergration": [0.975, 0.75, 0.3], "number_of_colorful_edges": 0.675}, "init_world": [[1, 2, 1, 2, 1, 0, 1, 2, 1, 1, 2, 0, 1, 1, 1, 1, 0, 1, 1, 0, 1, 2, 2, 1, 2, 0, 1, 2, 0, 2, 0, 0, 0, 0, 0, 0, 0, 0, 1, 0], [1, 2, 2, 0, 2, 0, 2, 1, 1, 0, 2, 1, 0, 1, 1, 0, 2, 2, 1, 0, 2, 1, 2, 0, 2, 2, 1, 1, 0, 2, 0, 2, 1, 1, 2, 2, 2, 1, 0, 0]], "final": {"social_welfare": [1.0, 0.5416666666666665, 0.9916666666666666, 0.7849323372321905], "degree_of_intergration": [1.0, 1.0, 0.975], "number_of_colorful_edges": 0.9916666666666667}, "steps": 21, "final_world": [[1, 2, 1, 2, 1, 2, 1, 2, 0, 1, 1, 0, 1, 2, 0, 2, 0, 1, 2, 1, 0, 2, 0, 1, 2, 0, 1, 2, 1, 2, 1, 0, 2, 0, 1, 0, 1, 0, 1, 0], [0, 1, 2, 0, 2, 0, 2, 1, 2, 0, 2, 1, 0, 1, 2, 0, 2, 0, 1, 0, 2, 1, 2, 0, 1, 2, 0, 1, 0, 1, 0, 2, 0, 1, 2, 1, 2, 1, 0, 1]]}, "6": {"init": {"social_welfare": [0.95, 0.48749999999999993, 0.6833333333333333, 0.7238495632366504], "degree_of_intergration": [0.95, 0.7, 0.4], "number_of_colorful_edges": 0.6833333333333333}, "init_world": [[2, 1, 1, 2, 0, 0, 0, 1, 1, 1, 2, 1, 2, 0, 1, 1, 2, 2, 2, 2, 2, 0, 1, 0, 2, 1, 0, 0, 1, 0, 2, 2, 2, 2, 1, 1, 0, 0, 1, 1], [0, 0, 0, 0, 0, 2, 1, 0, 2, 1, 0, 2, 0, 0, 2, 1, 0, 0, 2, 0, 1, 2, 0, 2, 0, 2, 0, 0, 0, 0, 0, 1, 2, 2, 0, 2, 1, 2, 0, 2]], "final": {"social_welfare": [1.0, 0.5458333333333332, 0.9833333333333332, 0.7888756481920121], "degree_of_intergration": [1.0, 1.0, 0.95], "number_of_colorful_edges": 0.9833333333333333}, "steps": 14, "final_world": [[2, 0, 1, 0, 1, 0, 0, 2, 0, 1, 2, 0, 2, 0, 1, 0, 1, 2, 0, 1, 2, 0, 1, 0, 2, 1, 2, 0, 1, 0, 1, 2, 0, 2, 1, 0, 2, 0, 2, 1], [0, 2, 0, 1, 0, 2, 1, 0, 2, 1, 0, 2, 0, 2, 0, 1, 0, 1, 2, 0, 1, 2, 0, 2, 0, 2, 0, 2, 0, 2, 0, 1, 2, 1, 0, 2, 1, 2, 0, 2]]}, "7": {"init": {"social_welfare": [0.9875, 0.5083333333333333, 0.6749999999999996, 0.7583728070759368], "degree_of_intergration": [0.9875, 0.7625, 0.275], "number_of_colorful_edges": 0.675}, "init_world": [[2, 0, 1, 1, 1, 1, 1, 0, 0, 2, 1, 2, 1, 2, 2, 1, 0, 2, 0, 0, 2, 2, 1, 1, 0, 2, 1, 0, 1, 1, 1, 2, 2, 1, 1, 0, 1, 2, 0, 2], [2, 1, 0, 1, 0, 0, 2, 1, 0, 2, 1, 1, 2, 0, 2, 1, 1, 2, 1, 0, 1, 0, 1, 2, 0, 1, 2, 2, 1, 0, 1, 0, 0, 0, 2, 2, 0, 0, 0, 2]], "final": {"social_welfare": [1.0, 0.5333333333333332, 0.9666666666666668, 0.7785340933929041], "degree_of_intergration": [1.0, 1.0, 0.9], "number_of_colorful_edges": 0.9666666666666667}, "steps": 19, "final_world": [[1, 2, 1, 2, 1, 2, 1, 0, 1, 0, 1, 2, 1, 2, 0, 1, 0, 1, 0, 1, 0, 2, 0, 1, 2, 2, 1, 0, 2, 1, 0, 1, 2, 2, 1, 0, 1, 2, 0, 2], [2, 1, 0, 1, 0, 1, 2, 1, 0, 2, 0, 1, 2, 0, 2, 0, 1, 2, 1, 0, 1, 0, 1, 2, 0, 1, 2, 2, 1, 0, 1, 0, 1, 0, 2, 2, 0, 1, 2, 0]]}, "8": {"init": {"social_welfare": [0.975, 0.5124999999999997, 0.6916666666666667, 0.7687914536384344], "degree_of_intergration": [0.975, 0.8125, 0.2875], "number_of_colorful_edges": 0.6916666666666667}, "init_world": [[0, 0, 1, 2, 0, 2, 0, 2, 1, 2, 2, 1, 2, 2, 0, 0, 2, 1, 0, 2, 1, 2, 0, 0, 1, 2, 0, 1, 1, 2, 2, 0, 1, 2, 0, 2, 1, 1, 2, 2], [1, 1, 0, 2, 0, 0, 0, 1, 1, 0, 0, 1, 1, 2, 2, 0, 1, 2, 1, 1, 1, 1, 1, 2, 1, 0, 2, 0, 1, 0, 1, 1, 1, 1, 0, 1, 2, 0, 0, 1]], "final": {"social_welfare": [1.0, 0.5416666666666665, 0.9749999999999999, 0.7849323372321906], "degree_of_intergration": [1.0, 1.0, 0.925], "number_of_colorful_edges": 0.975}, "steps": 19,