{"0": {"init": {"social_welfare": [0.9625, 0.4749999999999999, 0.6916666666666662, 0.7159629413170074], "degree_of_intergration": [0.9625, 0.775, 0.3375], "number_of_colorful_edges": 0.6916666666666667}, "init_world": [[1, 0, 0, 1, 0, 2, 1, 0, 2, 1, 1, 1, 1, 0, 2, 2, 2, 0, 1, 2, 0, 0, 2, 1, 2, 1, 2, 0, 1, 0, 1, 1, 0, 1, 0, 0, 2, 0, 1, 0], [0, 0, 2, 0, 2, 2, 1, 2, 1, 1, 2, 1, 2, 1, 1, 2, 0, 0, 1, 1, 2, 2, 1, 0, 0, 1, 2, 0, 1, 2, 1, 1, 1, 2, 0, 0, 1, 1, 0, 1]], "final": {"social_welfare": [1.0, 0.4999999999999997, 0.7749999999999997, 0.7544294961161154], "degree_of_intergration": [1.0, 0.875, 0.45], "number_of_colorful_edges": 0.775}, "steps": 2, "final_world": [[1, 1, 0, 1, 0, 2, 1, 0, 2, 1, 1, 2, 1, 0, 2, 1, 2, 0, 1, 2, 0, 0, 2, 1, 2, 1, 2, 0, 1, 0, 1, 1, 0, 1, 0, 0, 2, 0, 1, 0], [0, 0, 2, 0, 2, 2, 1, 2, 1, 1, 2, 1, 2, 1, 1, 2, 0, 0, 1, 1, 2, 2, 1, 0, 0, 1, 2, 0, 1, 2, 1, 0, 1, 2, 0, 0, 1, 1, 0, 1]]}, "1": {"init": {"social_welfare": [0.95, 0.4458333333333332, 0.5666666666666667, 0.6739978070759371], "degree_of_intergration": [0.95, 0.5875, 0.1625], "number_of_colorful_edges": 0.5666666666666667}, "init_world": [[1, 1, 0, 0, 0, 2, 0, 0, 0, 0, 0, 1, 1, 1, 1, 1, 1, 0, 0, 0, 2, 2, 0, 0, 2, 1, 1, 0, 1, 2, 2, 1, 0, 2, 1, 1, 0, 0, 1, 0], [1, 0, 0, 2, 2, 2, 2, 1, 1, 1, 0, 0, 0, 1, 2, 1, 2, 0, 1, 0, 2, 2, 1, 1, 1, 0, 2, 1, 2, 2, 2, 1, 0, 0, 0, 1, 2, 0, 2, 2]], "final": {"social_welfare": [1.0, 0.475, 0.6666666666666666, 0.7143974714732612], "degree_of_intergration": [1.0, 0.7, 0.3], "number_of_colorful_edges": 0.6666666666666666}, "steps": 2, "final_world": [[1, 1, 0, 0, 0, 2, 0, 0, 0, 0, 0, 1, 1, 2, 1, 2, 1, 0, 0, 0, 2, 2, 0, 0, 2, 1, 1, 0, 1, 2, 2, 1, 0, 2, 1, 1, 0, 0, 1, 0], [1, 0, 0, 2, 2, 1, 2, 1, 1, 1, 0, 0, 0, 1, 2, 1, 2, 0, 1, 0, 2, 2, 1, 1, 1, 0, 2, 1, 2, 1, 2, 1, 0, 0, 0, 1, 2, 0, 2, 2]]}, "2": {"init": {"social_welfare": [0.9375, 0.4208333333333333, 0.6499999999999999, 0.6449062522768292], "degree_of_intergration": [0.9375, 0.6625, 0.35], "number_of_colorful_edges": 0.65}, "init_world": [[0, 1, 1, 0, 1, 0, 1, 1, 1, 0, 2, 1, 0, 0, 2, 2, 2, 0, 2, 0, 1, 0, 1, 2, 0, 0, 2, 1, 0, 1, 2, 2, 1, 1, 0, 1, 1, 1, 1, 1], [1, 1, 1, 0, 0, 0, 1, 1, 2, 2, 0, 1, 1, 1, 2, 2, 2, 0, 0, 2, 1, 1, 2, 1, 2, 2, 1, 0, 1, 2, 1, 0, 2, 0, 2, 0, 0, 1, 0, 1]], "final": {"social_welfare": [1.0, 0.4458333333333332, 0.75, 0.6897710509152236], "degree_of_intergration": [1.0, 0.825, 0.425], "number_of_colorful_edges": 0.75}, "steps": 4, "final_world": [[0, 1, 0, 1, 1, 1, 1, 2, 1, 1, 2, 1, 0, 0, 2, 1, 2, 0, 2, 0, 1, 0, 1, 2, 0, 0, 2, 1, 0, 1, 2, 2, 1, 1, 0, 1, 1, 0, 1, 1], [1, 0, 1, 0, 0, 0, 1, 1, 2, 2, 0, 1, 1, 1, 2, 2, 2, 0, 0, 2, 1, 1, 2, 1, 2, 2, 1, 0, 1, 2, 1, 0, 2, 0, 2, 0, 0, 1, 0, 1]]}, "3": {"init": {"social_welfare": [0.9625, 0.4583333333333332, 0.6083333333333335, 0.6972129413170076], "degree_of_intergration": [0.9625, 0.675, 0.1875], "number_of_colorful_edges": 0.6083333333333333}, "init_world": [[2, 2, 0, 0, 1, 2, 0, 1, 1, 2, 2, 1, 0, 2, 2, 1, 2, 0, 2, 0, 1, 0, 0, 0, 0, 2, 0, 0, 1, 2, 2, 1, 1, 2, 0, 0, 2, 2, 0, 2], [2, 1, 0, 0, 1, 1, 2, 2, 2, 0, 0, 2, 0, 0, 2, 2, 2, 2, 2, 1, 1, 0, 0, 1, 0, 2, 1, 1, 1, 0, 2, 0, 0, 1, 0, 1, 0, 1, 0, 0]], "final": {"social_welfare": [1.0, 0.4958333333333333, 0.6916666666666667, 0.7504861851562938], "degree_of_intergration": [1.0, 0.8125, 0.2625], "number_of_colorful_edges": 0.6916666666666667}, "steps": 2, "final_world": [[0, 2, 2, 0, 1, 2, 0, 1, 1, 2, 2, 1, 0, 2, 2, 1, 2, 0, 2, 0, 1, 0, 2, 0, 0, 2, 0, 0, 1, 2, 2, 1, 1, 2, 0, 0, 2, 2, 0, 2], [2, 1, 0, 0, 1, 1, 2, 2, 2, 0, 0, 2, 0, 0, 2, 2, 0, 2, 2, 1, 1, 0, 0, 1, 0, 2, 1, 1, 1, 0, 2, 0, 0, 1, 0, 1, 0, 1, 0, 0]]}, "4": {"init": {"social_welfare": [0.975, 0.4749999999999998, 0.6333333333333334, 0.7184178741964723], "degree_of_intergration": [0.975, 0.675, 0.25], "number_of_colorful_edges": 0.6333333333333333}, "init_world": [[2, 1, 0, 1, 2, 1, 1, 0, 2, 1, 2, 0, 0, 0, 1, 2, 1, 0, 2, 2, 2, 1, 1, 1, 0, 2, 0, 1, 2, 2, 0, 0, 0, 2, 0, 1, 0, 1, 1, 2], [0, 0, 0, 0, 2, 2, 1, 2, 0, 0, 0, 2, 1, 2, 2, 0, 1, 0, 2, 2, 0, 0, 0, 1, 1, 0, 2, 1, 1, 1, 0, 2, 1, 2, 0, 0, 0, 1, 1, 2]], "final": {"social_welfare": [1.0, 0.4916666666666664, 0.6833333333333332, 0.7435661180357587], "degree_of_intergration": [1.0, 0.7375, 0.3125], "number_of_colorful_edges": 0.6833333333333333}, "steps": 1, "final_world": [[2, 1, 0, 1, 2, 1, 1, 0, 2, 1, 2, 0, 0, 0, 1, 2, 1, 0, 2, 0, 2, 1, 1, 1, 0, 2, 0, 1, 2, 2, 0, 0, 0, 2, 0, 1, 0, 1, 1, 2], [0, 0, 2, 0, 2, 2, 1, 2, 0, 0, 0, 2, 1, 2, 2, 0, 1, 0, 2, 2, 0, 0, 0, 1, 1, 0, 2, 1, 1, 1, 0, 2, 1, 2, 0, 0, 0, 1, 1, 2]]}, "5": {"init": {"social_welfare": [0.9875, 0.4458333333333334, 0.6, 0.6843393618750453], "degree_of_intergration": [0.9875, 0.625, 0.1875], "number_of_colorful_edges": 0.6}, "init_world": [[0, 0, 0, 0, 1, 1, 2, 0, 1, 1, 1, 0, 1, 1, 2, 0, 2, 1, 2, 1, 0, 1, 2, 2, 0, 2, 0, 0, 2, 1, 1, 0, 0, 1, 0, 1, 1, 1, 0, 2], [0, 2, 2, 2, 1, 1, 1, 2, 0, 0, 1, 2, 1, 1, 2, 0, 2, 1, 2, 1, 1, 1, 0, 0, 1, 0, 2, 0, 2, 2, 1, 0, 0, 2, 0, 0, 0, 1, 1, 1]], "final": {"social_welfare": [1.0, 0.47083333333333355, 0.6416666666666665, 0.716407672834867], "degree_of_intergration": [1.0, 0.6875, 0.2375], "number_of_colorful_edges": 0.6416666666666667}, "steps": 1, "final_world": [[1, 0, 0, 0, 1, 1, 2, 0, 1, 1, 1, 0, 1, 1, 2, 0, 2, 1, 2, 1, 0, 1, 2, 2, 0, 2, 0, 0, 2, 1, 1, 0, 0, 1, 0, 1, 1, 1, 0, 2], [0, 2, 2, 2, 1, 0, 1, 2, 0, 0, 1, 2, 1, 1, 2, 0, 2, 1, 2, 1, 1, 1, 0, 0, 1, 0, 2, 0, 2, 2, 1, 0, 0, 2, 0, 0, 0, 1, 1, 1]]}, "6": {"init": {"social_welfare": [0.975, 0.4791666666666668, 0.6416666666666663, 0.7268263193973641], "degree_of_intergration": [0.975, 0.7125, 0.2375], "number_of_colorful_edges": 0.6416666666666667}, "init_world": [[0, 1, 2, 2, 0, 1, 1, 2, 0, 0, 2, 1, 2, 2, 2, 1, 1, 1, 1, 1, 0, 0, 0, 1, 1, 2, 2, 1, 1, 1, 2, 2, 1, 0, 2, 1, 1, 1, 1, 2], [1, 1, 1, 1, 1, 0, 2, 1, 2, 1, 0, 1, 2, 0, 0, 1, 2, 2, 0, 2, 1, 1, 1, 2, 1, 2, 2, 2, 0, 0, 0, 2, 0, 1, 1, 2, 2, 2, 0, 1]], "final": {"social_welfare": [1.0, 0.491666666666667, 0.6916666666666662, 0.7495196303571856], "degree_of_intergration": [1.0, 0.7875, 0.2875], "number_of_colorful_edges": 0.6916666666666667}, "steps": 1, "final_world": [[0, 1, 2, 2, 0, 1, 1, 2, 0, 0, 2, 1, 2, 2, 2, 1, 1, 1, 1, 1, 0, 0, 0, 1, 1, 2, 2, 1, 1, 1, 2, 2, 1, 0, 2, 1, 1, 1, 1, 2], [1, 2, 1, 1, 1, 0, 2, 1, 2, 1, 0, 1, 2, 0, 0, 1, 2, 2, 0, 2, 1, 1, 1, 2, 1, 2, 1, 2, 0, 0, 0, 2, 0, 1, 1, 2, 2, 2, 0, 1]]}, "7": {"init": {"social_welfare": [0.975, 0.5166666666666666, 0.6833333333333333, 0.7727347645982559], "degree_of_intergration": [0.975, 0.7875, 0.2875], "number_of_colorful_edges": 0.6833333333333333}, "init_world": [[1, 1, 0, 0, 1, 2, 0, 2, 1, 2, 2, 1, 0, 2, 1, 0, 1, 1, 1, 0, 2, 2, 1, 1, 0, 2, 0, 1, 0, 0, 0, 0, 1, 2, 1, 0, 2, 2, 1, 0], [0, 1, 1, 2, 2, 0, 1, 2, 0, 1, 1, 1, 0, 1, 1, 2, 1, 1, 2, 0, 0, 2, 2, 2, 1, 1, 0, 1, 2, 1, 0, 1, 2, 0, 2, 0, 1, 2, 1, 0]], "final": {"social_welfare": [1.0, 0.5291666666666667, 0.7333333333333332, 0.7909629413170072], "degree_of_intergration": [1.0, 0.85, 0.35], "number_of_colorful_edges": 0.7333333333333333}, "steps": 1, "final_world": [[1, 1, 0, 0, 1, 2, 0, 2, 1, 2, 2, 1, 0, 2, 1, 0, 1, 0, 1, 0, 2, 2, 1, 1, 0, 2, 0, 1, 0, 0, 1, 0, 1, 2, 1, 0, 2, 2, 1, 0], [0, 1, 1, 2, 2, 0, 1, 2, 0, 1, 1, 1, 0, 1, 1, 2, 1, 1, 2, 0, 0, 2, 2, 2, 1, 1, 0, 1, 2, 1, 0, 1, 2, 0, 2, 0, 1, 2, 1, 0]]}, "8": {"init": {"social_welfare": [0.925, 0.4458333333333332, 0.6416666666666665, 0.6780182097991482], "degree_of_intergration": [0.925, 0.6875, 0.3125], "number_of_colorful_edges": 0.6416666666666667}, "init_world": [[2, 0, 0, 0, 1, 2, 2, 1, 2, 0, 2, 2, 0, 2, 2, 2, 1, 0, 0, 0, 2, 1, 0, 2, 2, 2, 0, 2, 2, 1, 1, 2, 0, 1, 0, 2, 0, 1, 2, 0], [2, 0, 0, 0, 0, 1, 1, 2, 2, 2, 2, 0, 0, 0, 2, 2, 1, 2, 1, 0, 1, 0, 0, 1, 0, 2, 0, 1, 2, 0, 1, 2, 1, 0, 2, 1, 2, 0, 2, 2]], "final": {"social_welfare": [1.0, 0.4874999999999997, 0.7583333333333331, 0.7351576728348668], "degree_of_intergration": [1.0, 0.8125, 0.4625], "number_of_colorful_edges": 0.7583333333333333}, "steps": 3,