{"0": {"init": {"social_welfare": [0.625, 0.21666666666666662, 0.325, 0.37262809857141693], "degree_of_intergration": [0.625, 0.025], "number_of_colorful_edges": 0.325}, "init_world": [0, 0, 0, 2, 2, 1, 1, 2, 2, 0, 1, 1, 1, 1, 1, 1, 0, 0, 0, 1, 1, 2, 2, 0, 0, 1, 1, 0, 0, 2, 2, 2, 2, 2, 2, 0, 0, 0, 0, 0], "final": {"social_welfare": [1.0, 0.4416666666666666, 0.9125, 0.7160816108928441], "degree_of_intergration": [1.0, 0.825], "number_of_colorful_edges": 0.9125}, "steps": 8, "final_world": [1, 2, 0, 2, 0, 2, 1, 2, 1, 0, 1, 0, 1, 0, 2, 1, 0, 1, 0, 2, 1, 2, 1, 0, 0, 1, 1, 0, 0, 2, 0, 2, 0, 1, 2, 0, 2, 0, 2, 0]}, "1": {"init": {"social_welfare": [0.5, 0.1666666666666666, 0.25, 0.28969008214284747], "degree_of_intergration": [0.5, 0.0], "number_of_colorful_edges": 0.25}, "init_world": [1, 1, 1, 2, 2, 2, 1, 1, 1, 0, 0, 0, 0, 0, 2, 2, 1, 1, 1, 1, 1, 2, 2, 2, 1, 1, 1, 1, 1, 1, 0, 0, 2, 2, 2, 2, 0, 0, 0, 0], "final": {"social_welfare": [1.0, 0.4833333333333334, 1.0, 0.7686590903571322], "degree_of_intergration": [1.0, 1.0], "number_of_colorful_edges": 1.0}, "steps": 9, "final_world": [2, 0, 1, 2, 1, 2, 1, 0, 1, 0, 1, 0, 1, 0, 1, 2, 1, 0, 1, 2, 1, 2, 1, 2, 1, 2, 1, 0, 2, 1, 0, 1, 2, 1, 0, 2, 0, 1, 2, 0]}, "2": {"init": {"social_welfare": [0.35, 0.11666666666666665, 0.175, 0.20278305749999323], "degree_of_intergration": [0.35, 0.0], "number_of_colorful_edges": 0.175}, "init_world": [2, 2, 2, 0, 0, 0, 0, 0, 0, 0, 0, 0, 0, 2, 2, 2, 2, 2, 1, 1, 1, 1, 1, 1, 1, 1, 2, 2, 0, 0, 0, 1, 1, 2, 2, 2, 2, 2, 2, 2], "final": {"social_welfare": [0.9, 0.4083333333333334, 0.8625, 0.6581435944642745], "degree_of_intergration": [0.9, 0.825], "number_of_colorful_edges": 0.8625}, "steps": 8, "final_world": [0, 1, 2, 0, 2, 0, 2, 0, 2, 0, 1, 2, 0, 2, 0, 2, 0, 2, 1, 0, 1, 0, 1, 2, 1, 1, 0, 2, 0, 1, 0, 2, 1, 2, 1, 2, 2, 2, 2, 2]}, "3": {"init": {"social_welfare": [0.625, 0.21666666666666662, 0.325, 0.37262809857141693], "degree_of_intergration": [0.625, 0.025], "number_of_colorful_edges": 0.325}, "init_world": [2, 2, 2, 0, 0, 2, 2, 1, 1, 1, 2, 2, 0, 1, 1, 1, 1, 2, 2, 2, 0, 0, 2, 2, 1, 1, 1, 1, 0, 0, 0, 0, 0, 2, 2, 2, 0, 0, 0, 0], "final": {"social_welfare": [0.925, 0.44166666666666654, 0.8375, 0.7041745862499897], "degree_of_intergration": [0.925, 0.75], "number_of_colorful_edges": 0.8375}, "steps": 7, "final_world": [0, 2, 1, 0, 1, 2, 2, 1, 2, 1, 2, 2, 0, 1, 2, 0, 1, 2, 1, 2, 1, 0, 2, 2, 1, 0, 2, 1, 0, 1, 0, 2, 0, 2, 0, 2, 0, 0, 0, 0]}, "4": {"init": {"social_welfare": [0.575, 0.20833333333333326, 0.3125, 0.3541745862499898], "degree_of_intergration": [0.575, 0.05], "number_of_colorful_edges": 0.3125}, "init_world": [2, 2, 2, 2, 2, 1, 1, 2, 2, 1, 1, 1, 1, 1, 1, 1, 0, 0, 2, 2, 0, 0, 0, 0, 0, 0, 0, 0, 1, 1, 0, 0, 0, 0, 1, 1, 2, 2, 1, 0], "final": {"social_welfare": [0.975, 0.4916666666666667, 0.925, 0.775205578035705], "degree_of_intergration": [0.975, 0.875], "number_of_colorful_edges": 0.925}, "steps": 10, "final_world": [0, 2, 1, 0, 2, 0, 1, 0, 2, 1, 2, 1, 2, 1, 0, 1, 0, 1, 0, 2, 0, 1, 2, 1, 2, 1, 0, 2, 0, 1, 2, 0, 0, 0, 1, 1, 0, 2, 1, 0]}, "5": {"init": {"social_welfare": [0.45, 0.1583333333333333, 0.2375, 0.27123656982142036], "degree_of_intergration": [0.45, 0.025], "number_of_colorful_edges": 0.2375}, "init_world": [0, 0, 0, 1, 1, 0, 0, 1, 1, 1, 1, 1, 2, 2, 2, 2, 2, 2, 2, 2, 2, 1, 1, 1, 2, 2, 2, 2, 0, 0, 0, 0, 0, 0, 0, 0, 0, 1, 2, 2], "final": {"social_welfare": [0.975, 0.43333333333333346, 0.925, 0.7015971067857016], "degree_of_intergration": [0.975, 0.875], "number_of_colorful_edges": 0.925}, "steps": 8, "final_world": [1, 2, 0, 2, 1, 0, 0, 1, 0, 1, 2, 1, 2, 1, 2, 1, 2, 0, 2, 0, 2, 1, 2, 1, 2, 0, 1, 2, 0, 2, 0, 2, 0, 2, 0, 0, 0, 1, 0, 2]}, "6": {"init": {"social_welfare": [0.45, 0.15833333333333327, 0.2375, 0.27123656982142036], "degree_of_intergration": [0.45, 0.025], "number_of_colorful_edges": 0.2375}, "init_world": [1, 1, 2, 2, 2, 2, 2, 2, 2, 2, 2, 2, 1, 1, 1, 0, 0, 0, 2, 2, 1, 0, 0, 0, 0, 0, 0, 0, 2, 2, 2, 1, 1, 0, 0, 0, 0, 0, 0, 0], "final": {"social_welfare": [0.9, 0.39166666666666683, 0.8875, 0.6371126026785592], "degree_of_intergration": [0.9, 0.875], "number_of_colorful_edges": 0.8875}, "steps": 8, "final_world": [0, 1, 2, 1, 2, 0, 2, 0, 2, 0, 1, 2, 1, 2, 1, 0, 2, 0, 2, 0, 1, 0, 2, 0, 2, 0, 2, 0, 2, 0, 2, 1, 2, 1, 2, 0, 0, 0, 0, 0]}, "7": {"init": {"social_welfare": [0.475, 0.15833333333333327, 0.2375, 0.2752055780357051], "degree_of_intergration": [0.475, 0.0], "number_of_colorful_edges": 0.2375}, "init_world": [0, 0, 2, 2, 2, 2, 2, 2, 1, 1, 1, 1, 2, 2, 2, 1, 1, 1, 1, 1, 2, 2, 0, 0, 1, 1, 1, 1, 1, 1, 1, 2, 2, 0, 0, 0, 0, 0, 0, 0], "final": {"social_welfare": [1.0, 0.4750000000000001, 0.975, 0.7581435944642745], "degree_of_intergration": [1.0, 0.95], "number_of_colorful_edges": 0.975}, "steps": 9, "final_world": [1, 0, 2, 1, 2, 1, 0, 2, 1, 2, 0, 1, 2, 1, 2, 1, 2, 1, 2, 1, 0, 2, 0, 2, 1, 0, 1, 0, 1, 0, 1, 2, 2, 0, 1, 0, 1, 0, 1, 2]}, "8": {"init": {"social_welfare": [0.525, 0.17499999999999993, 0.2625, 0.30417458624998983], "degree_of_intergration": [0.525, 0.0], "number_of_colorful_edges": 0.2625}, "init_world": [1, 1, 1, 1, 0, 0, 2, 2, 2, 1, 1, 1, 2, 2, 1, 1, 1, 1, 0, 0, 0, 0, 0, 1, 1, 0, 0, 0, 0, 0, 0, 2, 2, 2, 2, 2, 2, 2, 1, 1], "final": {"social_welfare": [0.975, 0.5083333333333332, 0.9375, 0.7962365698214203], "degree_of_intergration": [0.975, 0.9], "number_of_colorful_edges": 0.9375}, "steps": 9, "final_world": [2, 1, 0, 1, 2, 0, 2, 1, 2, 1, 0, 1, 0, 2, 1, 0, 2, 1, 0, 1, 0, 1, 0, 2, 1, 0, 1, 0, 2, 1, 0, 2, 0, 1, 2, 2, 2, 1, 0, 1]}, "9": {"init": {"social_welfare": [0.725, 0.25833333333333325, 0.3875, 0.44108161089284403], "degree_of_intergration": [0.725, 0.05], "number_of_colorful_edges": 0.3875}, "init_world": [2, 2, 2, 2, 2, 1, 1, 0, 0, 2, 2, 0, 0, 0, 0, 1, 1, 1, 1, 1, 2, 2, 1, 1, 0, 0, 1, 1, 0, 0, 0, 1, 1, 1, 2, 2, 0, 1, 2, 2], "final": {"social_welfare": [0.975, 0.5083333333333331, 0.925, 0.7962365698214202], "degree_of_intergration": [0.975, 0.875], "number_of_colorful_edges": 0.925}, "steps": 8, "final_world": [0, 2, 1, 0, 2, 0, 1, 2, 0, 1, 2, 0, 2, 1, 0, 1, 2, 1, 0, 1, 0, 2, 1, 2, 0, 2, 1, 2, 0, 1, 0, 1, 1, 1, 2, 1, 0, 1, 2, 2]}}