{"0": {"init": {"social_welfare": [0.575, 0.19999999999999993, 0.3, 0.3436590903571322], "degree_of_intergration": [0.575, 0.025], "number_of_colorful_edges": 0.3}, "init_world": [0, 0, 1, 1, 1, 0, 0, 0, 0, 1, 1, 0, 0, 1, 1, 2, 2, 2, 2, 2, 2, 1, 1, 1, 1, 1, 1, 1, 0, 0, 0, 0, 0, 1, 1, 1, 1, 2, 0, 0], "final": {"social_welfare": [1.0, 0.3500000000000001, 0.8, 0.6004111560714102], "degree_of_intergration": [1.0, 0.6], "number_of_colorful_edges": 0.8}, "steps": 5, "final_world": [0, 0, 1, 0, 1, 0, 1, 0, 0, 1, 1, 0, 0, 1, 1, 2, 1, 2, 1, 2, 2, 1, 2, 1, 2, 1, 0, 1, 0, 1, 0, 1, 0, 1, 0, 1, 1, 2, 0, 0]}, "1": {"init": {"social_welfare": [0.4, 0.1333333333333333, 0.2, 0.23175206571427798], "degree_of_intergration": [0.4, 0.0], "number_of_colorful_edges": 0.2}, "init_world": [2, 2, 2, 2, 2, 2, 2, 2, 2, 0, 0, 0, 2, 2, 0, 0, 0, 2, 2, 0, 0, 0, 1, 1, 1, 1, 1, 1, 0, 0, 0, 0, 0, 2, 2, 2, 2, 2, 2, 2], "final": {"social_welfare": [0.9, 0.34166666666666673, 0.775, 0.5740196273214135], "degree_of_intergration": [0.9, 0.65], "number_of_colorful_edges": 0.775}, "steps": 6, "final_world": [0, 2, 0, 2, 0, 2, 1, 2, 2, 0, 2, 0, 2, 2, 0, 2, 0, 2, 2, 0, 2, 0, 1, 2, 1, 0, 1, 1, 0, 1, 0, 2, 0, 2, 0, 2, 2, 2, 2, 2]}, "2": {"init": {"social_welfare": [0.7, 0.24166666666666664, 0.3625, 0.4160816108928441], "degree_of_intergration": [0.7, 0.025], "number_of_colorful_edges": 0.3625}, "init_world": [0, 0, 1, 1, 1, 1, 2, 2, 2, 0, 0, 0, 2, 2, 2, 1, 1, 2, 2, 2, 0, 0, 2, 2, 2, 1, 1, 1, 0, 0, 2, 1, 1, 1, 1, 2, 2, 0, 0, 0], "final": {"social_welfare": [0.95, 0.3750000000000001, 0.7625, 0.6240196273214135], "degree_of_intergration": [0.95, 0.575], "number_of_colorful_edges": 0.7625}, "steps": 4, "final_world": [0, 0, 1, 2, 1, 1, 2, 1, 2, 0, 2, 0, 2, 0, 2, 1, 1, 2, 1, 2, 0, 0, 2, 1, 2, 1, 2, 1, 0, 0, 2, 1, 2, 1, 1, 2, 2, 0, 0, 0]}, "3": {"init": {"social_welfare": [0.475, 0.15833333333333327, 0.2375, 0.2752055780357051], "degree_of_intergration": [0.475, 0.0], "number_of_colorful_edges": 0.2375}, "init_world": [1, 1, 0, 0, 0, 0, 0, 2, 2, 2, 2, 2, 0, 0, 1, 1, 1, 1, 2, 2, 2, 2, 1, 1, 1, 0, 0, 0, 0, 0, 0, 0, 2, 2, 2, 2, 1, 1, 1, 1], "final": {"social_welfare": [1.0, 0.3916666666666667, 0.85, 0.6529886355356982], "degree_of_intergration": [1.0, 0.7], "number_of_colorful_edges": 0.85}, "steps": 6, "final_world": [1, 1, 0, 2, 0, 2, 0, 2, 0, 2, 0, 2, 0, 0, 1, 2, 1, 1, 2, 1, 2, 2, 1, 0, 1, 0, 1, 0, 2, 0, 1, 0, 2, 0, 2, 2, 1, 0, 1, 1]}, "4": {"init": {"social_welfare": [0.7, 0.24166666666666664, 0.3625, 0.4160816108928441], "degree_of_intergration": [0.7, 0.025], "number_of_colorful_edges": 0.3625}, "init_world": [2, 2, 2, 1, 1, 0, 0, 0, 2, 2, 1, 1, 1, 2, 2, 1, 1, 1, 1, 1, 1, 2, 2, 2, 0, 0, 1, 1, 1, 0, 0, 0, 2, 2, 2, 0, 1, 1, 2, 2], "final": {"social_welfare": [0.975, 0.3916666666666667, 0.75, 0.6490196273214135], "degree_of_intergration": [0.975, 0.525], "number_of_colorful_edges": 0.75}, "steps": 4, "final_world": [0, 2, 2, 1, 1, 0, 2, 0, 2, 2, 1, 2, 1, 2, 2, 1, 0, 1, 2, 1, 1, 2, 1, 2, 0, 0, 1, 1, 1, 0, 1, 0, 2, 1, 2, 0, 1, 1, 2, 2]}, "5": {"init": {"social_welfare": [0.425, 0.14166666666666664, 0.2125, 0.24623656982142034], "degree_of_intergration": [0.425, 0.0], "number_of_colorful_edges": 0.2125}, "init_world": [2, 2, 0, 0, 0, 0, 0, 0, 0, 0, 2, 2, 2, 2, 1, 1, 2, 2, 1, 1, 1, 1, 1, 1, 1, 0, 0, 0, 0, 0, 2, 2, 2, 2, 2, 1, 1, 1, 1, 1], "final": {"social_welfare": [0.95, 0.35000000000000014, 0.8125, 0.5924731396428407], "degree_of_intergration": [0.95, 0.675], "number_of_colorful_edges": 0.8125}, "steps": 6, "final_world": [2, 2, 0, 2, 0, 1, 0, 1, 0, 0, 2, 0, 2, 2, 1, 1, 2, 2, 1, 0, 1, 0, 1, 0, 1, 0, 1, 0, 2, 0, 2, 0, 2, 1, 2, 1, 2, 1, 1, 1]}, "6": {"init": {"social_welfare": [0.475, 0.16666666666666663, 0.25, 0.2857210739285627], "degree_of_intergration": [0.475, 0.025], "number_of_colorful_edges": 0.25}, "init_world": [2, 2, 2, 2, 2, 2, 2, 0, 0, 0, 1, 1, 1, 0, 0, 1, 1, 1, 1, 1, 2, 2, 2, 2, 2, 1, 1, 0, 0, 0, 1, 1, 1, 1, 1, 1, 2, 0, 0, 0], "final": {"social_welfare": [0.95, 0.4166666666666667, 0.8375, 0.6765971067857016], "degree_of_intergration": [0.95, 0.725], "number_of_colorful_edges": 0.8375}, "steps": 6, "final_world": [0, 2, 1, 2, 1, 2, 2, 0, 2, 0, 1, 2, 1, 0, 0, 1, 2, 1, 2, 1, 2, 1, 2, 0, 2, 1, 1, 0, 2, 0, 1, 0, 1, 1, 1, 1, 2, 0, 1, 0]}, "7": {"init": {"social_welfare": [0.525, 0.1833333333333333, 0.275, 0.31469008214284744], "degree_of_intergration": [0.525, 0.025], "number_of_colorful_edges": 0.275}, "init_world": [2, 2, 2, 2, 0, 0, 0, 2, 2, 0, 0, 0, 2, 2, 0, 0, 2, 1, 1, 1, 1, 1, 2, 2, 2, 0, 0, 0, 1, 1, 1, 2, 2, 2, 2, 2, 2, 2, 2, 2], "final": {"social_welfare": [0.85, 0.33333333333333337, 0.75, 0.5555661149999864], "degree_of_intergration": [0.85, 0.65], "number_of_colorful_edges": 0.75}, "steps": 5, "final_world": [0, 2, 0, 2, 0, 2, 0, 2, 2, 0, 2, 0, 2, 2, 0, 0, 2, 1, 2, 1, 0, 1, 2, 1, 2, 0, 1, 0, 1, 2, 1, 2, 1, 2, 2, 2, 2, 2, 2, 2]}, "8": {"init": {"social_welfare": [0.5, 0.17499999999999996, 0.2625, 0.3002055780357051], "degree_of_intergration": [0.5, 0.025], "number_of_colorful_edges": 0.2625}, "init_world": [0, 0, 0, 0, 2, 2, 2, 1, 1, 1, 1, 1, 1, 1, 1, 1, 1, 1, 0, 0, 0, 0, 2, 2, 2, 2, 2, 0, 0, 0, 0, 2, 2, 1, 1, 2, 0, 0, 1, 1], "final": {"social_welfare": [1.0, 0.425, 0.85, 0.6950506191071287], "degree_of_intergration": [1.0, 0.7], "number_of_colorful_edges": 0.85}, "steps": 6, "final_world": [2, 0, 1, 0, 2, 0, 2, 1, 0, 1, 0, 1, 2, 1, 2, 1, 0, 1, 0, 1, 0, 0, 2, 1, 2, 1, 2, 0, 1, 0, 0, 2, 2, 1, 1, 2, 0, 0, 1, 1]}, "9": {"init": {"social_welfare": [0.475, 0.16666666666666663, 0.25, 0.2857210739285627], "degree_of_intergration": [0.475, 0.025], "number_of_colorful_edges": 0.25}, "init_world": [2, 2, 2, 2, 2, 0, 0, 0, 0, 0, 1, 1, 1, 1, 1, 1, 1, 1, 0, 0, 0, 0, 0, 0, 1, 1, 2, 2, 2, 2, 1, 1, 2, 2, 1, 1, 2, 0, 0, 0], "final": {"social_welfare": [0.95, 0.3416666666666668, 0.725, 0.581957643749983], "degree_of_intergration": [0.95, 0.5], "number_of_colorful_edges": 0.725}, "steps": 5, "final_world": [0, 2, 0, 2, 2, 0, 2, 0, 2, 0, 1, 0, 1, 0, 1, 2, 1, 1, 0, 1, 0, 1, 0, 0, 1, 1, 2, 1, 2, 2, 1, 1, 2, 2, 1, 1, 2, 0, 0, 0]}}