{"0": {"init": {"social_welfare": [0.65, 0.21666666666666662, 0.325, 0.3765971067857017], "degree_of_intergration": [0.65, 0.0], "number_of_colorful_edges": 0.325}, "init_world": [0, 0, 0, 0, 0, 1, 1, 2, 2, 2, 2, 1, 1, 2, 2, 0, 0, 1, 1, 0, 0, 0, 1, 1, 0, 0, 1, 1, 2, 2, 2, 2, 1, 1, 1, 1, 1, 2, 2, 2], "final": {"social_welfare": [1.0, 0.5333333333333333, 0.9875, 0.831752065714278], "degree_of_intergration": [1.0, 0.975], "number_of_colorful_edges": 0.9875}, "steps": 10, "final_world": [1, 0, 2, 1, 0, 2, 1, 2, 0, 1, 2, 0, 1, 0, 2, 1, 0, 2, 1, 0, 1, 0, 1, 0, 2, 0, 2, 1, 2, 0, 1, 2, 1, 0, 1, 2, 1, 2, 1, 2]}, "1": {"init": {"social_welfare": [0.475, 0.16666666666666663, 0.25, 0.2857210739285627], "degree_of_intergration": [0.475, 0.025], "number_of_colorful_edges": 0.25}, "init_world": [1, 1, 1, 2, 2, 2, 2, 0, 0, 0, 1, 1, 1, 1, 1, 2, 2, 2, 2, 2, 2, 2, 2, 2, 2, 0, 0, 0, 1, 1, 1, 1, 2, 2, 1, 1, 2, 0, 0, 0], "final": {"social_welfare": [1.0, 0.44166666666666676, 0.925, 0.7160816108928441], "degree_of_intergration": [1.0, 0.85], "number_of_colorful_edges": 0.925}, "steps": 8, "final_world": [2, 0, 1, 2, 1, 2, 2, 0, 1, 0, 1, 0, 1, 2, 1, 2, 1, 2, 0, 2, 1, 2, 0, 2, 2, 0, 2, 0, 1, 2, 1, 2, 1, 2, 1, 1, 2, 0, 2, 1]}, "2": {"init": {"social_welfare": [0.375, 0.12499999999999997, 0.1875, 0.21726756160713562], "degree_of_intergration": [0.375, 0.0], "number_of_colorful_edges": 0.1875}, "init_world": [2, 2, 2, 2, 2, 2, 1, 1, 1, 2, 2, 0, 0, 0, 0, 0, 0, 0, 0, 0, 0, 0, 0, 0, 2, 2, 1, 1, 1, 1, 1, 2, 2, 2, 2, 2, 2, 2, 0, 0], "final": {"social_welfare": [1.0, 0.4000000000000001, 0.925, 0.6635041314285559], "degree_of_intergration": [1.0, 0.85], "number_of_colorful_edges": 0.925}, "steps": 8, "final_world": [1, 2, 0, 2, 0, 2, 1, 2, 1, 2, 2, 0, 2, 0, 2, 0, 1, 0, 1, 0, 2, 0, 2, 0, 2, 2, 1, 0, 1, 0, 1, 2, 0, 2, 0, 2, 0, 2, 2, 0]}, "3": {"init": {"social_welfare": [0.425, 0.14999999999999997, 0.225, 0.25675206571427794], "degree_of_intergration": [0.425, 0.025], "number_of_colorful_edges": 0.225}, "init_world": [2, 2, 2, 2, 0, 0, 0, 0, 0, 0, 1, 1, 1, 1, 1, 1, 1, 2, 0, 0, 1, 1, 1, 1, 0, 0, 0, 0, 2, 2, 2, 1, 1, 1, 1, 1, 2, 2, 2, 2], "final": {"social_welfare": [1.0, 0.45000000000000007, 0.975, 0.7265971067857017], "degree_of_intergration": [1.0, 0.95], "number_of_colorful_edges": 0.975}, "steps": 9, "final_world": [1, 2, 0, 2, 0, 2, 0, 2, 1, 0, 1, 0, 1, 2, 1, 2, 1, 2, 1, 0, 1, 0, 1, 1, 0, 1, 2, 0, 2, 1, 2, 1, 0, 1, 0, 1, 2, 1, 0, 2]}, "4": {"init": {"social_welfare": [0.525, 0.1833333333333333, 0.275, 0.31469008214284744], "degree_of_intergration": [0.525, 0.025], "number_of_colorful_edges": 0.275}, "init_world": [0, 0, 0, 0, 0, 1, 1, 1, 1, 1, 2, 2, 2, 2, 2, 2, 2, 0, 0, 1, 1, 1, 0, 0, 0, 0, 1, 1, 2, 2, 2, 2, 0, 1, 1, 2, 2, 1, 1, 1], "final": {"social_welfare": [1.0, 0.4999999999999997, 0.9625, 0.7896900821428474], "degree_of_intergration": [1.0, 0.925], "number_of_colorful_edges": 0.9625}, "steps": 9, "final_world": [2, 0, 1, 2, 0, 1, 0, 1, 0, 1, 2, 1, 2, 0, 2, 1, 2, 1, 0, 1, 2, 1, 0, 2, 1, 0, 1, 0, 2, 1, 0, 2, 0, 1, 0, 2, 2, 1, 2, 1]}, "5": {"init": {"social_welfare": [0.3, 0.1, 0.15, 0.17381404928570848], "degree_of_intergration": [0.3, 0.0], "number_of_colorful_edges": 0.15}, "init_world": [0, 0, 0, 0, 0, 2, 2, 2, 2, 2, 1, 1, 1, 1, 1, 1, 1, 1, 1, 2, 2, 2, 0, 0, 0, 0, 0, 2, 2, 2, 0, 0, 0, 0, 0, 0, 0, 0, 0, 0], "final": {"social_welfare": [0.825, 0.3416666666666667, 0.7625, 0.5621126026785592], "degree_of_intergration": [0.825, 0.7], "number_of_colorful_edges": 0.7625}, "steps": 7, "final_world": [0, 0, 2, 0, 0, 2, 0, 2, 0, 2, 1, 2, 1, 0, 1, 0, 1, 2, 1, 2, 1, 2, 0, 1, 0, 1, 0, 2, 1, 2, 0, 2, 0, 0, 0, 0, 0, 0, 0, 0]}, "6": {"init": {"social_welfare": [0.525, 0.17499999999999993, 0.2625, 0.30417458624998983], "degree_of_intergration": [0.525, 0.0], "number_of_colorful_edges": 0.2625}, "init_world": [2, 2, 2, 2, 2, 2, 0, 0, 0, 0, 1, 1, 0, 0, 1, 1, 1, 1, 1, 0, 0, 0, 0, 1, 1, 0, 0, 0, 0, 2, 2, 2, 2, 1, 1, 1, 1, 1, 2, 2], "final": {"social_welfare": [1.0, 0.4833333333333334, 0.975, 0.7686590903571321], "degree_of_intergration": [1.0, 0.95], "number_of_colorful_edges": 0.975}, "steps": 9, "final_world": [0, 2, 1, 2, 1, 2, 0, 2, 1, 0, 2, 1, 2, 0, 1, 2, 1, 2, 1, 0, 2, 0, 1, 0, 1, 0, 1, 0, 0, 2, 0, 1, 2, 1, 0, 1, 0, 1, 0, 2]}, "7": {"init": {"social_welfare": [0.575, 0.19999999999999993, 0.3, 0.3436590903571322], "degree_of_intergration": [0.575, 0.025], "number_of_colorful_edges": 0.3}, "init_world": [2, 2, 2, 1, 1, 2, 2, 2, 1, 1, 0, 0, 0, 0, 2, 2, 2, 0, 0, 0, 1, 1, 1, 1, 2, 2, 2, 2, 2, 2, 0, 0, 0, 2, 1, 1, 0, 0, 0, 0], "final": {"social_welfare": [1.0, 0.5583333333333333, 1.0, 0.8632985533928508], "degree_of_intergration": [1.0, 1.0], "number_of_colorful_edges": 1.0}, "steps": 9, "final_world": [0, 1, 2, 0, 1, 2, 0, 2, 1, 2, 0, 2, 1, 0, 2, 1, 2, 0, 2, 0, 1, 2, 0, 1, 2, 0, 2, 0, 1, 2, 0, 2, 0, 2, 1, 2, 0, 2, 1, 0]}, "8": {"init": {"social_welfare": [0.675, 0.22499999999999995, 0.3375, 0.39108161089284404], "degree_of_intergration": [0.675, 0.0], "number_of_colorful_edges": 0.3375}, "init_world": [2, 2, 2, 0, 0, 0, 1, 1, 2, 2, 2, 0, 0, 2, 2, 0, 0, 0, 0, 2, 2, 0, 0, 0, 1, 1, 1, 2, 2, 2, 1, 1, 1, 1, 2, 2, 2, 2, 0, 0], "final": {"social_welfare": [1.0, 0.425, 0.9375, 0.6950506191071287], "degree_of_intergration": [1.0, 0.875], "number_of_colorful_edges": 0.9375}, "steps": 8, "final_world": [0, 2, 2, 0, 2, 0, 2, 1, 2, 0, 2, 1, 0, 2, 2, 0, 2, 0, 2, 0, 2, 0, 1, 0, 1, 0, 1, 2, 1, 2, 1, 2, 0, 1, 2, 1, 2, 0, 2, 0]}, "9": {"init": {"social_welfare": [0.55, 0.1916666666666666, 0.2875, 0.32917458624998985], "degree_of_intergration": [0.55, 0.025], "number_of_colorful_edges": 0.28750000000000003}, "init_world": [0, 0, 0, 1, 1, 1, 0, 0, 0, 0, 0, 1, 1, 2, 2, 0, 0, 1, 1, 1, 1, 1, 1, 1, 1, 0, 0, 0, 2, 2, 2, 2, 2, 2, 1, 0, 0, 0, 2, 2], "final": {"social_welfare": [1.0, 0.4666666666666669, 1.0, 0.7476280985714168], "degree_of_intergration": [1.0, 1.0], "number_of_colorful_edges": 1.0}, "steps": 9, "final_world": [1, 2, 0, 1, 0, 1, 0, 1, 0, 1, 0, 2, 1, 2, 1, 2, 0, 1, 0, 1, 0, 1, 0, 2, 1, 0, 1, 0, 2, 0, 2, 0, 2, 0, 1, 0, 2, 0, 1, 2]}}