{"0": {"init": {"social_welfare": [0.4875, 0.1833333333333334, 0.19166666666666676, 0.27966671109377667], "degree_of_intergration": [0.4875, 0.0875, 0.0], "number_of_colorful_edges": 0.19166666666666668}, "init_world": [[2, 0, 0, 0, 0, 1, 1, 1, 1, 1, 1, 1, 1, 0, 0, 0, 1, 2, 2, 1, 1, 0, 2, 2, 2, 1, 0, 0, 0, 0, 0, 0, 0, 0, 0, 2, 2, 2, 2, 2], [2, 0, 0, 0, 0, 1, 1, 1, 1, 1, 1, 1, 1, 1, 1, 1, 1, 2, 2, 1, 1, 0, 2, 2, 2, 1, 0, 0, 0, 0, 0, 0, 0, 0, 0, 2, 2, 2, 2, 2]], "final": {"social_welfare": [1.0, 0.39583333333333287, 0.6916666666666671, 0.6156605139509427], "degree_of_intergration": [1.0, 0.6875, 0.3875], "number_of_colorful_edges": 0.6916666666666667}, "steps": 10, "final_world": [[2, 0, 1, 0, 0, 1, 0, 1, 2, 1, 0, 1, 1, 0, 0, 0, 1, 2, 2, 1, 1, 0, 2, 1, 2, 1, 0, 1, 0, 2, 0, 2, 0, 1, 0, 2, 0, 2, 0, 2], [2, 0, 0, 1, 0, 1, 1, 0, 1, 0, 1, 0, 1, 1, 1, 1, 1, 2, 2, 1, 1, 0, 2, 2, 2, 1, 0, 0, 1, 0, 2, 0, 2, 0, 0, 2, 2, 0, 2, 0]]}, "1": {"init": {"social_welfare": [0.5375, 0.18750000000000008, 0.2083333333333334, 0.29194137549110083], "degree_of_intergration": [0.5375, 0.075, 0.0125], "number_of_colorful_edges": 0.20833333333333331}, "init_world": [[0, 0, 0, 0, 0, 0, 2, 2, 2, 0, 0, 1, 1, 1, 1, 1, 0, 0, 0, 0, 0, 2, 2, 1, 1, 1, 1, 2, 2, 2, 1, 1, 2, 2, 2, 1, 1, 1, 0, 0], [0, 0, 0, 0, 0, 1, 2, 2, 2, 0, 0, 1, 1, 1, 1, 1, 0, 0, 0, 0, 2, 2, 2, 1, 1, 1, 1, 2, 2, 2, 2, 2, 2, 2, 2, 1, 1, 1, 0, 0]], "final": {"social_welfare": [0.9875, 0.39999999999999974, 0.7083333333333337, 0.6245907824330834], "degree_of_intergration": [0.9875, 0.725, 0.4125], "number_of_colorful_edges": 0.7083333333333334}, "steps": 10, "final_world": [[2, 0, 1, 0, 1, 0, 2, 0, 2, 0, 0, 1, 0, 1, 0, 1, 0, 1, 0, 2, 0, 2, 2, 1, 0, 1, 1, 2, 0, 2, 1, 1, 2, 1, 2, 1, 2, 1, 0, 0], [0, 1, 0, 2, 0, 1, 2, 2, 2, 0, 0, 1, 1, 0, 1, 1, 0, 0, 1, 0, 2, 0, 2, 1, 1, 0, 1, 2, 2, 0, 2, 2, 2, 2, 2, 1, 1, 1, 0, 2]]}, "2": {"init": {"social_welfare": [0.5, 0.1833333333333334, 0.1833333333333334, 0.27765650973217115], "degree_of_intergration": [0.5, 0.05, 0.0], "number_of_colorful_edges": 0.18333333333333332}, "init_world": [[2, 2, 2, 1, 1, 1, 0, 0, 2, 2, 0, 0, 1, 1, 1, 1, 1, 2, 2, 2, 2, 1, 0, 0, 0, 0, 0, 0, 0, 0, 1, 1, 1, 1, 0, 2, 2, 2, 2, 2], [2, 2, 2, 1, 1, 1, 0, 0, 2, 2, 0, 0, 1, 1, 1, 1, 1, 2, 2, 2, 2, 1, 0, 0, 0, 0, 0, 0, 0, 0, 1, 1, 1, 1, 0, 2, 2, 2, 2, 2]], "final": {"social_welfare": [0.975, 0.4166666666666665, 0.6333333333333334, 0.6349323372321912], "degree_of_intergration": [0.975, 0.6375, 0.2875], "number_of_colorful_edges": 0.6333333333333333}, "steps": 9, "final_world": [[1, 2, 2, 1, 2, 1, 0, 0, 2, 2, 0, 0, 1, 2, 1, 0, 1, 2, 1, 2, 2, 1, 0, 1, 0, 1, 0, 2, 0, 0, 1, 0, 1, 1, 0, 2, 0, 2, 1, 2], [2, 0, 2, 1, 1, 1, 0, 0, 2, 2, 0, 0, 1, 1, 2, 1, 1, 2, 2, 0, 2, 1, 0, 0, 2, 0, 2, 0, 1, 0, 1, 1, 0, 1, 0, 2, 2, 2, 2, 2]]}, "3": {"init": {"social_welfare": [0.85, 0.3041666666666665, 0.32499999999999984, 0.4696809166741538], "degree_of_intergration": [0.85, 0.125, 0.0], "number_of_colorful_edges": 0.325}, "init_world": [[2, 0, 1, 1, 1, 0, 0, 0, 0, 1, 1, 2, 2, 2, 1, 0, 0, 2, 2, 1, 1, 1, 1, 2, 2, 0, 0, 2, 2, 0, 0, 2, 2, 1, 1, 2, 2, 2, 2, 2], [0, 0, 0, 0, 0, 0, 0, 0, 0, 1, 1, 2, 2, 2, 1, 0, 0, 2, 2, 1, 1, 1, 1, 2, 2, 0, 0, 2, 2, 0, 0, 2, 2, 1, 1, 2, 1, 1, 1, 1]], "final": {"social_welfare": [0.9875, 0.37499999999999967, 0.475, 0.5786052454688021], "degree_of_intergration": [0.9875, 0.325, 0.1125], "number_of_colorful_edges": 0.475}, "steps": 3, "final_world": [[2, 0, 1, 1, 1, 0, 2, 0, 0, 1, 1, 2, 0, 2, 1, 0, 0, 2, 2, 1, 0, 1, 1, 2, 2, 0, 0, 2, 2, 0, 0, 2, 2, 1, 1, 2, 2, 2, 2, 2], [0, 1, 0, 0, 0, 1, 0, 0, 0, 1, 1, 2, 2, 2, 1, 0, 0, 2, 2, 1, 1, 0, 1, 2, 2, 0, 0, 2, 2, 0, 0, 2, 2, 1, 1, 2, 1, 1, 1, 1]]}, "4": {"init": {"social_welfare": [0.65, 0.2374999999999999, 0.27499999999999997, 0.3732625275669979], "degree_of_intergration": [0.65, 0.175, 0.0], "number_of_colorful_edges": 0.275}, "init_world": [[0, 0, 0, 1, 1, 1, 1, 1, 1, 1, 0, 0, 0, 2, 2, 2, 2, 2, 1, 0, 1, 1, 2, 1, 1, 1, 2, 1, 1, 1, 2, 2, 0, 0, 0, 0, 0, 2, 2, 0], [0, 0, 0, 1, 1, 1, 1, 1, 1, 1, 0, 0, 0, 2, 2, 2, 2, 2, 1, 0, 0, 0, 2, 1, 1, 1, 2, 1, 1, 1, 2, 2, 0, 0, 2, 2, 0, 0, 0, 0]], "final": {"social_welfare": [0.9875, 0.3958333333333329, 0.6250000000000003, 0.6236242276339753], "degree_of_intergration": [0.9875, 0.6625, 0.225], "number_of_colorful_edges": 0.625}, "steps": 7, "final_world": [[1, 0, 0, 1, 0, 1, 0, 1, 2, 1, 0, 1, 0, 2, 1, 2, 1, 2, 1, 0, 1, 1, 2, 1, 2, 1, 2, 1, 0, 1, 2, 2, 0, 1, 0, 0, 0, 2, 2, 0], [0, 1, 0, 1, 1, 0, 1, 2, 1, 1, 0, 0, 0, 2, 2, 1, 2, 2, 1, 0, 0, 0, 2, 1, 1, 1, 2, 1, 1, 1, 2, 2, 0, 0, 2, 2, 0, 0, 0, 0]]}, "5": {"init": {"social_welfare": [0.5, 0.18750000000000006, 0.20000000000000004, 0.2875533330134199], "degree_of_intergration": [0.5, 0.1, 0.0], "number_of_colorful_edges": 0.2}, "init_world": [[0, 0, 1, 1, 1, 1, 2, 2, 1, 1, 0, 0, 2, 2, 1, 1, 1, 0, 0, 0, 0, 0, 0, 0, 0, 0, 0, 0, 0, 0, 0, 1, 1, 2, 2, 2, 2, 2, 1, 0], [0, 0, 1, 1, 1, 1, 2, 2, 1, 1, 0, 0, 0, 0, 1, 1, 1, 0, 0, 0, 0, 0, 0, 0, 0, 0, 0, 0, 0, 0, 0, 1, 2, 2, 2, 2, 2, 2, 1, 0]], "final": {"social_welfare": [0.9125, 0.35833333333333306, 0.5500000000000003, 0.5555442947545105], "degree_of_intergration": [0.9125, 0.5125, 0.225], "number_of_colorful_edges": 0.55}, "steps": 7, "final_world": [[1, 0, 1, 0, 1, 1, 2, 2, 1, 1, 0, 0, 2, 2, 1, 0, 1, 0, 1, 0, 2, 0, 2, 0, 1, 0, 2, 0, 2, 0, 0, 1, 1, 2, 0, 2, 0, 2, 1, 0], [0, 0, 1, 1, 0, 1, 2, 2, 1, 1, 0, 0, 0, 0, 1, 1, 1, 0, 0, 0, 0, 0, 0, 0, 0, 0, 0, 0, 0, 0, 0, 1, 2, 0, 2, 0, 2, 2, 1, 0]]}, "6": {"init": {"social_welfare": [0.8125, 0.29166666666666635, 0.3249999999999997, 0.4549513193973648], "degree_of_intergration": [0.8125, 0.1625, 0.0], "number_of_colorful_edges": 0.325}, "init_world": [[0, 0, 2, 2, 2, 2, 2, 0, 0, 1, 1, 1, 1, 2, 2, 1, 1, 2, 2, 2, 0, 0, 0, 1, 1, 0, 0, 1, 1, 1, 0, 0, 0, 1, 1, 1, 1, 1, 0, 0], [0, 0, 2, 2, 1, 1, 2, 0, 0, 1, 1, 1, 1, 2, 2, 1, 1, 2, 2, 2, 0, 0, 0, 0, 0, 0, 0, 0, 0, 0, 0, 2, 2, 2, 2, 2, 2, 2, 2, 0]], "final": {"social_welfare": [0.9625, 0.37499999999999967, 0.4750000000000002, 0.5811372701116564], "degree_of_intergration": [0.9625, 0.3875, 0.075], "number_of_colorful_edges": 0.475}, "steps": 3, "final_world": [[2, 0, 2, 0, 2, 2, 2, 0, 0, 1, 2, 1, 1, 2, 2, 1, 1, 2, 1, 2, 0, 1, 0, 1, 1, 0, 0, 1, 1, 1, 0, 0, 0, 1, 1, 1, 1, 1, 0, 0], [0, 0, 2, 2, 1, 1, 2, 0, 0, 1, 1, 0, 1, 2, 2, 1, 1, 2, 2, 2, 0, 0, 0, 0, 0, 0, 0, 0, 0, 0, 0, 2, 2, 2, 2, 2, 2, 2, 2, 0]]}, "7": {"init": {"social_welfare": [0.6625, 0.2333333333333333, 0.2416666666666666, 0.35837874676343007], "degree_of_intergration": [0.6625, 0.0625, 0.0], "number_of_colorful_edges": 0.24166666666666667}, "init_world": [[2, 2, 0, 0, 0, 2, 2, 2, 1, 1, 1, 1, 0, 0, 0, 0, 0, 2, 1, 1, 1, 0, 0, 0, 1, 1, 0, 0, 2, 2, 2, 2, 2, 2, 0, 0, 2, 2, 2, 2], [1, 2, 0, 0, 0, 2, 2, 2, 1, 1, 1, 1, 0, 0, 0, 0, 0, 2, 1, 1, 1, 0, 0, 0, 1, 1, 0, 0, 2, 2, 2, 2, 2, 2, 0, 0, 2, 2, 1, 1]], "final": {"social_welfare": [0.975, 0.39999999999999974, 0.541666666666667, 0.6102288249107642], "degree_of_intergration": [0.975, 0.4875, 0.1625], "number_of_colorful_edges": 0.5416666666666666}, "steps": 6, "final_world": [[2, 2, 0, 2, 0, 2, 0, 2, 1, 0, 1, 1, 0, 1, 0, 1, 0, 2, 1, 0, 1, 0, 2, 0, 1, 1, 0, 0, 2, 0, 2, 1, 2, 2, 0, 0, 2, 0, 2, 2], [1, 2, 0, 0, 0, 2, 2, 2, 1, 1, 2, 1, 0, 0, 2, 0, 0, 2, 1, 1, 1, 0, 0, 0, 1, 1, 0, 0, 2, 2, 2, 2, 2, 2, 0, 0, 2, 2, 1, 1]]}, "8": {"init": {"social_welfare": [0.5125, 0.17500000000000007, 0.1916666666666667, 0.2737131987723495], "degree_of_intergration": [0.5125, 0.0625, 0.0], "number_of_colorful_edges": 0.19166666666666668}, "init_world": [[0, 0, 0, 0, 0, 0, 0, 0, 0, 1, 1, 1, 0, 0, 1, 1, 1, 1, 2, 2, 2, 2, 1, 1, 1, 1, 1, 1, 0, 0, 1, 1, 2, 2, 2, 2, 2, 2, 2, 2], [0, 0, 0, 0, 0, 0, 2, 2, 0, 1, 1, 1, 0, 0, 1, 1, 1, 2, 2, 2, 2, 2, 1, 1, 1, 1, 1, 1, 0, 0, 1, 1, 2, 2, 2, 2, 2, 2, 2, 2]], "final": {"social_welfare": [0.975, 0.3749999999999997, 0.6416666666666668, 0.5850805810714779], "degree_of_intergration": [0.975, 0.6, 0.35], "number_of_colorful_edges": 0.6416666666666667},