{"0": {"init": {"social_welfare": [0.55, 0.18333333333333326, 0.275, 0.3186590903571322], "degree_of_intergration": [0.55, 0.0], "number_of_colorful_edges": 0.275}, "init_world": [2, 2, 2, 2, 1, 1, 1, 0, 0, 2, 2, 2, 0, 0, 0, 2, 2, 2, 2, 1, 1, 1, 2, 2, 0, 0, 0, 0, 0, 1, 1, 1, 1, 2, 2, 0, 0, 0, 0, 0], "final": {"social_welfare": [1.0, 0.45833333333333337, 1.0, 0.7371126026785593], "degree_of_intergration": [1.0, 1.0], "number_of_colorful_edges": 1.0}, "steps": 11, "final_world": [1, 2, 0, 2, 0, 2, 0, 2, 0, 2, 1, 2, 0, 2, 0, 2, 1, 0, 2, 1, 2, 1, 0, 2, 0, 2, 0, 1, 0, 1, 0, 1, 0, 1, 2, 0, 2, 0, 2, 1]}, "1": {"init": {"social_welfare": [0.6, 0.1999999999999999, 0.3, 0.34762809857141697], "degree_of_intergration": [0.6, 0.0], "number_of_colorful_edges": 0.3}, "init_world": [0, 0, 2, 2, 2, 2, 2, 2, 2, 2, 0, 0, 2, 2, 1, 1, 1, 1, 0, 0, 0, 0, 1, 1, 2, 2, 0, 0, 0, 0, 1, 1, 1, 1, 1, 2, 2, 2, 0, 0], "final": {"social_welfare": [1.0, 0.4833333333333332, 1.0, 0.7686590903571322], "degree_of_intergration": [1.0, 1.0], "number_of_colorful_edges": 1.0}, "steps": 13, "final_world": [1, 0, 2, 0, 2, 0, 2, 0, 2, 0, 2, 0, 2, 0, 2, 1, 2, 1, 0, 1, 2, 0, 2, 1, 0, 2, 0, 1, 2, 0, 1, 2, 1, 0, 1, 2, 1, 2, 1, 0]}, "2": {"init": {"social_welfare": [0.525, 0.17499999999999993, 0.2625, 0.30417458624998983], "degree_of_intergration": [0.525, 0.0], "number_of_colorful_edges": 0.2625}, "init_world": [1, 1, 1, 1, 1, 1, 1, 1, 0, 0, 0, 0, 0, 2, 2, 2, 0, 0, 0, 2, 2, 2, 2, 0, 0, 0, 2, 2, 2, 1, 1, 1, 2, 2, 2, 2, 1, 1, 0, 0], "final": {"social_welfare": [1.0, 0.475, 1.0, 0.7581435944642745], "degree_of_intergration": [1.0, 1.0], "number_of_colorful_edges": 1.0}, "steps": 9, "final_world": [2, 1, 0, 1, 2, 1, 0, 1, 0, 1, 0, 1, 0, 2, 1, 2, 0, 1, 0, 2, 0, 1, 2, 0, 2, 0, 2, 1, 2, 1, 2, 1, 2, 0, 2, 0, 2, 1, 2, 0]}, "3": {"init": {"social_welfare": [0.5, 0.17499999999999993, 0.2625, 0.300205578035705], "degree_of_intergration": [0.5, 0.025], "number_of_colorful_edges": 0.2625}, "init_world": [2, 2, 0, 1, 1, 1, 0, 0, 1, 1, 2, 2, 0, 0, 0, 0, 0, 0, 2, 2, 1, 1, 1, 1, 1, 1, 1, 1, 2, 2, 2, 2, 2, 0, 0, 0, 0, 0, 0, 0], "final": {"social_welfare": [1.0, 0.5083333333333333, 1.0, 0.8002055780357049], "degree_of_intergration": [1.0, 1.0], "number_of_colorful_edges": 1.0}, "steps": 11, "final_world": [1, 2, 0, 1, 0, 1, 0, 2, 0, 1, 0, 2, 0, 1, 0, 1, 0, 1, 0, 2, 1, 0, 1, 2, 0, 2, 0, 1, 2, 0, 2, 1, 2, 0, 2, 0, 1, 0, 2, 1]}, "4": {"init": {"social_welfare": [0.6, 0.1999999999999999, 0.3, 0.34762809857141697], "degree_of_intergration": [0.6, 0.0], "number_of_colorful_edges": 0.3}, "init_world": [2, 2, 1, 1, 1, 1, 1, 1, 1, 2, 2, 2, 0, 0, 0, 0, 0, 0, 2, 2, 2, 2, 2, 2, 0, 0, 1, 1, 1, 0, 0, 0, 2, 2, 0, 0, 2, 2, 1, 1], "final": {"social_welfare": [1.0, 0.4833333333333334, 1.0, 0.7686590903571322], "degree_of_intergration": [1.0, 1.0], "number_of_colorful_edges": 1.0}, "steps": 10, "final_world": [0, 2, 1, 2, 1, 0, 1, 0, 1, 2, 1, 2, 0, 1, 0, 1, 2, 0, 2, 1, 0, 2, 0, 2, 0, 2, 1, 2, 1, 0, 2, 0, 2, 1, 2, 0, 2, 0, 2, 1]}, "5": {"init": {"social_welfare": [0.575, 0.1916666666666666, 0.2875, 0.33314359446427455], "degree_of_intergration": [0.575, 0.0], "number_of_colorful_edges": 0.2875}, "init_world": [0, 0, 0, 0, 0, 0, 2, 2, 2, 1, 1, 1, 1, 0, 0, 1, 1, 1, 2, 2, 0, 0, 0, 1, 1, 2, 2, 0, 0, 0, 0, 0, 2, 2, 2, 2, 2, 2, 1, 1], "final": {"social_welfare": [1.0, 0.4916666666666668, 1.0, 0.7791745862499898], "degree_of_intergration": [1.0, 1.0], "number_of_colorful_edges": 1.0}, "steps": 11, "final_world": [2, 0, 1, 2, 1, 0, 2, 0, 2, 1, 2, 0, 2, 1, 0, 1, 0, 1, 0, 2, 0, 2, 0, 1, 0, 1, 2, 0, 2, 0, 1, 0, 2, 0, 2, 0, 1, 0, 2, 1]}, "6": {"init": {"social_welfare": [0.6, 0.1999999999999999, 0.3, 0.34762809857141697], "degree_of_intergration": [0.6, 0.0], "number_of_colorful_edges": 0.3}, "init_world": [1, 1, 1, 2, 2, 1, 1, 2, 2, 1, 1, 2, 2, 2, 2, 1, 1, 1, 0, 0, 0, 0, 0, 0, 0, 0, 1, 1, 2, 2, 2, 0, 0, 1, 1, 1, 1, 0, 0, 0], "final": {"social_welfare": [1.0, 0.5000000000000001, 0.975, 0.7896900821428474], "degree_of_intergration": [1.0, 0.95], "number_of_colorful_edges": 0.975}, "steps": 12, "final_world": [2, 0, 1, 0, 2, 1, 2, 1, 2, 0, 1, 2, 0, 1, 2, 1, 0, 1, 0, 1, 0, 1, 0, 1, 2, 0, 2, 1, 2, 0, 2, 1, 0, 1, 0, 2, 1, 0, 1, 1]}, "7": {"init": {"social_welfare": [0.325, 0.11666666666666665, 0.175, 0.19881404928570845], "degree_of_intergration": [0.325, 0.025], "number_of_colorful_edges": 0.17500000000000002}, "init_world": [1, 1, 1, 1, 1, 2, 0, 0, 0, 0, 0, 0, 0, 0, 0, 0, 0, 0, 2, 2, 2, 2, 2, 2, 2, 2, 2, 2, 1, 1, 2, 2, 2, 1, 1, 1, 2, 2, 2, 2], "final": {"social_welfare": [1.0, 0.4666666666666668, 1.0, 0.7476280985714169], "degree_of_intergration": [1.0, 1.0], "number_of_colorful_edges": 1.0}, "steps": 12, "final_world": [2, 1, 0, 2, 1, 2, 0, 2, 0, 1, 0, 2, 0, 2, 0, 1, 2, 0, 2, 0, 2, 0, 2, 0, 2, 1, 2, 1, 2, 1, 2, 0, 2, 1, 2, 1, 2, 1, 0, 2]}, "8": {"init": {"social_welfare": [0.35, 0.11666666666666665, 0.175, 0.20278305749999323], "degree_of_intergration": [0.35, 0.0], "number_of_colorful_edges": 0.175}, "init_world": [1, 1, 1, 0, 0, 0, 0, 0, 0, 0, 0, 1, 1, 1, 1, 1, 1, 1, 1, 1, 2, 2, 0, 0, 0, 0, 0, 2, 2, 1, 1, 1, 1, 2, 2, 2, 2, 2, 2, 2], "final": {"social_welfare": [1.0, 0.45833333333333337, 1.0, 0.7371126026785593], "degree_of_intergration": [1.0, 1.0], "number_of_colorful_edges": 1.0}, "steps": 12, "final_world": [0, 2, 1, 2, 1, 2, 1, 0, 1, 2, 0, 2, 0, 1, 0, 1, 0, 1, 0, 1, 0, 2, 0, 1, 0, 1, 0, 1, 2, 1, 0, 2, 1, 2, 1, 2, 1, 2, 0, 1]}, "9": {"init": {"social_welfare": [0.775, 0.26666666666666666, 0.4, 0.45953512321427115], "degree_of_intergration": [0.775, 0.025], "number_of_colorful_edges": 0.4}, "init_world": [2, 2, 0, 0, 2, 2, 2, 1, 1, 1, 0, 0, 2, 2, 0, 0, 0, 0, 1, 1, 1, 2, 2, 2, 0, 0, 0, 2, 2, 0, 0, 1, 1, 1, 1, 2, 0, 0, 2, 2], "final": {"social_welfare": [1.0, 0.5416666666666666, 1.0, 0.8422675616071356], "degree_of_intergration": [1.0, 1.0], "number_of_colorful_edges": 1.0}, "steps": 12, "final_world": [0, 2, 1, 0, 2, 0, 2, 1, 0, 2, 1, 0, 1, 2, 0, 1, 2, 0, 2, 0, 1, 2, 0, 2, 0, 2, 1, 0, 2, 0, 2, 0, 2, 0, 1, 2, 1, 0, 1, 2]}}