{"0": {"init": {"social_welfare": [0.35, 0.11666666666666665, 0.175, 0.20278305749999323], "degree_of_intergration": [0.35, 0.0], "number_of_colorful_edges": 0.175}, "init_world": [2, 2, 2, 1, 1, 1, 0, 0, 2, 2, 2, 2, 2, 2, 2, 2, 2, 2, 2, 1, 1, 1, 0, 0, 0, 0, 0, 0, 2, 2, 2, 2, 2, 2, 2, 2, 0, 0, 0, 0], "final": {"social_welfare": [0.95, 0.3666666666666668, 0.85, 0.6135041314285559], "degree_of_intergration": [0.95, 0.75], "number_of_colorful_edges": 0.85}, "steps": 8, "final_world": [1, 2, 2, 1, 2, 1, 2, 0, 2, 1, 2, 0, 2, 0, 2, 0, 2, 0, 2, 1, 2, 1, 0, 2, 0, 2, 2, 0, 2, 0, 2, 0, 2, 2, 2, 2, 0, 2, 2, 0]}, "1": {"init": {"social_welfare": [0.6, 0.1999999999999999, 0.3, 0.34762809857141697], "degree_of_intergration": [0.6, 0.0], "number_of_colorful_edges": 0.3}, "init_world": [2, 2, 2, 0, 0, 2, 2, 2, 1, 1, 1, 1, 1, 2, 2, 0, 0, 0, 0, 2, 2, 2, 2, 0, 0, 1, 1, 1, 1, 1, 2, 2, 2, 0, 0, 1, 1, 2, 2, 2], "final": {"social_welfare": [1.0, 0.4416666666666667, 0.9875, 0.7160816108928441], "degree_of_intergration": [1.0, 0.975], "number_of_colorful_edges": 0.9875}, "steps": 16, "final_world": [1, 2, 0, 2, 0, 2, 0, 2, 0, 2, 1, 2, 1, 0, 2, 0, 2, 1, 0, 2, 0, 1, 2, 1, 2, 1, 2, 1, 2, 1, 2, 1, 2, 1, 0, 2, 0, 2, 1, 2]}, "2": {"init": {"social_welfare": [0.45, 0.14999999999999997, 0.225, 0.2607210739285627], "degree_of_intergration": [0.45, 0.0], "number_of_colorful_edges": 0.225}, "init_world": [2, 2, 2, 2, 2, 2, 1, 1, 1, 1, 0, 0, 0, 0, 1, 1, 1, 2, 2, 0, 0, 1, 1, 1, 0, 0, 0, 0, 0, 0, 0, 1, 1, 0, 0, 0, 0, 0, 0, 0], "final": {"social_welfare": [1.0, 0.425, 0.9375, 0.6950506191071287], "degree_of_intergration": [1.0, 0.875], "number_of_colorful_edges": 0.9375}, "steps": 10, "final_world": [1, 2, 0, 1, 0, 2, 0, 2, 0, 1, 0, 2, 0, 0, 1, 0, 1, 0, 2, 0, 0, 1, 0, 1, 0, 1, 0, 1, 0, 1, 0, 2, 1, 0, 1, 0, 2, 0, 2, 0]}, "3": {"init": {"social_welfare": [0.6, 0.21666666666666662, 0.325, 0.3686590903571322], "degree_of_intergration": [0.6, 0.05], "number_of_colorful_edges": 0.325}, "init_world": [1, 1, 1, 2, 2, 2, 0, 0, 0, 2, 2, 2, 1, 1, 0, 0, 0, 0, 0, 0, 1, 1, 1, 0, 0, 0, 2, 2, 2, 2, 0, 1, 1, 2, 2, 0, 1, 1, 1, 1], "final": {"social_welfare": [1.0, 0.5000000000000001, 1.0, 0.7896900821428474], "degree_of_intergration": [1.0, 1.0], "number_of_colorful_edges": 1.0}, "steps": 13, "final_world": [2, 1, 0, 2, 1, 2, 1, 2, 1, 2, 0, 2, 0, 1, 0, 1, 0, 2, 0, 2, 1, 0, 1, 0, 1, 0, 2, 0, 1, 2, 0, 1, 0, 1, 2, 0, 1, 0, 2, 1]}, "4": {"init": {"social_welfare": [0.55, 0.1916666666666666, 0.2875, 0.32917458624998985], "degree_of_intergration": [0.55, 0.025], "number_of_colorful_edges": 0.28750000000000003}, "init_world": [2, 2, 2, 0, 0, 0, 0, 1, 1, 0, 0, 0, 2, 1, 1, 1, 0, 0, 0, 2, 2, 2, 2, 2, 1, 1, 1, 1, 1, 1, 1, 0, 0, 2, 2, 2, 2, 2, 1, 1], "final": {"social_welfare": [1.0, 0.4750000000000002, 1.0, 0.7581435944642745], "degree_of_intergration": [1.0, 1.0], "number_of_colorful_edges": 1.0}, "steps": 11, "final_world": [0, 2, 1, 0, 1, 2, 0, 2, 1, 0, 1, 0, 2, 1, 0, 1, 0, 2, 0, 2, 0, 2, 0, 2, 1, 2, 1, 2, 1, 2, 1, 0, 1, 2, 1, 2, 1, 2, 0, 1]}, "5": {"init": {"social_welfare": [0.575, 0.1916666666666666, 0.2875, 0.33314359446427455], "degree_of_intergration": [0.575, 0.0], "number_of_colorful_edges": 0.2875}, "init_world": [1, 1, 2, 2, 2, 2, 2, 2, 0, 0, 0, 0, 0, 0, 1, 1, 1, 0, 0, 0, 0, 2, 2, 2, 2, 1, 1, 1, 2, 2, 1, 1, 1, 2, 2, 0, 0, 1, 1, 1], "final": {"social_welfare": [1.0, 0.5083333333333333, 1.0, 0.800205578035705], "degree_of_intergration": [1.0, 1.0], "number_of_colorful_edges": 1.0}, "steps": 19, "final_world": [0, 1, 2, 1, 2, 1, 2, 1, 2, 1, 0, 1, 2, 0, 2, 0, 1, 0, 1, 2, 0, 2, 1, 0, 2, 1, 2, 1, 0, 2, 1, 0, 1, 0, 2, 0, 2, 1, 0, 2]}, "6": {"init": {"social_welfare": [0.4, 0.1333333333333333, 0.2, 0.23175206571427798], "degree_of_intergration": [0.4, 0.0], "number_of_colorful_edges": 0.2}, "init_world": [0, 0, 0, 0, 0, 0, 0, 2, 2, 2, 2, 2, 2, 1, 1, 1, 1, 0, 0, 0, 0, 1, 1, 2, 2, 2, 2, 2, 0, 0, 1, 1, 1, 1, 2, 2, 2, 2, 2, 2], "final": {"social_welfare": [1.0, 0.5166666666666666, 0.975, 0.8107210739285626], "degree_of_intergration": [1.0, 0.95], "number_of_colorful_edges": 0.975}, "steps": 15, "final_world": [1, 0, 2, 0, 1, 2, 0, 2, 0, 2, 0, 1, 2, 1, 0, 2, 1, 0, 2, 1, 0, 2, 0, 2, 0, 2, 1, 2, 0, 2, 1, 2, 0, 1, 2, 1, 2, 0, 2, 2]}, "7": {"init": {"social_welfare": [0.425, 0.14999999999999997, 0.225, 0.256752065714278], "degree_of_intergration": [0.425, 0.025], "number_of_colorful_edges": 0.225}, "init_world": [0, 0, 0, 0, 0, 0, 0, 0, 2, 2, 2, 2, 2, 1, 1, 1, 1, 1, 1, 1, 2, 2, 2, 0, 0, 0, 0, 2, 2, 2, 1, 1, 1, 1, 2, 2, 1, 0, 0, 0], "final": {"social_welfare": [1.0, 0.5166666666666668, 1.0, 0.8107210739285626], "degree_of_intergration": [1.0, 1.0], "number_of_colorful_edges": 1.0}, "steps": 13, "final_world": [2, 0, 1, 0, 1, 0, 1, 0, 2, 0, 2, 0, 2, 1, 0, 1, 0, 1, 2, 0, 2, 1, 2, 0, 2, 1, 0, 2, 0, 2, 1, 0, 2, 1, 0, 2, 1, 0, 1, 2]}, "8": {"init": {"social_welfare": [0.65, 0.21666666666666662, 0.325, 0.3765971067857017], "degree_of_intergration": [0.65, 0.0], "number_of_colorful_edges": 0.325}, "init_world": [0, 0, 0, 2, 2, 2, 1, 1, 1, 2, 2, 0, 0, 0, 2, 2, 2, 2, 2, 0, 0, 1, 1, 1, 1, 2, 2, 1, 1, 1, 0, 0, 2, 2, 2, 1, 1, 2, 2, 2], "final": {"social_welfare": [1.0, 0.4500000000000002, 1.0, 0.7265971067857017], "degree_of_intergration": [1.0, 1.0], "number_of_colorful_edges": 1.0}, "steps": 18, "final_world": [1, 2, 0, 2, 0, 2, 1, 2, 1, 0, 2, 0, 2, 0, 2, 1, 2, 1, 2, 1, 2, 1, 2, 0, 2, 0, 2, 1, 2, 1, 2, 1, 2, 0, 2, 0, 1, 2, 0, 1]}, "9": {"init": {"social_welfare": [0.425, 0.14999999999999997, 0.225, 0.25675206571427794], "degree_of_intergration": [0.425, 0.025], "number_of_colorful_edges": 0.225}, "init_world": [2, 2, 2, 2, 0, 0, 0, 0, 0, 0, 0, 0, 1, 1, 1, 1, 2, 2, 2, 2, 0, 0, 0, 2, 2, 1, 1, 2, 0, 0, 1, 1, 1, 1, 1, 1, 1, 1, 1, 1], "final": {"social_welfare": [1.0, 0.4666666666666667, 1.0, 0.7476280985714169], "degree_of_intergration": [1.0, 1.0], "number_of_colorful_edges": 1.0}, "steps": 18, "final_world": [0, 2, 1, 2, 1, 2, 1, 2, 1, 2, 1, 0, 2, 0, 1, 0, 1, 0, 1, 2, 0, 2, 0, 1, 2, 0, 1, 2, 1, 0, 1, 0, 1, 0, 1, 0, 1, 0, 2, 1]}}