{"0": {"init": {"social_welfare": [0.6375, 0.25000000000000006, 0.2666666666666667, 0.38114914948664114], "degree_of_intergration": [0.6375, 0.1625, 0.0], "number_of_colorful_edges": 0.26666666666666666}, "init_world": [[0, 1, 1, 1, 1, 1, 1, 2, 0, 0, 0, 0, 2, 2, 2, 2, 2, 2, 1, 1, 1, 1, 2, 2, 1, 1, 0, 0, 2, 2, 2, 2, 2, 2, 0, 0, 0, 1, 2, 2], [0, 1, 1, 1, 1, 1, 1, 2, 2, 2, 2, 2, 2, 2, 2, 2, 2, 2, 1, 1, 1, 1, 2, 2, 1, 1, 2, 2, 2, 2, 2, 2, 1, 1, 0, 0, 0, 1, 2, 2]], "final": {"social_welfare": [1.0, 0.41249999999999964, 0.6750000000000002, 0.6433407824330832], "degree_of_intergration": [1.0, 0.7125, 0.3125], "number_of_colorful_edges": 0.675}, "steps": 10, "final_world": [[2, 2, 2, 1, 2, 2, 1, 2, 0, 0, 0, 0, 2, 1, 2, 1, 2, 2, 1, 2, 1, 1, 2, 2, 1, 1, 0, 0, 2, 1, 2, 0, 2, 2, 0, 2, 0, 1, 2, 1], [0, 1, 1, 2, 1, 2, 1, 2, 2, 2, 2, 2, 1, 2, 1, 2, 1, 2, 1, 1, 2, 1, 2, 2, 1, 1, 2, 2, 0, 2, 1, 2, 1, 1, 0, 0, 0, 1, 2, 2]]}, "1": {"init": {"social_welfare": [0.4375, 0.16666666666666669, 0.17500000000000002, 0.25407373573663083], "degree_of_intergration": [0.4375, 0.0875, 0.0], "number_of_colorful_edges": 0.175}, "init_world": [[0, 0, 0, 0, 1, 1, 1, 1, 1, 2, 2, 2, 1, 1, 1, 1, 2, 2, 2, 2, 2, 2, 2, 1, 1, 2, 0, 0, 0, 0, 0, 0, 0, 0, 2, 1, 1, 0, 0, 0], [0, 0, 0, 0, 1, 1, 1, 1, 1, 2, 2, 2, 1, 1, 1, 1, 2, 2, 2, 2, 2, 2, 2, 1, 1, 2, 0, 0, 0, 0, 0, 0, 0, 0, 2, 1, 0, 0, 0, 0]], "final": {"social_welfare": [1.0, 0.4166666666666665, 0.7416666666666665, 0.6398422029911208], "degree_of_intergration": [1.0, 0.7875, 0.4375], "number_of_colorful_edges": 0.7416666666666667}, "steps": 13, "final_world": [[1, 0, 1, 0, 0, 0, 1, 0, 0, 0, 1, 2, 1, 2, 1, 1, 2, 0, 2, 0, 2, 0, 2, 1, 1, 2, 0, 2, 0, 2, 0, 2, 0, 0, 2, 1, 1, 0, 1, 0], [0, 1, 0, 0, 1, 1, 0, 1, 1, 2, 2, 2, 1, 1, 0, 1, 2, 2, 0, 2, 0, 2, 2, 1, 1, 2, 0, 0, 2, 0, 2, 0, 1, 0, 2, 1, 0, 1, 0, 2]]}, "2": {"init": {"social_welfare": [0.725, 0.26666666666666666, 0.26666666666666666, 0.4036882769196839], "degree_of_intergration": [0.725, 0.075, 0.0], "number_of_colorful_edges": 0.26666666666666666}, "init_world": [[1, 1, 1, 2, 2, 2, 0, 0, 1, 1, 1, 1, 0, 0, 0, 2, 2, 2, 1, 1, 1, 1, 1, 0, 0, 0, 0, 1, 1, 2, 2, 2, 2, 1, 1, 1, 2, 2, 0, 0], [1, 1, 1, 2, 2, 2, 0, 0, 1, 1, 1, 1, 0, 0, 0, 2, 2, 2, 0, 0, 0, 2, 2, 0, 0, 0, 0, 1, 1, 2, 2, 2, 2, 1, 1, 1, 2, 2, 0, 0]], "final": {"social_welfare": [1.0, 0.39166666666666633, 0.5416666666666665, 0.6117172029911211], "degree_of_intergration": [1.0, 0.5, 0.125], "number_of_colorful_edges": 0.5416666666666666}, "steps": 6, "final_world": [[2, 2, 1, 2, 1, 2, 0, 0, 1, 0, 1, 1, 0, 1, 0, 2, 0, 2, 1, 1, 1, 1, 1, 0, 2, 0, 0, 1, 1, 2, 1, 2, 2, 1, 2, 1, 2, 2, 0, 0], [1, 1, 1, 2, 2, 2, 0, 0, 1, 1, 0, 1, 0, 0, 0, 2, 2, 2, 0, 0, 0, 2, 2, 0, 0, 1, 0, 1, 1, 2, 2, 1, 2, 1, 1, 1, 2, 2, 0, 0]]}, "3": {"init": {"social_welfare": [0.4875, 0.1708333333333334, 0.1916666666666667, 0.26634840013395505], "degree_of_intergration": [0.4875, 0.075, 0.0125], "number_of_colorful_edges": 0.19166666666666668}, "init_world": [[0, 0, 1, 1, 1, 1, 2, 2, 0, 0, 0, 0, 0, 0, 0, 0, 0, 0, 2, 2, 2, 2, 2, 2, 0, 0, 2, 2, 2, 2, 1, 1, 1, 1, 1, 1, 1, 1, 1, 1], [0, 0, 1, 1, 1, 1, 2, 2, 0, 0, 0, 0, 0, 0, 0, 0, 0, 1, 2, 2, 2, 2, 2, 0, 0, 0, 2, 2, 2, 2, 1, 1, 1, 1, 1, 1, 2, 2, 1, 1]], "final": {"social_welfare": [1.0, 0.4333333333333333, 0.7249999999999999, 0.6645457153125478], "degree_of_intergration": [1.0, 0.7625, 0.4125], "number_of_colorful_edges": 0.725}, "steps": 11, "final_world": [[1, 0, 1, 0, 1, 1, 2, 2, 0, 1, 0, 2, 0, 2, 0, 2, 0, 0, 2, 0, 2, 0, 2, 2, 0, 0, 2, 0, 2, 2, 1, 0, 1, 0, 1, 0, 1, 1, 2, 1], [0, 0, 1, 1, 0, 1, 2, 2, 0, 0, 1, 0, 1, 0, 1, 0, 0, 1, 2, 2, 1, 2, 2, 0, 1, 0, 2, 2, 1, 2, 1, 1, 2, 1, 0, 1, 2, 2, 1, 1]]}, "4": {"init": {"social_welfare": [0.4875, 0.1750000000000001, 0.19166666666666674, 0.27178008917413343], "degree_of_intergration": [0.4875, 0.0875, 0.0], "number_of_colorful_edges": 0.19166666666666668}, "init_world": [[2, 2, 2, 2, 0, 1, 1, 1, 1, 1, 1, 2, 2, 2, 2, 2, 2, 2, 2, 0, 0, 0, 0, 0, 0, 0, 1, 1, 1, 0, 0, 1, 1, 1, 1, 0, 0, 0, 0, 0], [2, 2, 2, 2, 0, 0, 1, 1, 1, 1, 1, 2, 2, 2, 2, 2, 2, 2, 2, 0, 0, 0, 0, 0, 0, 0, 1, 1, 1, 0, 0, 1, 1, 1, 2, 2, 2, 0, 0, 0]], "final": {"social_welfare": [1.0, 0.40416666666666623, 0.7333333333333335, 0.629500648192013], "degree_of_intergration": [1.0, 0.7625, 0.4375], "number_of_colorful_edges": 0.7333333333333333}, "steps": 12, "final_world": [[0, 0, 2, 2, 0, 1, 2, 1, 2, 1, 1, 2, 1, 2, 0, 2, 0, 2, 2, 0, 2, 0, 2, 0, 1, 0, 1, 0, 1, 0, 0, 1, 0, 1, 1, 0, 0, 1, 0, 1], [2, 2, 1, 2, 0, 0, 1, 2, 1, 2, 1, 2, 2, 1, 2, 0, 2, 0, 2, 0, 0, 2, 0, 2, 0, 0, 1, 1, 1, 0, 0, 1, 1, 1, 2, 2, 2, 0, 2, 0]]}, "5": {"init": {"social_welfare": [0.5125, 0.17916666666666675, 0.1916666666666667, 0.27765650973217115], "degree_of_intergration": [0.5125, 0.0625, 0.0], "number_of_colorful_edges": 0.19166666666666668}, "init_world": [[0, 0, 2, 2, 2, 2, 2, 2, 2, 0, 0, 0, 1, 1, 1, 1, 1, 1, 0, 0, 0, 0, 0, 1, 1, 1, 1, 1, 1, 1, 0, 0, 2, 2, 2, 2, 1, 1, 1, 1], [0, 0, 2, 2, 2, 2, 2, 2, 2, 0, 0, 0, 2, 2, 2, 1, 1, 0, 0, 0, 0, 0, 0, 1, 1, 1, 1, 1, 1, 1, 0, 0, 2, 2, 2, 2, 1, 1, 1, 1]], "final": {"social_welfare": [1.0, 0.40416666666666623, 0.6916666666666668, 0.6295006481920129], "degree_of_intergration": [1.0, 0.7, 0.375], "number_of_colorful_edges": 0.6916666666666667}, "steps": 10, "final_world": [[0, 0, 2, 0, 2, 1, 2, 0, 2, 0, 2, 0, 1, 1, 1, 2, 1, 1, 0, 2, 0, 1, 0, 1, 0, 1, 2, 1, 2, 1, 0, 0, 2, 1, 2, 2, 1, 2, 1, 1], [0, 0, 2, 2, 1, 2, 1, 2, 2, 0, 0, 0, 2, 2, 2, 1, 1, 0, 1, 0, 1, 0, 0, 1, 1, 0, 1, 0, 1, 1, 0, 0, 2, 2, 1, 2, 1, 1, 2, 1]]}, "6": {"init": {"social_welfare": [0.5875, 0.20416666666666675, 0.21666666666666665, 0.314557594687533], "degree_of_intergration": [0.5875, 0.05, 0.0125], "number_of_colorful_edges": 0.21666666666666667}, "init_world": [[0, 0, 0, 0, 0, 0, 2, 2, 2, 2, 2, 2, 2, 2, 2, 0, 0, 1, 1, 1, 1, 0, 0, 0, 1, 2, 2, 2, 2, 1, 1, 0, 0, 2, 2, 1, 1, 1, 1, 0], [0, 0, 0, 0, 0, 0, 2, 2, 2, 0, 0, 2, 2, 2, 2, 0, 0, 1, 1, 1, 1, 0, 0, 0, 2, 2, 2, 2, 2, 1, 1, 0, 0, 2, 2, 1, 1, 1, 1, 0]], "final": {"social_welfare": [1.0, 0.37499999999999967, 0.6250000000000001, 0.5944555810714778], "degree_of_intergration": [1.0, 0.5875, 0.2875], "number_of_colorful_edges": 0.625}, "steps": 9, "final_world": [[2, 0, 2, 2, 2, 0, 2, 0, 2, 2, 2, 0, 2, 0, 2, 0, 0, 1, 0, 1, 1, 0, 1, 0, 1, 2, 1, 2, 2, 1, 1, 0, 0, 2, 2, 1, 2, 1, 1, 0], [0, 2, 0, 1, 0, 0, 2, 2, 2, 0, 0, 2, 0, 2, 2, 0, 0, 1, 1, 0, 1, 0, 0, 0, 2, 1, 2, 0, 2, 1, 1, 0, 0, 2, 2, 1, 1, 2, 1, 0]]}, "7": {"init": {"social_welfare": [0.6375, 0.22083333333333335, 0.23333333333333334, 0.3416389481250356], "degree_of_intergration": [0.6375, 0.0625, 0.0], "number_of_colorful_edges": 0.23333333333333334}, "init_world": [[2, 2, 1, 1, 2, 2, 0, 0, 1, 1, 1, 1, 1, 2, 2, 0, 0, 1, 1, 2, 2, 2, 2, 2, 1, 1, 1, 1, 1, 0, 0, 0, 0, 1, 1, 1, 1, 2, 2, 2], [2, 2, 1, 1, 2, 2, 0, 0, 1, 1, 1, 1, 1, 2, 2, 0, 0, 1, 1, 2, 2, 2, 2, 2, 0, 0, 1, 1, 1, 0, 0, 0, 0, 1, 1, 1, 1, 1, 2, 2]], "final": {"social_welfare": [1.0, 0.358333333333333, 0.6166666666666668, 0.575705581071478], "degree_of_intergration": [1.0, 0.5875, 0.2625], "number_of_colorful_edges": 0.6166666666666667}, "steps": 8, "final_world": [[1, 2, 2, 1, 2, 2, 0, 0, 1, 2, 1, 2, 1, 2, 2, 0, 0, 1, 1, 2, 1, 2, 1, 2, 1, 1, 2, 1, 1, 0, 1, 0, 0, 1, 0, 1, 1, 2, 1, 2], [2, 2, 1, 1, 2, 2, 0, 0, 1, 1, 2, 1, 1, 2, 2, 0, 0, 1, 1, 2, 2, 1, 2, 2, 0, 0, 1, 2, 1, 0, 0, 1, 0, 1, 1, 0, 1, 1, 2, 1]]}, "8": {"init": {"social_welfare": [0.5625, 0.2083333333333334, 0.21666666666666679, 0.31656779604913854], "degree_of_intergration": [0.5625, 0.075, 0.0125], "number_of_colorful_edges": 0.21666666666666665}, "init_world": [[0, 2, 2, 2, 2, 2, 2, 0, 0, 1, 1, 1, 1, 1, 1, 1, 0, 0, 0, 0, 1, 2, 2, 2, 0, 0, 0, 0, 1, 1, 2, 2, 2, 2, 0, 0, 0, 1, 0, 0], [0, 2, 2, 2, 2, 2, 2, 0, 0, 1, 1, 1, 1, 1, 1, 1, 0, 0, 0, 0, 1, 2, 2, 2, 0, 0, 0, 0, 1, 1, 2, 2, 2, 2, 0, 0, 2, 1, 0, 0]], "final": {"social_welfare": [1.0, 0.40416666666666634, 0.6666666666666667, 0.6324774043527265],