{"0": {"init": {"social_welfare": [0.5125, 0.19166666666666682, 0.20000000000000012, 0.29097482069199276], "degree_of_intergration": [0.5125, 0.075, 0.0125], "number_of_colorful_edges": 0.19999999999999993}, "init_world": [[2, 2, 2, 2, 2, 1, 1, 1, 1, 1, 1, 0, 0, 0, 0, 0, 0, 0, 0, 0, 1, 1, 2, 2, 2, 2, 1, 1, 2, 2, 2, 2, 2, 1, 0, 2, 1, 1, 1, 1], [2, 2, 2, 2, 2, 1, 1, 1, 1, 1, 1, 0, 0, 0, 0, 0, 0, 0, 0, 0, 1, 1, 2, 2, 2, 2, 1, 1, 2, 2, 2, 0, 0, 0, 0, 2, 1, 1, 1, 1]], "final": {"social_welfare": [1.0, 0.5166666666666668, 1.0, 0.7508538249107636], "degree_of_intergration": [1.0, 1.0, 1.0], "number_of_colorful_edges": 1.0}, "steps": 25, "final_world": [[2, 1, 2, 1, 2, 1, 2, 1, 2, 1, 2, 0, 1, 0, 2, 0, 1, 0, 2, 0, 2, 1, 2, 0, 2, 1, 2, 1, 2, 0, 2, 1, 2, 1, 0, 2, 1, 0, 1, 0], [0, 2, 0, 2, 1, 0, 1, 0, 1, 0, 1, 2, 0, 1, 0, 1, 0, 2, 0, 2, 1, 2, 1, 2, 0, 2, 1, 2, 1, 2, 1, 0, 1, 0, 2, 1, 0, 1, 2, 1]]}, "1": {"init": {"social_welfare": [0.45, 0.15000000000000005, 0.17500000000000004, 0.23926704669645246], "degree_of_intergration": [0.45, 0.075, 0.0], "number_of_colorful_edges": 0.175}, "init_world": [[0, 0, 0, 0, 0, 0, 0, 0, 1, 1, 1, 1, 2, 2, 1, 1, 1, 2, 2, 1, 1, 1, 1, 1, 0, 0, 0, 0, 2, 2, 2, 2, 2, 2, 2, 2, 1, 1, 1, 0], [0, 0, 0, 0, 0, 0, 0, 0, 1, 1, 1, 2, 2, 2, 1, 1, 1, 2, 2, 1, 1, 1, 1, 1, 0, 0, 0, 0, 0, 2, 2, 2, 2, 2, 2, 2, 1, 1, 1, 1]], "final": {"social_welfare": [1.0, 0.5458333333333334, 1.0, 0.7888756481920121], "degree_of_intergration": [1.0, 1.0, 1.0], "number_of_colorful_edges": 1.0}, "steps": 25, "final_world": [[1, 0, 1, 0, 1, 2, 1, 2, 1, 0, 2, 1, 2, 0, 1, 0, 1, 0, 2, 1, 0, 1, 0, 1, 0, 2, 0, 1, 2, 1, 2, 1, 2, 0, 2, 1, 0, 2, 1, 0], [0, 2, 0, 2, 0, 1, 0, 1, 0, 2, 1, 2, 0, 1, 2, 1, 0, 2, 1, 0, 1, 0, 1, 2, 1, 0, 1, 2, 0, 2, 0, 2, 1, 2, 1, 2, 1, 0, 2, 1]]}, "2": {"init": {"social_welfare": [0.5375, 0.1958333333333334, 0.22499999999999995, 0.30726988781252795], "degree_of_intergration": [0.5375, 0.1375, 0.0], "number_of_colorful_edges": 0.225}, "init_world": [[0, 0, 0, 1, 1, 1, 1, 1, 2, 2, 2, 2, 2, 2, 2, 0, 0, 0, 0, 0, 0, 1, 1, 1, 1, 1, 1, 2, 2, 2, 2, 1, 2, 2, 2, 0, 0, 0, 2, 0], [0, 0, 0, 1, 1, 1, 1, 1, 0, 0, 1, 1, 2, 2, 2, 0, 0, 0, 0, 0, 1, 1, 1, 1, 1, 1, 1, 2, 2, 2, 2, 1, 2, 2, 2, 0, 0, 0, 2, 0]], "final": {"social_welfare": [1.0, 0.47916666666666685, 0.9916666666666666, 0.7019686235491583], "degree_of_intergration": [1.0, 1.0, 0.975], "number_of_colorful_edges": 0.9916666666666667}, "steps": 26, "final_world": [[1, 0, 0, 2, 0, 1, 2, 1, 2, 0, 1, 2, 1, 2, 1, 0, 1, 0, 1, 2, 0, 1, 0, 1, 0, 1, 0, 2, 0, 2, 1, 2, 1, 0, 2, 0, 2, 0, 2, 0], [0, 2, 1, 0, 1, 2, 1, 2, 0, 2, 0, 1, 2, 1, 2, 1, 0, 1, 2, 0, 1, 0, 1, 2, 1, 0, 1, 0, 2, 1, 2, 1, 2, 1, 0, 2, 0, 2, 0, 2]]}, "3": {"init": {"social_welfare": [0.6, 0.20416666666666675, 0.22499999999999995, 0.31998928372771146], "degree_of_intergration": [0.6, 0.075, 0.0], "number_of_colorful_edges": 0.22499999999999998}, "init_world": [[2, 2, 0, 0, 0, 2, 2, 2, 2, 2, 0, 0, 0, 0, 2, 2, 0, 2, 2, 1, 1, 1, 1, 1, 1, 1, 1, 0, 0, 0, 1, 1, 1, 0, 0, 2, 2, 2, 2, 2], [2, 2, 0, 0, 0, 2, 2, 2, 2, 2, 0, 0, 0, 0, 2, 2, 0, 0, 2, 1, 1, 1, 1, 0, 0, 1, 1, 0, 0, 0, 1, 1, 1, 0, 0, 2, 2, 2, 2, 2]], "final": {"social_welfare": [1.0, 0.4458333333333332, 1.0, 0.6585151112277312], "degree_of_intergration": [1.0, 1.0, 1.0], "number_of_colorful_edges": 1.0}, "steps": 22, "final_world": [[0, 2, 0, 2, 0, 2, 0, 2, 1, 2, 0, 2, 0, 2, 0, 2, 0, 2, 0, 1, 0, 1, 0, 2, 1, 0, 1, 0, 1, 0, 1, 2, 1, 2, 0, 2, 1, 2, 1, 2], [2, 0, 2, 0, 2, 0, 2, 0, 2, 0, 2, 0, 2, 0, 2, 1, 2, 0, 1, 2, 1, 2, 1, 0, 2, 1, 0, 1, 0, 1, 0, 1, 2, 0, 2, 1, 2, 1, 2, 0]]}, "4": {"init": {"social_welfare": [0.6125, 0.22083333333333335, 0.22500000000000003, 0.3367290823661059], "degree_of_intergration": [0.6125, 0.0625, 0.0], "number_of_colorful_edges": 0.225}, "init_world": [[1, 1, 1, 2, 2, 0, 0, 2, 2, 1, 1, 1, 1, 2, 2, 1, 1, 1, 1, 0, 0, 0, 0, 0, 2, 1, 1, 0, 0, 0, 0, 0, 0, 2, 2, 2, 2, 2, 1, 1], [1, 1, 1, 2, 2, 0, 0, 2, 2, 1, 1, 1, 1, 2, 2, 1, 1, 1, 1, 0, 0, 0, 0, 0, 2, 1, 1, 2, 2, 0, 0, 0, 0, 2, 2, 2, 2, 2, 1, 1]], "final": {"social_welfare": [1.0, 0.5166666666666666, 1.0, 0.7508538249107636], "degree_of_intergration": [1.0, 1.0, 1.0], "number_of_colorful_edges": 1.0}, "steps": 24, "final_world": [[0, 1, 2, 1, 0, 1, 2, 0, 2, 1, 0, 1, 2, 1, 2, 1, 0, 2, 1, 0, 2, 0, 1, 0, 1, 0, 1, 2, 0, 1, 0, 2, 0, 2, 0, 2, 1, 2, 0, 1], [1, 2, 1, 2, 1, 2, 0, 2, 1, 2, 1, 0, 1, 2, 1, 0, 1, 0, 2, 1, 0, 1, 0, 1, 2, 1, 2, 0, 2, 0, 1, 0, 2, 1, 2, 1, 2, 0, 1, 2]]}, "5": {"init": {"social_welfare": [0.5, 0.17916666666666675, 0.1833333333333334, 0.2722248206919927], "degree_of_intergration": [0.5, 0.0375, 0.0125], "number_of_colorful_edges": 0.1833333333333333}, "init_world": [[2, 0, 0, 0, 0, 1, 1, 1, 1, 1, 1, 2, 2, 2, 2, 2, 0, 0, 0, 0, 2, 2, 2, 2, 2, 2, 2, 1, 1, 1, 2, 2, 1, 1, 0, 0, 0, 0, 0, 2], [1, 0, 0, 0, 0, 1, 1, 1, 1, 1, 1, 2, 2, 2, 2, 2, 0, 0, 0, 0, 2, 2, 2, 2, 2, 2, 2, 1, 1, 1, 2, 2, 1, 1, 0, 0, 0, 0, 0, 2]], "final": {"social_welfare": [1.0, 0.5208333333333334, 1.0, 0.756285513950942], "degree_of_intergration": [1.0, 1.0, 1.0], "number_of_colorful_edges": 1.0}, "steps": 26, "final_world": [[2, 0, 1, 0, 1, 2, 0, 1, 2, 1, 0, 2, 1, 2, 0, 2, 0, 2, 0, 1, 2, 1, 2, 0, 2, 0, 2, 1, 0, 1, 2, 1, 2, 1, 0, 2, 1, 0, 2, 0], [1, 2, 0, 1, 0, 1, 2, 0, 1, 2, 1, 0, 2, 1, 2, 0, 2, 0, 2, 0, 1, 2, 0, 2, 0, 2, 1, 2, 1, 2, 0, 2, 1, 0, 2, 0, 2, 1, 0, 2]]}, "6": {"init": {"social_welfare": [0.4875, 0.1833333333333334, 0.1916666666666667, 0.27966671109377667], "degree_of_intergration": [0.4875, 0.0875, 0.0], "number_of_colorful_edges": 0.19166666666666668}, "init_world": [[2, 0, 0, 0, 0, 1, 1, 1, 1, 1, 0, 0, 0, 0, 0, 2, 2, 0, 0, 0, 0, 1, 1, 1, 0, 2, 2, 2, 2, 1, 1, 1, 1, 1, 1, 1, 1, 2, 2, 2], [2, 0, 0, 0, 0, 1, 1, 1, 1, 1, 0, 0, 0, 0, 0, 2, 1, 1, 0, 0, 0, 1, 1, 1, 0, 2, 2, 2, 2, 1, 1, 1, 1, 1, 1, 1, 1, 2, 2, 2]], "final": {"social_welfare": [1.0, 0.4999999999999999, 1.0, 0.7291270687500501], "degree_of_intergration": [1.0, 1.0, 1.0], "number_of_colorful_edges": 1.0}, "steps": 25, "final_world": [[1, 0, 1, 0, 2, 1, 0, 1, 0, 1, 0, 1, 0, 1, 2, 0, 1, 0, 2, 0, 1, 0, 1, 0, 1, 2, 1, 2, 0, 1, 0, 1, 0, 1, 0, 1, 0, 2, 1, 2], [2, 1, 0, 2, 1, 0, 1, 0, 1, 2, 1, 0, 1, 2, 0, 2, 0, 1, 0, 1, 0, 1, 2, 1, 0, 1, 2, 1, 2, 0, 1, 2, 1, 2, 1, 2, 1, 0, 2, 1]]}, "7": {"init": {"social_welfare": [0.7, 0.27499999999999997, 0.29166666666666674, 0.4185720577232517], "degree_of_intergration": [0.7, 0.175, 0.0], "number_of_colorful_edges": 0.2916666666666667}, "init_world": [[1, 2, 2, 2, 1, 1, 2, 2, 0, 0, 0, 0, 0, 2, 1, 1, 1, 0, 0, 0, 0, 1, 1, 1, 2, 2, 0, 0, 2, 2, 2, 2, 2, 2, 2, 0, 0, 0, 1, 1], [1, 2, 2, 2, 1, 1, 2, 2, 0, 0, 0, 0, 0, 2, 1, 1, 1, 0, 0, 0, 0, 1, 1, 1, 2, 1, 1, 1, 2, 2, 2, 2, 0, 0, 1, 1, 0, 0, 1, 1]], "final": {"social_welfare": [1.0, 0.5124999999999998, 1.0, 0.7454221358705853], "degree_of_intergration": [1.0, 1.0, 1.0], "number_of_colorful_edges": 1.0}, "steps": 22, "final_world": [[1, 2, 1, 2, 0, 1, 0, 1, 0, 2, 0, 1, 0, 2, 1, 0, 1, 0, 1, 0, 2, 1, 0, 2, 1, 2, 1, 0, 2, 1, 2, 1, 2, 1, 2, 0, 2, 0, 1, 2], [2, 1, 2, 0, 1, 0, 2, 0, 2, 0, 2, 0, 2, 1, 2, 1, 0, 1, 0, 1, 0, 2, 1, 0, 2, 1, 0, 2, 1, 2, 0, 2, 0, 2, 0, 1, 0, 1, 0, 1]]}, "8": {"init": {"social_welfare": [0.725, 0.2583333333333333, 0.29166666666666663, 0.40473192348218134], "degree_of_intergration": [0.725, 0.15, 0.0], "number_of_colorful_edges": 0.2916666666666667}, "init_world": [[2, 2, 0, 2, 2, 1, 1, 0, 0, 1, 1, 1, 1, 1, 1, 0, 0, 1, 1, 1, 1, 2, 2, 2, 2, 0, 0, 1, 1, 1, 0, 0, 0, 0, 2, 2, 2, 0, 0, 2], [2, 2, 0, 2, 2, 1, 1, 0, 0, 1, 1, 1, 1, 1, 1, 0, 0, 1, 1, 1, 1, 0, 0, 2, 2, 0, 0, 1, 1, 1, 0, 1, 1, 2, 2, 2, 2, 2, 2, 2]], "final": {"social_welfare": [1.0, 0.5208333333333333, 1.0, 0.756285513950942], "degree_of_intergration": [1.0, 1.0, 1.0], "number_of_colorful_edges": 1.0}, "steps": 23,