{"0": {"init": {"social_welfare": [0.1, 0.03333333333333333, 0.05, 0.057938016428569494], "degree_of_intergration": [0.1, 0.0], "number_of_colorful_edges": 0.05}, "init_world": [0, 0, 0, 0, 0, 0, 0, 0, 0, 0, 0, 0, 0, 1, 1, 1, 1, 1, 1, 1, 1, 1, 1, 1, 1, 1, 2, 2, 2, 2, 2, 2, 2, 2, 2, 2, 2, 2, 2, 2], "final": {"social_welfare": [0.675, 0.23333333333333325, 0.625, 0.4015971067857017], "degree_of_intergration": [0.675, 0.575], "number_of_colorful_edges": 0.625}, "steps": 6, "final_world": [1, 0, 1, 0, 1, 0, 1, 0, 1, 0, 1, 0, 0, 1, 0, 1, 0, 1, 0, 1, 0, 1, 0, 1, 0, 1, 2, 2, 2, 2, 2, 2, 2, 2, 2, 2, 2, 2, 2, 2]}, "1": {"init": {"social_welfare": [0.1, 0.03333333333333333, 0.05, 0.057938016428569494], "degree_of_intergration": [0.1, 0.0], "number_of_colorful_edges": 0.05}, "init_world": [0, 0, 0, 0, 0, 0, 0, 0, 0, 0, 0, 0, 0, 1, 1, 1, 1, 1, 1, 1, 1, 1, 1, 1, 1, 1, 2, 2, 2, 2, 2, 2, 2, 2, 2, 2, 2, 2, 2, 2], "final": {"social_welfare": [0.675, 0.23333333333333325, 0.625, 0.4015971067857017], "degree_of_intergration": [0.675, 0.575], "number_of_colorful_edges": 0.625}, "steps": 6, "final_world": [1, 0, 1, 0, 1, 0, 1, 0, 1, 0, 1, 0, 0, 1, 0, 1, 0, 1, 0, 1, 0, 1, 0, 1, 0, 1, 2, 2, 2, 2, 2, 2, 2, 2, 2, 2, 2, 2, 2, 2]}, "2": {"init": {"social_welfare": [0.1, 0.03333333333333333, 0.05, 0.057938016428569494], "degree_of_intergration": [0.1, 0.0], "number_of_colorful_edges": 0.05}, "init_world": [0, 0, 0, 0, 0, 0, 0, 0, 0, 0, 0, 0, 0, 1, 1, 1, 1, 1, 1, 1, 1, 1, 1, 1, 1, 1, 2, 2, 2, 2, 2, 2, 2, 2, 2, 2, 2, 2, 2, 2], "final": {"social_welfare": [0.675, 0.23333333333333325, 0.625, 0.4015971067857017], "degree_of_intergration": [0.675, 0.575], "number_of_colorful_edges": 0.625}, "steps": 6, "final_world": [1, 0, 1, 0, 1, 0, 1, 0, 1, 0, 1, 0, 0, 1, 0, 1, 0, 1, 0, 1, 0, 1, 0, 1, 0, 1, 2, 2, 2, 2, 2, 2, 2, 2, 2, 2, 2, 2, 2, 2]}, "3": {"init": {"social_welfare": [0.1, 0.03333333333333333, 0.05, 0.057938016428569494], "degree_of_intergration": [0.1, 0.0], "number_of_colorful_edges": 0.05}, "init_world": [0, 0, 0, 0, 0, 0, 0, 0, 0, 0, 0, 0, 0, 1, 1, 1, 1, 1, 1, 1, 1, 1, 1, 1, 1, 1, 2, 2, 2, 2, 2, 2, 2, 2, 2, 2, 2, 2, 2, 2], "final": {"social_welfare": [0.675, 0.23333333333333325, 0.625, 0.4015971067857017], "degree_of_intergration": [0.675, 0.575], "number_of_colorful_edges": 0.625}, "steps": 6, "final_world": [1, 0, 1, 0, 1, 0, 1, 0, 1, 0, 1, 0, 0, 1, 0, 1, 0, 1, 0, 1, 0, 1, 0, 1, 0, 1, 2, 2, 2, 2, 2, 2, 2, 2, 2, 2, 2, 2, 2, 2]}, "4": {"init": {"social_welfare": [0.1, 0.03333333333333333, 0.05, 0.057938016428569494], "degree_of_intergration": [0.1, 0.0], "number_of_colorful_edges": 0.05}, "init_world": [0, 0, 0, 0, 0, 0, 0, 0, 0, 0, 0, 0, 0, 1, 1, 1, 1, 1, 1, 1, 1, 1, 1, 1, 1, 1, 2, 2, 2, 2, 2, 2, 2, 2, 2, 2, 2, 2, 2, 2], "final": {"social_welfare": [0.675, 0.23333333333333325, 0.625, 0.4015971067857017], "degree_of_intergration": [0.675, 0.575], "number_of_colorful_edges": 0.625}, "steps": 6, "final_world": [1, 0, 1, 0, 1, 0, 1, 0, 1, 0, 1, 0, 0, 1, 0, 1, 0, 1, 0, 1, 0, 1, 0, 1, 0, 1, 2, 2, 2, 2, 2, 2, 2, 2, 2, 2, 2, 2, 2, 2]}, "5": {"init": {"social_welfare": [0.1, 0.03333333333333333, 0.05, 0.057938016428569494], "degree_of_intergration": [0.1, 0.0], "number_of_colorful_edges": 0.05}, "init_world": [0, 0, 0, 0, 0, 0, 0, 0, 0, 0, 0, 0, 0, 1, 1, 1, 1, 1, 1, 1, 1, 1, 1, 1, 1, 1, 2, 2, 2, 2, 2, 2, 2, 2, 2, 2, 2, 2, 2, 2], "final": {"social_welfare": [0.675, 0.23333333333333325, 0.625, 0.4015971067857017], "degree_of_intergration": [0.675, 0.575], "number_of_colorful_edges": 0.625}, "steps": 6, "final_world": [1, 0, 1, 0, 1, 0, 1, 0, 1, 0, 1, 0, 0, 1, 0, 1, 0, 1, 0, 1, 0, 1, 0, 1, 0, 1, 2, 2, 2, 2, 2, 2, 2, 2, 2, 2, 2, 2, 2, 2]}, "6": {"init": {"social_welfare": [0.1, 0.03333333333333333, 0.05, 0.057938016428569494], "degree_of_intergration": [0.1, 0.0], "number_of_colorful_edges": 0.05}, "init_world": [0, 0, 0, 0, 0, 0, 0, 0, 0, 0, 0, 0, 0, 1, 1, 1, 1, 1, 1, 1, 1, 1, 1, 1, 1, 1, 2, 2, 2, 2, 2, 2, 2, 2, 2, 2, 2, 2, 2, 2], "final": {"social_welfare": [0.675, 0.23333333333333325, 0.625, 0.4015971067857017], "degree_of_intergration": [0.675, 0.575], "number_of_colorful_edges": 0.625}, "steps": 6, "final_world": [1, 0, 1, 0, 1, 0, 1, 0, 1, 0, 1, 0, 0, 1, 0, 1, 0, 1, 0, 1, 0, 1, 0, 1, 0, 1, 2, 2, 2, 2, 2, 2, 2, 2, 2, 2, 2, 2, 2, 2]}, "7": {"init": {"social_welfare": [0.1, 0.03333333333333333, 0.05, 0.057938016428569494], "degree_of_intergration": [0.1, 0.0], "number_of_colorful_edges": 0.05}, "init_world": [0, 0, 0, 0, 0, 0, 0, 0, 0, 0, 0, 0, 0, 1, 1, 1, 1, 1, 1, 1, 1, 1, 1, 1, 1, 1, 2, 2, 2, 2, 2, 2, 2, 2, 2, 2, 2, 2, 2, 2], "final": {"social_welfare": [0.675, 0.23333333333333325, 0.625, 0.4015971067857017], "degree_of_intergration": [0.675, 0.575], "number_of_colorful_edges": 0.625}, "steps": 6, "final_world": [1, 0, 1, 0, 1, 0, 1, 0, 1, 0, 1, 0, 0, 1, 0, 1, 0, 1, 0, 1, 0, 1, 0, 1, 0, 1, 2, 2, 2, 2, 2, 2, 2, 2, 2, 2, 2, 2, 2, 2]}, "8": {"init": {"social_welfare": [0.1, 0.03333333333333333, 0.05, 0.057938016428569494], "degree_of_intergration": [0.1, 0.0], "number_of_colorful_edges": 0.05}, "init_world": [0, 0, 0, 0, 0, 0, 0, 0, 0, 0, 0, 0, 0, 1, 1, 1, 1, 1, 1, 1, 1, 1, 1, 1, 1, 1, 2, 2, 2, 2, 2, 2, 2, 2, 2, 2, 2, 2, 2, 2], "final": {"social_welfare": [0.675, 0.23333333333333325, 0.625, 0.4015971067857017], "degree_of_intergration": [0.675, 0.575], "number_of_colorful_edges": 0.625}, "steps": 6, "final_world": [1, 0, 1, 0, 1, 0, 1, 0, 1, 0, 1, 0, 0, 1, 0, 1, 0, 1, 0, 1, 0, 1, 0, 1, 0, 1, 2, 2, 2, 2, 2, 2, 2, 2, 2, 2, 2, 2, 2, 2]}, "9": {"init": {"social_welfare": [0.1, 0.03333333333333333, 0.05, 0.057938016428569494], "degree_of_intergration": [0.1, 0.0], "number_of_colorful_edges": 0.05}, "init_world": [0, 0, 0, 0, 0, 0, 0, 0, 0, 0, 0, 0, 0, 1, 1, 1, 1, 1, 1, 1, 1, 1, 1, 1, 1, 1, 2, 2, 2, 2, 2, 2, 2, 2, 2, 2, 2, 2, 2, 2], "final": {"social_welfare": [0.675, 0.23333333333333325, 0.625, 0.4015971067857017], "degree_of_intergration": [0.675, 0.575], "number_of_colorful_edges": 0.625}, "steps": 6, "final_world": [1, 0, 1, 0, 1, 0, 1, 0, 1, 0, 1, 0, 0, 1, 0, 1, 0, 1, 0, 1, 0, 1, 0, 1, 0, 1, 2, 2, 2, 2, 2, 2, 2, 2, 2, 2, 2, 2, 2, 2]}}