{"0": {"init": {"social_welfare": [0.1, 0.03333333333333333, 0.05, 0.057938016428569494], "degree_of_intergration": [0.1, 0.0], "number_of_colorful_edges": 0.05}, "init_world": [0, 0, 0, 0, 0, 0, 0, 0, 0, 0, 0, 0, 0, 1, 1, 1, 1, 1, 1, 1, 1, 1, 1, 1, 1, 1, 2, 2, 2, 2, 2, 2, 2, 2, 2, 2, 2, 2, 2, 2], "final": {"social_welfare": [0.725, 0.29166666666666674, 0.7125, 0.4831435944642745], "degree_of_intergration": [0.725, 0.7], "number_of_colorful_edges": 0.7124999999999999}, "steps": 8, "final_world": [2, 0, 1, 0, 1, 0, 1, 0, 1, 0, 1, 2, 0, 1, 0, 1, 0, 1, 0, 1, 0, 1, 0, 1, 0, 1, 0, 1, 2, 2, 2, 2, 2, 2, 2, 2, 2, 2, 2, 2]}, "1": {"init": {"social_welfare": [0.1, 0.03333333333333333, 0.05, 0.057938016428569494], "degree_of_intergration": [0.1, 0.0], "number_of_colorful_edges": 0.05}, "init_world": [0, 0, 0, 0, 0, 0, 0, 0, 0, 0, 0, 0, 0, 1, 1, 1, 1, 1, 1, 1, 1, 1, 1, 1, 1, 1, 2, 2, 2, 2, 2, 2, 2, 2, 2, 2, 2, 2, 2, 2], "final": {"social_welfare": [0.725, 0.29166666666666674, 0.7125, 0.4831435944642745], "degree_of_intergration": [0.725, 0.7], "number_of_colorful_edges": 0.7124999999999999}, "steps": 8, "final_world": [2, 0, 1, 0, 1, 0, 1, 0, 1, 0, 1, 2, 0, 1, 0, 1, 0, 1, 0, 1, 0, 1, 0, 1, 0, 1, 0, 1, 2, 2, 2, 2, 2, 2, 2, 2, 2, 2, 2, 2]}, "2": {"init": {"social_welfare": [0.1, 0.03333333333333333, 0.05, 0.057938016428569494], "degree_of_intergration": [0.1, 0.0], "number_of_colorful_edges": 0.05}, "init_world": [0, 0, 0, 0, 0, 0, 0, 0, 0, 0, 0, 0, 0, 1, 1, 1, 1, 1, 1, 1, 1, 1, 1, 1, 1, 1, 2, 2, 2, 2, 2, 2, 2, 2, 2, 2, 2, 2, 2, 2], "final": {"social_welfare": [0.725, 0.29166666666666674, 0.7125, 0.4831435944642745], "degree_of_intergration": [0.725, 0.7], "number_of_colorful_edges": 0.7124999999999999}, "steps": 8, "final_world": [2, 0, 1, 0, 1, 0, 1, 0, 1, 0, 1, 2, 0, 1, 0, 1, 0, 1, 0, 1, 0, 1, 0, 1, 0, 1, 0, 1, 2, 2, 2, 2, 2, 2, 2, 2, 2, 2, 2, 2]}, "3": {"init": {"social_welfare": [0.1, 0.03333333333333333, 0.05, 0.057938016428569494], "degree_of_intergration": [0.1, 0.0], "number_of_colorful_edges": 0.05}, "init_world": [0, 0, 0, 0, 0, 0, 0, 0, 0, 0, 0, 0, 0, 1, 1, 1, 1, 1, 1, 1, 1, 1, 1, 1, 1, 1, 2, 2, 2, 2, 2, 2, 2, 2, 2, 2, 2, 2, 2, 2], "final": {"social_welfare": [0.725, 0.29166666666666674, 0.7125, 0.4831435944642745], "degree_of_intergration": [0.725, 0.7], "number_of_colorful_edges": 0.7124999999999999}, "steps": 8, "final_world": [2, 0, 1, 0, 1, 0, 1, 0, 1, 0, 1, 2, 0, 1, 0, 1, 0, 1, 0, 1, 0, 1, 0, 1, 0, 1, 0, 1, 2, 2, 2, 2, 2, 2, 2, 2, 2, 2, 2, 2]}, "4": {"init": {"social_welfare": [0.1, 0.03333333333333333, 0.05, 0.057938016428569494], "degree_of_intergration": [0.1, 0.0], "number_of_colorful_edges": 0.05}, "init_world": [0, 0, 0, 0, 0, 0, 0, 0, 0, 0, 0, 0, 0, 1, 1, 1, 1, 1, 1, 1, 1, 1, 1, 1, 1, 1, 2, 2, 2, 2, 2, 2, 2, 2, 2, 2, 2, 2, 2, 2], "final": {"social_welfare": [0.725, 0.29166666666666674, 0.7125, 0.4831435944642745], "degree_of_intergration": [0.725, 0.7], "number_of_colorful_edges": 0.7124999999999999}, "steps": 8, "final_world": [2, 0, 1, 0, 1, 0, 1, 0, 1, 0, 1, 2, 0, 1, 0, 1, 0, 1, 0, 1, 0, 1, 0, 1, 0, 1, 0, 1, 2, 2, 2, 2, 2, 2, 2, 2, 2, 2, 2, 2]}, "5": {"init": {"social_welfare": [0.1, 0.03333333333333333, 0.05, 0.057938016428569494], "degree_of_intergration": [0.1, 0.0], "number_of_colorful_edges": 0.05}, "init_world": [0, 0, 0, 0, 0, 0, 0, 0, 0, 0, 0, 0, 0, 1, 1, 1, 1, 1, 1, 1, 1, 1, 1, 1, 1, 1, 2, 2, 2, 2, 2, 2, 2, 2, 2, 2, 2, 2, 2, 2], "final": {"social_welfare": [0.725, 0.29166666666666674, 0.7125, 0.4831435944642745], "degree_of_intergration": [0.725, 0.7], "number_of_colorful_edges": 0.7124999999999999}, "steps": 8, "final_world": [2, 0, 1, 0, 1, 0, 1, 0, 1, 0, 1, 2, 0, 1, 0, 1, 0, 1, 0, 1, 0, 1, 0, 1, 0, 1, 0, 1, 2, 2, 2, 2, 2, 2, 2, 2, 2, 2, 2, 2]}, "6": {"init": {"social_welfare": [0.1, 0.03333333333333333, 0.05, 0.057938016428569494], "degree_of_intergration": [0.1, 0.0], "number_of_colorful_edges": 0.05}, "init_world": [0, 0, 0, 0, 0, 0, 0, 0, 0, 0, 0, 0, 0, 1, 1, 1, 1, 1, 1, 1, 1, 1, 1, 1, 1, 1, 2, 2, 2, 2, 2, 2, 2, 2, 2, 2, 2, 2, 2, 2], "final": {"social_welfare": [0.725, 0.29166666666666674, 0.7125, 0.4831435944642745], "degree_of_intergration": [0.725, 0.7], "number_of_colorful_edges": 0.7124999999999999}, "steps": 8, "final_world": [2, 0, 1, 0, 1, 0, 1, 0, 1, 0, 1, 2, 0, 1, 0, 1, 0, 1, 0, 1, 0, 1, 0, 1, 0, 1, 0, 1, 2, 2, 2, 2, 2, 2, 2, 2, 2, 2, 2, 2]}, "7": {"init": {"social_welfare": [0.1, 0.03333333333333333, 0.05, 0.057938016428569494], "degree_of_intergration": [0.1, 0.0], "number_of_colorful_edges": 0.05}, "init_world": [0, 0, 0, 0, 0, 0, 0, 0, 0, 0, 0, 0, 0, 1, 1, 1, 1, 1, 1, 1, 1, 1, 1, 1, 1, 1, 2, 2, 2, 2, 2, 2, 2, 2, 2, 2, 2, 2, 2, 2], "final": {"social_welfare": [0.725, 0.29166666666666674, 0.7125, 0.4831435944642745], "degree_of_intergration": [0.725, 0.7], "number_of_colorful_edges": 0.7124999999999999}, "steps": 8, "final_world": [2, 0, 1, 0, 1, 0, 1, 0, 1, 0, 1, 2, 0, 1, 0, 1, 0, 1, 0, 1, 0, 1, 0, 1, 0, 1, 0, 1, 2, 2, 2, 2, 2, 2, 2, 2, 2, 2, 2, 2]}, "8": {"init": {"social_welfare": [0.1, 0.03333333333333333, 0.05, 0.057938016428569494], "degree_of_intergration": [0.1, 0.0], "number_of_colorful_edges": 0.05}, "init_world": [0, 0, 0, 0, 0, 0, 0, 0, 0, 0, 0, 0, 0, 1, 1, 1, 1, 1, 1, 1, 1, 1, 1, 1, 1, 1, 2, 2, 2, 2, 2, 2, 2, 2, 2, 2, 2, 2, 2, 2], "final": {"social_welfare": [0.725, 0.29166666666666674, 0.7125, 0.4831435944642745], "degree_of_intergration": [0.725, 0.7], "number_of_colorful_edges": 0.7124999999999999}, "steps": 8, "final_world": [2, 0, 1, 0, 1, 0, 1, 0, 1, 0, 1, 2, 0, 1, 0, 1, 0, 1, 0, 1, 0, 1, 0, 1, 0, 1, 0, 1, 2, 2, 2, 2, 2, 2, 2, 2, 2, 2, 2, 2]}, "9": {"init": {"social_welfare": [0.1, 0.03333333333333333, 0.05, 0.057938016428569494], "degree_of_intergration": [0.1, 0.0], "number_of_colorful_edges": 0.05}, "init_world": [0, 0, 0, 0, 0, 0, 0, 0, 0, 0, 0, 0, 0, 1, 1, 1, 1, 1, 1, 1, 1, 1, 1, 1, 1, 1, 2, 2, 2, 2, 2, 2, 2, 2, 2, 2, 2, 2, 2, 2], "final": {"social_welfare": [0.725, 0.29166666666666674, 0.7125, 0.4831435944642745], "degree_of_intergration": [0.725, 0.7], "number_of_colorful_edges": 0.7124999999999999}, "steps": 8, "final_world": [2, 0, 1, 0, 1, 0, 1, 0, 1, 0, 1, 2, 0, 1, 0, 1, 0, 1, 0, 1, 0, 1, 0, 1, 0, 1, 0, 1, 2, 2, 2, 2, 2, 2, 2, 2, 2, 2, 2, 2]}}