{"0": {"init": {"social_welfare": [0.4875, 0.4958333333333333, 0.17500000000000007, 0.25399664397324145], "degree_of_intergration": [0.4875, 0.0375, 0.0], "number_of_colorful_edges": 0.175}, "final": {"social_welfare": [1.0, 0.8874999999999996, 0.9833333333333336, 0.7997390262723688], "degree_of_intergration": [1.0, 1.0, 0.95], "number_of_colorful_edges": 0.9833333333333333}, "steps": 37}, "1": {"init": {"social_welfare": [0.6125, 0.5541666666666668, 0.25000000000000006, 0.34565935084824656], "degree_of_intergration": [0.6125, 0.1375, 0.0], "number_of_colorful_edges": 0.25}, "final": {"social_welfare": [1.0, 0.8791666666666667, 0.9916666666666666, 0.7888756481920121], "degree_of_intergration": [1.0, 1.0, 0.975], "number_of_colorful_edges": 0.9916666666666667}, "steps": 37}, "2": {"init": {"social_welfare": [0.4625, 0.4916666666666667, 0.17500000000000004, 0.24812022341520373], "degree_of_intergration": [0.4625, 0.0625, 0.0], "number_of_colorful_edges": 0.175}, "final": {"social_welfare": [1.0, 0.870833333333333, 0.9833333333333332, 0.7780122701116554], "degree_of_intergration": [1.0, 1.0, 0.95], "number_of_colorful_edges": 0.9833333333333333}, "steps": 35}, "3": {"init": {"social_welfare": [0.6125, 0.5458333333333332, 0.22500000000000014, 0.3273540823661059], "degree_of_intergration": [0.6125, 0.05, 0.0125], "number_of_colorful_edges": 0.225}, "final": {"social_welfare": [1.0, 0.9041666666666666, 0.95, 0.8214657824330824], "degree_of_intergration": [1.0, 1.0, 0.85], "number_of_colorful_edges": 0.95}, "steps": 37}, "4": {"init": {"social_welfare": [0.7, 0.5833333333333333, 0.26666666666666666, 0.38598192348218135], "degree_of_intergration": [0.7, 0.1, 0.0], "number_of_colorful_edges": 0.26666666666666666}, "final": {"social_welfare": [1.0, 0.8916666666666664, 0.9666666666666668, 0.8051707153125474], "degree_of_intergration": [1.0, 1.0, 0.9], "number_of_colorful_edges": 0.9666666666666667}, "steps": 39}, "5": {"init": {"social_welfare": [0.725, 0.5833333333333328, 0.2583333333333333, 0.3849382769196839], "degree_of_intergration": [0.725, 0.05, 0.0], "number_of_colorful_edges": 0.25833333333333336}, "final": {"social_welfare": [1.0, 0.8958333333333333, 0.975, 0.8106024043527256], "degree_of_intergration": [1.0, 1.0, 0.925], "number_of_colorful_edges": 0.975}, "steps": 47}, "6": {"init": {"social_welfare": [0.475, 0.49999999999999967, 0.1833333333333334, 0.25995015629466856], "degree_of_intergration": [0.475, 0.075, 0.0], "number_of_colorful_edges": 0.1833333333333333}, "final": {"social_welfare": [1.0, 0.8541666666666664, 0.95, 0.769680916674153], "degree_of_intergration": [1.0, 0.9875, 0.8625], "number_of_colorful_edges": 0.95}, "steps": 31}, "7": {"init": {"social_welfare": [0.375, 0.4666666666666665, 0.1416666666666667, 0.2028106932589499], "degree_of_intergration": [0.375, 0.025, 0.025], "number_of_colorful_edges": 0.14166666666666666}, "final": {"social_welfare": [1.0, 0.8624999999999996, 0.9833333333333334, 0.7671488920312988], "degree_of_intergration": [1.0, 1.0, 0.95], "number_of_colorful_edges": 0.9833333333333333}, "steps": 31}, "8": {"init": {"social_welfare": [0.625, 0.5666666666666667, 0.26666666666666666, 0.36440935084824655], "degree_of_intergration": [0.625, 0.175, 0.0], "number_of_colorful_edges": 0.26666666666666666}, "final": {"social_welfare": [1.0, 0.8916666666666668, 0.9583333333333334, 0.8051707153125471], "degree_of_intergration": [1.0, 1.0, 0.875], "number_of_colorful_edges": 0.9583333333333334}, "steps": 33}, "9": {"init": {"social_welfare": [0.5, 0.5166666666666664, 0.1833333333333334, 0.27765650973217115], "degree_of_intergration": [0.5, 0.05, 0.0], "number_of_colorful_edges": 0.18333333333333332}, "final": {"social_welfare": [1.0, 0.8791666666666664, 0.9166666666666666, 0.7978059166741528], "degree_of_intergration": [1.0, 0.9375, 0.8125], "number_of_colorful_edges": 0.9166666666666666}, "steps": 35}}