{"0": {"init": {"social_welfare": [0.55, 0.5291666666666668, 0.20833333333333343, 0.3007945522098521], "degree_of_intergration": [0.55, 0.0625, 0.0125], "number_of_colorful_edges": 0.20833333333333334}, "final": {"social_welfare": [1.0, 0.8124999999999997, 0.9916666666666666, 0.7034570016295152], "degree_of_intergration": [1.0, 1.0, 0.975], "number_of_colorful_edges": 0.9916666666666667}, "steps": 22}, "1": {"init": {"social_welfare": [0.475, 0.5166666666666664, 0.18333333333333338, 0.275723400133955], "degree_of_intergration": [0.475, 0.075, 0.0], "number_of_colorful_edges": 0.1833333333333333}, "final": {"social_welfare": [1.0, 0.8249999999999995, 1.0, 0.7182636906696934], "degree_of_intergration": [1.0, 1.0, 1.0], "number_of_colorful_edges": 1.0}, "steps": 24}, "2": {"init": {"social_welfare": [0.6125, 0.5624999999999999, 0.24166666666666675, 0.35056921660717627], "degree_of_intergration": [0.6125, 0.1125, 0.0], "number_of_colorful_edges": 0.2416666666666667}, "final": {"social_welfare": [1.0, 0.833333333333333, 1.0, 0.7291270687500502], "degree_of_intergration": [1.0, 1.0, 1.0], "number_of_colorful_edges": 1.0}, "steps": 21}, "3": {"init": {"social_welfare": [0.5625, 0.5291666666666666, 0.21666666666666679, 0.30622624125003045], "degree_of_intergration": [0.5625, 0.0875, 0.0], "number_of_colorful_edges": 0.21666666666666667}, "final": {"social_welfare": [1.0, 0.8541666666666666, 1.0, 0.7562855139509419], "degree_of_intergration": [1.0, 1.0, 1.0], "number_of_colorful_edges": 1.0}, "steps": 24}, "4": {"init": {"social_welfare": [0.65, 0.5833333333333335, 0.25000000000000006, 0.376162191964322], "degree_of_intergration": [0.65, 0.1, 0.0], "number_of_colorful_edges": 0.25}, "final": {"social_welfare": [1.0, 0.8499999999999999, 0.9916666666666668, 0.7508538249107636], "degree_of_intergration": [1.0, 1.0, 0.975], "number_of_colorful_edges": 0.9916666666666667}, "steps": 24}, "5": {"init": {"social_welfare": [0.5, 0.5416666666666667, 0.2166666666666667, 0.31322340013395505], "degree_of_intergration": [0.5, 0.15, 0.0], "number_of_colorful_edges": 0.21666666666666667}, "final": {"social_welfare": [1.0, 0.8249999999999996, 1.0, 0.7182636906696932], "degree_of_intergration": [1.0, 1.0, 1.0], "number_of_colorful_edges": 1.0}, "steps": 23}, "6": {"init": {"social_welfare": [0.7, 0.5999999999999996, 0.29166666666666663, 0.41068543580360845], "degree_of_intergration": [0.7, 0.175, 0.0], "number_of_colorful_edges": 0.2916666666666667}, "final": {"social_welfare": [1.0, 0.8458333333333332, 1.0, 0.7454221358705851], "degree_of_intergration": [1.0, 1.0, 1.0], "number_of_colorful_edges": 1.0}, "steps": 23}, "7": {"init": {"social_welfare": [0.675, 0.5666666666666665, 0.24999999999999994, 0.3623220577232517], "degree_of_intergration": [0.675, 0.075, 0.0], "number_of_colorful_edges": 0.25}, "final": {"social_welfare": [1.0, 0.8208333333333331, 1.0, 0.7128320016295151], "degree_of_intergration": [1.0, 1.0, 1.0], "number_of_colorful_edges": 1.0}, "steps": 24}, "8": {"init": {"social_welfare": [0.5375, 0.520833333333333, 0.2000000000000001, 0.28896461933038725], "degree_of_intergration": [0.5375, 0.05, 0.0125], "number_of_colorful_edges": 0.2}, "final": {"social_welfare": [1.0, 0.8374999999999997, 0.9916666666666668, 0.7345587577902285], "degree_of_intergration": [1.0, 1.0, 0.975], "number_of_colorful_edges": 0.9916666666666667}, "steps": 23}, "9": {"init": {"social_welfare": [0.575, 0.5249999999999999, 0.2166666666666667, 0.30324948508931693], "degree_of_intergration": [0.575, 0.075, 0.0], "number_of_colorful_edges": 0.21666666666666665}, "final": {"social_welfare": [1.0, 0.7874999999999994, 1.0, 0.6693784893080881], "degree_of_intergration": [1.0, 1.0, 1.0], "number_of_colorful_edges": 1.0}, "steps": 24}}