{"0": {"init": {"social_welfare": [0.6625, 0.5849999999999993, 0.23, 0.3654064646577489], "degree_of_intergration": [0.6625, 0.255, 0.0025, 0.0], "number_of_colorful_edges": 0.23}, "final": {"social_welfare": [1.0, 0.7766666666666664, 0.6075, 0.6480997384571902], "degree_of_intergration": [1.0, 0.8, 0.41, 0.22], "number_of_colorful_edges": 0.6075}, "steps": 38}, "1": {"init": {"social_welfare": [0.6525, 0.5800000000000001, 0.22375, 0.3568402211755693], "degree_of_intergration": [0.6525, 0.2375, 0.0025, 0.0025], "number_of_colorful_edges": 0.22374999999999998}, "final": {"social_welfare": [1.0, 0.77, 0.59375, 0.6369934780679031], "degree_of_intergration": [1.0, 0.765, 0.4, 0.21], "number_of_colorful_edges": 0.59375}, "steps": 39}, "2": {"init": {"social_welfare": [0.7375, 0.6224999999999986, 0.26375, 0.4183041480758786], "degree_of_intergration": [0.7375, 0.3125, 0.005, 0.0], "number_of_colorful_edges": 0.26375}, "final": {"social_welfare": [1.0, 0.7749999999999995, 0.56375, 0.6422543872250476], "degree_of_intergration": [1.0, 0.76, 0.3225, 0.1725], "number_of_colorful_edges": 0.56375}, "steps": 30}, "3": {"init": {"social_welfare": [0.6175, 0.57, 0.22, 0.34584982577187295], "degree_of_intergration": [0.6175, 0.2625, 0.0, 0.0], "number_of_colorful_edges": 0.22000000000000003}, "final": {"social_welfare": [1.0, 0.7625000000000007, 0.6, 0.6320636847607615], "degree_of_intergration": [1.0, 0.8025, 0.375, 0.2225], "number_of_colorful_edges": 0.6000000000000001}, "steps": 39}, "4": {"init": {"social_welfare": [0.71, 0.602499999999999, 0.25, 0.3934101655168496], "degree_of_intergration": [0.71, 0.2875, 0.0025, 0.0], "number_of_colorful_edges": 0.24999999999999997}, "final": {"social_welfare": [1.0, 0.7625000000000002, 0.5525, 0.6294688087036189], "degree_of_intergration": [1.0, 0.74, 0.305, 0.165], "number_of_colorful_edges": 0.5525}, "steps": 32}, "5": {"init": {"social_welfare": [0.725, 0.6183333333333323, 0.26, 0.4120631361097625], "degree_of_intergration": [0.725, 0.3075, 0.0075, 0.0], "number_of_colorful_edges": 0.26}, "final": {"social_welfare": [1.0, 0.7741666666666663, 0.57, 0.6472306682107614], "degree_of_intergration": [1.0, 0.7725, 0.345, 0.1625], "number_of_colorful_edges": 0.57}, "steps": 31}, "6": {"init": {"social_welfare": [0.725, 0.599999999999999, 0.255, 0.395195016213332], "degree_of_intergration": [0.725, 0.29, 0.005, 0.0], "number_of_colorful_edges": 0.25499999999999995}, "final": {"social_welfare": [1.0, 0.7633333333333325, 0.58, 0.6310769697929027], "degree_of_intergration": [1.0, 0.7525, 0.375, 0.1925], "number_of_colorful_edges": 0.58}, "steps": 34}, "7": {"init": {"social_welfare": [0.6975, 0.6066666666666647, 0.255, 0.3985135544328767], "degree_of_intergration": [0.6975, 0.31, 0.0125, 0.0], "number_of_colorful_edges": 0.255}, "final": {"social_welfare": [1.0, 0.7599999999999999, 0.59625, 0.6323018252536187], "degree_of_intergration": [1.0, 0.8, 0.3825, 0.2025], "number_of_colorful_edges": 0.5962500000000001}, "steps": 36}, "8": {"init": {"social_welfare": [0.6975, 0.6058333333333327, 0.24875, 0.3947279759114483], "degree_of_intergration": [0.6975, 0.2975, 0.0, 0.0], "number_of_colorful_edges": 0.24875}, "final": {"social_welfare": [1.0, 0.7750000000000001, 0.56875, 0.6428853169786187], "degree_of_intergration": [1.0, 0.7625, 0.3275, 0.185], "number_of_colorful_edges": 0.56875}, "steps": 32}, "9": {"init": {"social_welfare": [0.78, 0.6316666666666652, 0.27375, 0.43301998537781633], "degree_of_intergration": [0.78, 0.3025, 0.0125, 0.0], "number_of_colorful_edges": 0.27375}, "final": {"social_welfare": [1.0, 0.7616666666666658, 0.52625, 0.627504862400047], "degree_of_intergration": [1.0, 0.7075, 0.26, 0.1375], "number_of_colorful_edges": 0.52625}, "steps": 27}}