{"0": {"init": {"social_welfare": [0.745, 0.6258333333333319, 0.27, 0.4251007470169778], "degree_of_intergration": [0.745, 0.33, 0.005, 0.0], "number_of_colorful_edges": 0.26999999999999996}, "final": {"social_welfare": [1.0, 0.9058333333333343, 0.985, 0.7773938502607654], "degree_of_intergration": [1.0, 1.0, 1.0, 0.94], "number_of_colorful_edges": 0.985}, "steps": 142}, "1": {"init": {"social_welfare": [0.7475, 0.6274999999999992, 0.26, 0.4203476228937712], "degree_of_intergration": [0.7475, 0.29, 0.0025, 0.0], "number_of_colorful_edges": 0.26}, "final": {"social_welfare": [1.0, 0.8908333333333343, 0.99375, 0.7565855030750497], "degree_of_intergration": [1.0, 1.0, 1.0, 0.975], "number_of_colorful_edges": 0.99375}, "steps": 143}, "2": {"init": {"social_welfare": [0.765, 0.623333333333332, 0.26375, 0.4205093288706194], "degree_of_intergration": [0.765, 0.29, 0.0, 0.0], "number_of_colorful_edges": 0.26375}, "final": {"social_welfare": [1.0, 0.8933333333333344, 0.9875, 0.7587040981464793], "degree_of_intergration": [1.0, 1.0, 1.0, 0.95], "number_of_colorful_edges": 0.9875}, "steps": 139}, "3": {"init": {"social_welfare": [0.7225, 0.6149999999999989, 0.255, 0.40659140477225236], "degree_of_intergration": [0.7225, 0.295, 0.0025, 0.0], "number_of_colorful_edges": 0.255}, "final": {"social_welfare": [1.0, 0.8841666666666679, 0.9875, 0.7488720319464778], "degree_of_intergration": [1.0, 1.0, 1.0, 0.95], "number_of_colorful_edges": 0.9875}, "steps": 138}, "4": {"init": {"social_welfare": [0.6525, 0.5783333333333319, 0.2325, 0.36147020057914225], "degree_of_intergration": [0.6525, 0.275, 0.0025, 0.0], "number_of_colorful_edges": 0.2325}, "final": {"social_welfare": [1.0, 0.8875000000000008, 0.9875, 0.7563008749036193], "degree_of_intergration": [1.0, 1.0, 1.0, 0.95], "number_of_colorful_edges": 0.9875}, "steps": 129}, "5": {"init": {"social_welfare": [0.6725, 0.5916666666666651, 0.23875, 0.37602014616850044], "degree_of_intergration": [0.6725, 0.2775, 0.0025, 0.0025], "number_of_colorful_edges": 0.23874999999999996}, "final": {"social_welfare": [1.0, 0.8816666666666674, 0.9875, 0.7434194699750484], "degree_of_intergration": [1.0, 1.0, 1.0, 0.95], "number_of_colorful_edges": 0.9875}, "steps": 144}, "6": {"init": {"social_welfare": [0.7025, 0.608333333333332, 0.2525, 0.3985888972114656], "degree_of_intergration": [0.7025, 0.2975, 0.01, 0.0], "number_of_colorful_edges": 0.2525}, "final": {"social_welfare": [1.0, 0.8766666666666674, 0.99125, 0.7372771558893345], "degree_of_intergration": [1.0, 1.0, 0.9975, 0.9675], "number_of_colorful_edges": 0.99125}, "steps": 137}, "7": {"init": {"social_welfare": [0.725, 0.612499999999999, 0.25875, 0.40686104931333283], "degree_of_intergration": [0.725, 0.3025, 0.0075, 0.0], "number_of_colorful_edges": 0.25875}, "final": {"social_welfare": [1.0, 0.8966666666666672, 0.985, 0.7656566601179083], "degree_of_intergration": [1.0, 1.0, 1.0, 0.94], "number_of_colorful_edges": 0.985}, "steps": 136}, "8": {"init": {"social_welfare": [0.74, 0.6199999999999991, 0.2625, 0.4158954248348158], "degree_of_intergration": [0.74, 0.3075, 0.0025, 0.0], "number_of_colorful_edges": 0.26249999999999996}, "final": {"social_welfare": [1.0, 0.9033333333333344, 0.98625, 0.772179428782194], "degree_of_intergration": [1.0, 1.0, 1.0, 0.945], "number_of_colorful_edges": 0.98625}, "steps": 152}, "9": {"init": {"social_welfare": [0.725, 0.6108333333333323, 0.2575, 0.40496826005261805], "degree_of_intergration": [0.725, 0.3, 0.005, 0.0], "number_of_colorful_edges": 0.25749999999999995}, "final": {"social_welfare": [1.0, 0.871666666666668, 0.985, 0.7320874037750476], "degree_of_intergration": [1.0, 1.0, 1.0, 0.94], "number_of_colorful_edges": 0.985}, "steps": 134}}