{"0": {"init": {"social_welfare": [0.875, 0.4, 0.7125, 0.6436590903571322], "degree_of_intergration": [0.875, 0.55], "number_of_colorful_edges": 0.7125}, "init_world": [1, 1, 1, 2, 2, 1, 0, 2, 1, 0, 0, 1, 0, 2, 0, 1, 0, 1, 0, 2, 2, 0, 1, 1, 1, 1, 1, 0, 2, 0, 1, 0, 0, 1, 2, 0, 1, 0, 0, 2], "final": {"social_welfare": [1.0, 0.5083333333333335, 1.0, 0.800205578035705], "degree_of_intergration": [1.0, 1.0], "number_of_colorful_edges": 1.0}, "steps": 11, "final_world": [2, 1, 0, 1, 0, 1, 0, 2, 1, 2, 0, 1, 0, 1, 0, 1, 0, 1, 0, 1, 2, 0, 1, 0, 1, 2, 1, 0, 2, 0, 2, 1, 0, 1, 2, 0, 1, 2, 0, 1]}, "1": {"init": {"social_welfare": [0.925, 0.3833333333333334, 0.6375, 0.6305661149999864], "degree_of_intergration": [0.925, 0.35], "number_of_colorful_edges": 0.6375}, "init_world": [1, 2, 2, 0, 0, 1, 1, 2, 0, 2, 2, 2, 1, 1, 0, 2, 2, 1, 1, 2, 1, 0, 2, 1, 1, 0, 2, 1, 1, 2, 2, 0, 1, 0, 0, 0, 0, 2, 1, 2], "final": {"social_welfare": [1.0, 0.5000000000000001, 1.0, 0.7896900821428474], "degree_of_intergration": [1.0, 1.0], "number_of_colorful_edges": 1.0}, "steps": 13, "final_world": [0, 2, 1, 2, 1, 2, 1, 2, 1, 2, 1, 2, 1, 2, 0, 2, 0, 1, 0, 2, 1, 0, 2, 0, 1, 0, 2, 0, 1, 2, 1, 2, 1, 0, 2, 1, 0, 2, 1, 0]}, "2": {"init": {"social_welfare": [0.95, 0.3999999999999999, 0.8, 0.6555661149999864], "degree_of_intergration": [0.95, 0.65], "number_of_colorful_edges": 0.8}, "init_world": [0, 1, 0, 1, 0, 2, 0, 1, 0, 0, 1, 1, 2, 2, 1, 1, 0, 1, 0, 1, 0, 0, 0, 0, 1, 2, 1, 0, 2, 0, 2, 0, 1, 2, 1, 0, 2, 1, 2, 1], "final": {"social_welfare": [1.0, 0.4916666666666667, 1.0, 0.7791745862499898], "degree_of_intergration": [1.0, 1.0], "number_of_colorful_edges": 1.0}, "steps": 6, "final_world": [2, 1, 0, 1, 0, 1, 0, 1, 0, 2, 0, 1, 0, 2, 0, 1, 0, 1, 0, 1, 0, 1, 2, 0, 1, 0, 1, 0, 2, 1, 2, 0, 1, 2, 1, 0, 2, 1, 2, 0]}, "3": {"init": {"social_welfare": [0.825, 0.35000000000000003, 0.6, 0.5726280985714169], "degree_of_intergration": [0.825, 0.375], "number_of_colorful_edges": 0.6}, "init_world": [1, 1, 2, 0, 0, 0, 1, 0, 1, 1, 1, 0, 2, 2, 2, 0, 1, 2, 2, 1, 0, 1, 0, 1, 0, 0, 1, 1, 1, 1, 1, 1, 0, 2, 2, 1, 0, 0, 1, 2], "final": {"social_welfare": [1.0, 0.4833333333333335, 0.95, 0.7686590903571322], "degree_of_intergration": [1.0, 0.9], "number_of_colorful_edges": 0.95}, "steps": 8, "final_world": [2, 1, 0, 1, 2, 0, 1, 0, 1, 0, 1, 0, 2, 1, 2, 0, 1, 0, 2, 1, 0, 1, 0, 1, 1, 0, 1, 0, 1, 2, 1, 1, 0, 1, 2, 1, 2, 0, 1, 2]}, "4": {"init": {"social_welfare": [0.85, 0.35833333333333345, 0.625, 0.5871126026785592], "degree_of_intergration": [0.85, 0.4], "number_of_colorful_edges": 0.625}, "init_world": [1, 2, 0, 1, 0, 2, 0, 2, 2, 2, 1, 2, 2, 2, 1, 0, 0, 2, 2, 1, 0, 2, 2, 2, 2, 2, 0, 0, 1, 1, 0, 2, 0, 2, 1, 1, 1, 2, 1, 1], "final": {"social_welfare": [1.0, 0.4666666666666667, 0.975, 0.7476280985714169], "degree_of_intergration": [1.0, 0.95], "number_of_colorful_edges": 0.975}, "steps": 7, "final_world": [0, 2, 1, 2, 1, 2, 0, 2, 1, 2, 1, 2, 1, 2, 1, 2, 0, 1, 2, 1, 0, 2, 0, 2, 0, 2, 2, 0, 2, 1, 0, 2, 0, 2, 1, 2, 1, 2, 0, 1]}, "5": {"init": {"social_welfare": [0.875, 0.3583333333333334, 0.6625, 0.5910816108928441], "degree_of_intergration": [0.875, 0.45], "number_of_colorful_edges": 0.6625}, "init_world": [1, 2, 2, 0, 0, 1, 2, 0, 2, 0, 2, 2, 2, 2, 2, 2, 1, 1, 1, 0, 0, 2, 2, 0, 1, 2, 2, 0, 2, 0, 1, 0, 2, 1, 0, 0, 2, 0, 2, 0], "final": {"social_welfare": [1.0, 0.475, 1.0, 0.7581435944642745], "degree_of_intergration": [1.0, 1.0], "number_of_colorful_edges": 1.0}, "steps": 10, "final_world": [1, 2, 0, 2, 0, 1, 2, 0, 2, 0, 2, 0, 2, 0, 1, 2, 0, 2, 1, 2, 0, 1, 2, 0, 2, 0, 2, 0, 2, 0, 2, 0, 2, 1, 2, 1, 2, 0, 2, 1]}, "6": {"init": {"social_welfare": [0.8, 0.32500000000000007, 0.6125, 0.5371126026785593], "degree_of_intergration": [0.8, 0.425], "number_of_colorful_edges": 0.6125}, "init_world": [0, 0, 2, 1, 2, 1, 2, 1, 1, 1, 0, 0, 0, 0, 2, 0, 0, 0, 0, 0, 0, 2, 2, 0, 2, 1, 0, 2, 1, 2, 2, 2, 1, 1, 0, 2, 0, 1, 0, 1], "final": {"social_welfare": [1.0, 0.4833333333333333, 0.975, 0.7686590903571322], "degree_of_intergration": [1.0, 0.95], "number_of_colorful_edges": 0.975}, "steps": 11, "final_world": [2, 0, 1, 0, 1, 0, 2, 1, 0, 1, 0, 1, 0, 1, 2, 0, 2, 0, 1, 0, 0, 1, 2, 0, 2, 1, 0, 2, 0, 2, 0, 2, 1, 2, 0, 2, 0, 1, 0, 2]}, "7": {"init": {"social_welfare": [0.925, 0.425, 0.75, 0.6831435944642745], "degree_of_intergration": [0.925, 0.575], "number_of_colorful_edges": 0.75}, "init_world": [0, 2, 1, 1, 2, 0, 2, 2, 0, 2, 1, 1, 0, 0, 0, 1, 0, 1, 2, 1, 1, 1, 1, 0, 2, 0, 0, 1, 0, 2, 1, 0, 1, 1, 0, 1, 2, 0, 1, 2], "final": {"social_welfare": [1.0, 0.5333333333333334, 1.0, 0.831752065714278], "degree_of_intergration": [1.0, 1.0], "number_of_colorful_edges": 1.0}, "steps": 8, "final_world": [1, 2, 0, 1, 0, 1, 2, 1, 0, 1, 0, 1, 0, 1, 0, 1, 0, 1, 2, 1, 0, 2, 1, 0, 2, 0, 2, 1, 0, 2, 1, 0, 2, 1, 0, 1, 2, 0, 1, 2]}, "8": {"init": {"social_welfare": [0.8, 0.30000000000000016, 0.525, 0.5055661149999864], "degree_of_intergration": [0.8, 0.25], "number_of_colorful_edges": 0.525}, "init_world": [2, 2, 0, 2, 1, 1, 0, 1, 1, 2, 0, 0, 2, 1, 1, 2, 2, 1, 0, 1, 1, 0, 0, 0, 0, 0, 0, 0, 1, 0, 0, 1, 0, 0, 0, 2, 2, 2, 2, 0], "final": {"social_welfare": [1.0, 0.5166666666666667, 0.95, 0.8107210739285625], "degree_of_intergration": [1.0, 0.9], "number_of_colorful_edges": 0.95}, "steps": 8, "final_world": [1, 2, 0, 2, 0, 1, 2, 0, 1, 2, 0, 0, 2, 0, 1, 0, 2, 1, 0, 2, 1, 0, 2, 0, 2, 0, 1, 0, 1, 0, 0, 1, 0, 1, 0, 2, 0, 1, 2, 0]}, "9": {"init": {"social_welfare": [0.825, 0.33333333333333337, 0.6125, 0.5515971067857016], "degree_of_intergration": [0.825, 0.4], "number_of_colorful_edges": 0.6125}, "init_world": [2, 2, 1, 1, 1, 2, 2, 0, 0, 0, 1, 0, 2, 0, 2, 1, 0, 1, 1, 1, 1, 1, 1, 2, 1, 1, 1, 2, 1, 2, 0, 2, 1, 0, 0, 2, 2, 0, 1, 0], "final": {"social_welfare": [1.0, 0.4916666666666668, 1.0, 0.7791745862499897], "degree_of_intergration": [1.0, 1.0], "number_of_colorful_edges": 1.0}, "steps": 10, "final_world": [0, 2, 1, 2, 0, 1, 0, 1, 2, 0, 1, 0, 1, 0, 2, 1, 0, 1, 0, 1, 2, 0, 1, 2, 1, 2, 1, 2, 1, 2, 1, 2, 1, 0, 1, 2, 1, 0, 1, 2]}}