{"0": {"init": {"social_welfare": [0.8, 0.35, 0.5625, 0.5686590903571321], "degree_of_intergration": [0.8, 0.325], "number_of_colorful_edges": 0.5625}, "init_world": [0, 2, 1, 0, 1, 2, 1, 1, 0, 0, 1, 1, 1, 0, 0, 2, 1, 1, 1, 0, 0, 1, 0, 2, 2, 2, 1, 0, 2, 2, 0, 1, 2, 2, 2, 1, 1, 1, 1, 1], "final": {"social_welfare": [1.0, 0.46666666666666645, 0.9875, 0.7476280985714169], "degree_of_intergration": [1.0, 0.975], "number_of_colorful_edges": 0.9875}, "steps": 8, "final_world": [0, 2, 1, 0, 1, 2, 1, 0, 1, 0, 1, 2, 1, 2, 1, 2, 1, 2, 0, 1, 0, 1, 0, 2, 1, 2, 1, 0, 1, 2, 0, 1, 2, 1, 2, 1, 0, 1, 0, 1]}, "1": {"init": {"social_welfare": [0.975, 0.3916666666666669, 0.675, 0.6490196273214135], "degree_of_intergration": [0.975, 0.375], "number_of_colorful_edges": 0.675}, "init_world": [0, 2, 1, 2, 0, 0, 2, 2, 0, 1, 1, 0, 2, 2, 2, 1, 1, 2, 2, 0, 1, 2, 1, 2, 2, 1, 1, 2, 0, 2, 2, 0, 2, 0, 0, 1, 0, 0, 2, 2], "final": {"social_welfare": [1.0, 0.4583333333333332, 0.9875, 0.7371126026785593], "degree_of_intergration": [1.0, 0.975], "number_of_colorful_edges": 0.9875}, "steps": 15, "final_world": [0, 2, 1, 2, 1, 0, 2, 1, 2, 0, 2, 0, 2, 0, 2, 0, 2, 0, 2, 0, 1, 2, 1, 2, 1, 2, 1, 2, 0, 1, 2, 0, 2, 1, 2, 1, 0, 2, 0, 2]}, "2": {"init": {"social_welfare": [0.925, 0.4000000000000001, 0.75, 0.6515971067857016], "degree_of_intergration": [0.925, 0.575], "number_of_colorful_edges": 0.75}, "init_world": [1, 1, 2, 2, 1, 1, 1, 1, 0, 2, 1, 2, 0, 2, 1, 2, 1, 2, 0, 1, 1, 0, 0, 0, 2, 1, 0, 0, 2, 0, 2, 1, 0, 1, 0, 2, 0, 2, 2, 1], "final": {"social_welfare": [1.0, 0.49166666666666653, 1.0, 0.7791745862499898], "degree_of_intergration": [1.0, 1.0], "number_of_colorful_edges": 1.0}, "steps": 8, "final_world": [2, 1, 0, 1, 0, 2, 1, 2, 0, 2, 1, 2, 1, 2, 1, 2, 1, 2, 0, 2, 1, 0, 1, 0, 2, 1, 0, 1, 2, 0, 2, 1, 0, 1, 0, 1, 0, 2, 0, 1]}, "3": {"init": {"social_welfare": [0.925, 0.38333333333333347, 0.7375, 0.6305661149999864], "degree_of_intergration": [0.925, 0.55], "number_of_colorful_edges": 0.7375}, "init_world": [1, 0, 1, 2, 0, 0, 1, 0, 2, 2, 2, 1, 1, 1, 0, 0, 1, 2, 1, 0, 2, 0, 2, 0, 0, 0, 1, 2, 1, 2, 1, 1, 2, 1, 2, 0, 2, 1, 2, 2], "final": {"social_welfare": [1.0, 0.5416666666666667, 1.0, 0.8422675616071353], "degree_of_intergration": [1.0, 1.0], "number_of_colorful_edges": 1.0}, "steps": 7, "final_world": [2, 0, 1, 2, 1, 0, 1, 0, 2, 1, 0, 1, 2, 1, 2, 0, 1, 2, 1, 0, 2, 1, 2, 0, 1, 0, 1, 2, 0, 2, 0, 1, 2, 1, 2, 0, 2, 1, 0, 2]}, "4": {"init": {"social_welfare": [0.775, 0.3083333333333334, 0.5125, 0.5121126026785593], "degree_of_intergration": [0.775, 0.25], "number_of_colorful_edges": 0.5125}, "init_world": [2, 2, 2, 2, 0, 1, 1, 2, 1, 2, 0, 0, 1, 1, 1, 2, 2, 2, 1, 2, 0, 1, 1, 0, 0, 2, 1, 0, 0, 0, 0, 0, 0, 2, 0, 0, 1, 1, 0, 0], "final": {"social_welfare": [1.0, 0.4916666666666667, 0.9875, 0.7791745862499897], "degree_of_intergration": [1.0, 0.975], "number_of_colorful_edges": 0.9875}, "steps": 12, "final_world": [1, 2, 0, 1, 0, 1, 0, 1, 0, 2, 1, 0, 1, 0, 1, 2, 0, 2, 0, 2, 0, 2, 1, 0, 1, 2, 1, 0, 2, 0, 2, 1, 0, 2, 1, 0, 2, 0, 2, 0]}, "5": {"init": {"social_welfare": [0.875, 0.33333333333333337, 0.575, 0.5595351232142712], "degree_of_intergration": [0.875, 0.275], "number_of_colorful_edges": 0.575}, "init_world": [0, 2, 2, 1, 1, 0, 0, 2, 1, 0, 1, 0, 0, 2, 0, 0, 2, 0, 0, 2, 2, 1, 1, 1, 2, 2, 2, 2, 0, 2, 2, 1, 1, 1, 1, 2, 2, 1, 0, 2], "final": {"social_welfare": [1.0, 0.5083333333333334, 1.0, 0.800205578035705], "degree_of_intergration": [1.0, 1.0], "number_of_colorful_edges": 1.0}, "steps": 15, "final_world": [1, 2, 0, 2, 0, 2, 1, 2, 1, 2, 0, 2, 0, 2, 1, 0, 2, 1, 0, 2, 0, 1, 2, 1, 2, 1, 0, 2, 0, 1, 2, 1, 2, 1, 0, 2, 0, 1, 0, 2]}, "6": {"init": {"social_welfare": [0.825, 0.33333333333333337, 0.575, 0.5515971067857016], "degree_of_intergration": [0.825, 0.325], "number_of_colorful_edges": 0.575}, "init_world": [1, 1, 0, 2, 2, 2, 2, 2, 0, 2, 2, 2, 2, 1, 1, 0, 2, 2, 2, 0, 0, 2, 1, 2, 2, 0, 2, 1, 0, 2, 2, 1, 0, 1, 0, 1, 1, 1, 0, 0], "final": {"social_welfare": [1.0, 0.4999999999999999, 0.975, 0.7896900821428474], "degree_of_intergration": [1.0, 0.95], "number_of_colorful_edges": 0.975}, "steps": 8, "final_world": [2, 1, 0, 2, 1, 2, 1, 2, 0, 2, 1, 2, 0, 2, 1, 0, 2, 0, 2, 2, 0, 2, 1, 0, 2, 0, 2, 1, 0, 2, 0, 1, 2, 1, 2, 1, 2, 1, 2, 0]}, "7": {"init": {"social_welfare": [0.9, 0.4083333333333333, 0.7, 0.6581435944642745], "degree_of_intergration": [0.9, 0.5], "number_of_colorful_edges": 0.7}, "init_world": [1, 2, 0, 0, 0, 2, 2, 0, 1, 2, 0, 0, 1, 2, 2, 2, 2, 0, 0, 0, 2, 0, 1, 2, 0, 0, 2, 1, 0, 2, 0, 2, 0, 2, 1, 2, 2, 0, 0, 2], "final": {"social_welfare": [1.0, 0.47499999999999976, 0.925, 0.7581435944642745], "degree_of_intergration": [1.0, 0.85], "number_of_colorful_edges": 0.925}, "steps": 5, "final_world": [1, 2, 0, 2, 1, 0, 2, 0, 1, 2, 0, 2, 0, 2, 1, 0, 2, 0, 2, 0, 2, 0, 1, 2, 0, 0, 2, 1, 0, 2, 0, 2, 0, 2, 0, 2, 2, 0, 0, 2]}, "8": {"init": {"social_welfare": [0.925, 0.3833333333333334, 0.7, 0.6305661149999864], "degree_of_intergration": [0.925, 0.475], "number_of_colorful_edges": 0.7}, "init_world": [0, 2, 2, 2, 2, 2, 0, 1, 0, 2, 2, 0, 1, 2, 1, 1, 2, 2, 1, 0, 1, 1, 2, 0, 2, 0, 2, 1, 0, 0, 1, 2, 1, 2, 1, 1, 0, 0, 2, 2], "final": {"social_welfare": [1.0, 0.5166666666666668, 1.0, 0.8107210739285626], "degree_of_intergration": [1.0, 1.0], "number_of_colorful_edges": 1.0}, "steps": 14, "final_world": [0, 2, 1, 2, 1, 2, 1, 2, 0, 1, 2, 0, 2, 0, 2, 1, 0, 2, 1, 2, 1, 0, 2, 0, 2, 0, 2, 1, 2, 0, 1, 2, 1, 2, 0, 1, 2, 1, 0, 2]}, "9": {"init": {"social_welfare": [0.8, 0.3416666666666666, 0.575, 0.5581435944642745], "degree_of_intergration": [0.8, 0.35], "number_of_colorful_edges": 0.575}, "init_world": [0, 2, 0, 0, 1, 2, 1, 0, 2, 2, 0, 2, 0, 0, 2, 2, 2, 2, 1, 1, 0, 2, 2, 2, 1, 1, 1, 1, 2, 0, 1, 2, 2, 2, 2, 2, 0, 1, 2, 1], "final": {"social_welfare": [1.0, 0.4833333333333334, 0.925, 0.7686590903571322], "degree_of_intergration": [1.0, 0.85], "number_of_colorful_edges": 0.925}, "steps": 9, "final_world": [0, 2, 1, 2, 1, 2, 1, 0, 2, 2, 0, 2, 2, 0, 2, 1, 2, 1, 2, 1, 0, 2, 0, 2, 1, 2, 2, 1, 2, 0, 1, 2, 0, 2, 1, 2, 0, 1, 2, 0]}}