{"0": {"init": {"social_welfare": [0.825, 0.30000000000000004, 0.6125, 0.5095351232142712], "degree_of_intergration": [0.825, 0.4], "number_of_colorful_edges": 0.6125}, "init_world": [1, 1, 1, 1, 2, 1, 2, 1, 1, 2, 1, 2, 2, 1, 1, 1, 2, 1, 2, 2, 2, 0, 2, 2, 2, 1, 2, 0, 2, 1, 2, 2, 2, 1, 2, 2, 1, 0, 0, 1], "final": {"social_welfare": [1.0, 0.4166666666666668, 0.95, 0.6845351232142711], "degree_of_intergration": [1.0, 0.9], "number_of_colorful_edges": 0.95}, "steps": 5, "final_world": [0, 1, 2, 1, 2, 1, 2, 0, 1, 2, 1, 2, 2, 1, 2, 1, 2, 1, 2, 1, 2, 1, 2, 1, 2, 1, 2, 0, 2, 1, 2, 1, 2, 1, 2, 2, 1, 2, 0, 1]}, "1": {"init": {"social_welfare": [0.875, 0.35000000000000014, 0.5875, 0.5805661149999863], "degree_of_intergration": [0.875, 0.3], "number_of_colorful_edges": 0.5875}, "init_world": [2, 0, 0, 1, 1, 1, 0, 2, 2, 1, 2, 0, 1, 2, 1, 0, 0, 0, 0, 2, 2, 2, 0, 0, 0, 1, 1, 0, 0, 2, 2, 1, 1, 0, 0, 1, 0, 2, 1, 2], "final": {"social_welfare": [1.0, 0.5416666666666669, 1.0, 0.8422675616071356], "degree_of_intergration": [1.0, 1.0], "number_of_colorful_edges": 1.0}, "steps": 11, "final_world": [1, 2, 0, 1, 0, 1, 0, 2, 0, 1, 2, 0, 1, 2, 1, 0, 1, 2, 0, 2, 0, 2, 1, 0, 2, 0, 1, 0, 2, 0, 2, 0, 1, 2, 0, 1, 0, 2, 1, 0]}, "2": {"init": {"social_welfare": [0.85, 0.3083333333333334, 0.6375, 0.5240196273214135], "degree_of_intergration": [0.85, 0.425], "number_of_colorful_edges": 0.6375}, "init_world": [2, 1, 2, 1, 2, 2, 2, 0, 1, 0, 2, 0, 2, 0, 2, 0, 2, 2, 1, 1, 1, 1, 0, 1, 1, 1, 0, 0, 2, 0, 2, 2, 2, 1, 2, 2, 2, 1, 0, 0], "final": {"social_welfare": [1.0, 0.4666666666666666, 1.0, 0.7476280985714169], "degree_of_intergration": [1.0, 1.0], "number_of_colorful_edges": 1.0}, "steps": 7, "final_world": [0, 1, 2, 1, 2, 1, 2, 0, 2, 0, 2, 0, 2, 0, 1, 2, 0, 2, 1, 0, 2, 1, 0, 1, 2, 1, 2, 0, 2, 0, 2, 1, 2, 1, 2, 1, 2, 1, 2, 0]}, "3": {"init": {"social_welfare": [0.9, 0.3916666666666667, 0.7125, 0.6371126026785593], "degree_of_intergration": [0.9, 0.525], "number_of_colorful_edges": 0.7125}, "init_world": [2, 1, 2, 0, 1, 0, 2, 1, 0, 1, 0, 0, 1, 1, 1, 2, 1, 0, 0, 0, 1, 1, 0, 1, 1, 1, 0, 2, 1, 0, 1, 0, 1, 1, 2, 1, 1, 1, 0, 2], "final": {"social_welfare": [1.0, 0.45000000000000007, 0.9125, 0.7265971067857017], "degree_of_intergration": [1.0, 0.825], "number_of_colorful_edges": 0.9125}, "steps": 4, "final_world": [1, 2, 1, 0, 1, 0, 2, 1, 0, 1, 1, 0, 1, 0, 1, 2, 1, 0, 1, 0, 1, 1, 0, 1, 2, 1, 0, 2, 1, 0, 1, 0, 1, 1, 2, 1, 0, 1, 0, 2]}, "4": {"init": {"social_welfare": [0.825, 0.3583333333333335, 0.6125, 0.5831435944642746], "degree_of_intergration": [0.825, 0.4], "number_of_colorful_edges": 0.6125}, "init_world": [1, 0, 2, 2, 1, 0, 1, 2, 2, 2, 2, 0, 1, 1, 0, 2, 1, 1, 2, 0, 0, 2, 0, 2, 2, 2, 2, 2, 1, 2, 1, 0, 0, 2, 0, 0, 1, 2, 2, 2], "final": {"social_welfare": [1.0, 0.4666666666666667, 0.9875, 0.7476280985714169], "degree_of_intergration": [1.0, 0.975], "number_of_colorful_edges": 0.9875}, "steps": 8, "final_world": [1, 2, 0, 2, 1, 2, 1, 2, 1, 0, 2, 0, 2, 1, 2, 0, 2, 1, 0, 2, 0, 2, 0, 2, 1, 2, 0, 2, 1, 2, 1, 2, 0, 2, 0, 2, 1, 2, 0, 2]}, "5": {"init": {"social_welfare": [0.925, 0.3500000000000002, 0.6375, 0.5885041314285558], "degree_of_intergration": [0.925, 0.35], "number_of_colorful_edges": 0.6375}, "init_world": [1, 0, 0, 0, 0, 1, 2, 1, 1, 2, 0, 0, 2, 1, 0, 0, 0, 2, 0, 2, 0, 0, 1, 0, 0, 1, 1, 0, 0, 2, 2, 0, 1, 0, 1, 1, 2, 2, 0, 2], "final": {"social_welfare": [1.0, 0.4749999999999999, 0.95, 0.7581435944642745], "degree_of_intergration": [1.0, 0.9], "number_of_colorful_edges": 0.95}, "steps": 8, "final_world": [2, 0, 1, 2, 0, 1, 2, 0, 1, 0, 2, 0, 2, 1, 0, 1, 0, 2, 0, 2, 0, 2, 1, 0, 1, 0, 1, 0, 1, 0, 2, 0, 1, 0, 0, 1, 0, 2, 0, 0]}, "6": {"init": {"social_welfare": [0.9, 0.3583333333333335, 0.65, 0.5950506191071288], "degree_of_intergration": [0.9, 0.4], "number_of_colorful_edges": 0.65}, "init_world": [2, 0, 1, 2, 1, 2, 0, 2, 0, 0, 0, 1, 1, 2, 1, 1, 0, 1, 2, 2, 0, 1, 1, 1, 2, 0, 2, 2, 2, 0, 0, 0, 2, 2, 0, 2, 2, 1, 1, 0], "final": {"social_welfare": [1.0, 0.5083333333333335, 1.0, 0.8002055780357049], "degree_of_intergration": [1.0, 1.0], "number_of_colorful_edges": 1.0}, "steps": 8, "final_world": [2, 0, 1, 2, 1, 2, 0, 2, 0, 1, 2, 1, 2, 1, 2, 1, 0, 2, 1, 2, 0, 1, 0, 1, 2, 0, 2, 0, 2, 0, 2, 0, 1, 2, 0, 1, 0, 2, 1, 0]}, "7": {"init": {"social_welfare": [0.925, 0.3833333333333334, 0.6375, 0.6305661149999864], "degree_of_intergration": [0.925, 0.35], "number_of_colorful_edges": 0.6375}, "init_world": [2, 0, 0, 2, 2, 0, 1, 2, 2, 0, 2, 1, 2, 2, 1, 1, 0, 0, 0, 1, 2, 2, 1, 0, 0, 1, 2, 0, 0, 2, 1, 0, 1, 1, 0, 1, 1, 2, 2, 2], "final": {"social_welfare": [1.0, 0.5666666666666669, 1.0, 0.8738140492857085], "degree_of_intergration": [1.0, 1.0], "number_of_colorful_edges": 1.0}, "steps": 8, "final_world": [1, 2, 0, 1, 2, 0, 1, 0, 2, 0, 2, 1, 2, 0, 2, 1, 0, 2, 0, 1, 0, 2, 1, 2, 0, 2, 1, 2, 0, 2, 1, 0, 2, 1, 0, 2, 1, 2, 0, 1]}, "8": {"init": {"social_welfare": [0.95, 0.4083333333333334, 0.7375, 0.666081610892844], "degree_of_intergration": [0.95, 0.525], "number_of_colorful_edges": 0.7375}, "init_world": [1, 1, 1, 0, 1, 0, 0, 2, 1, 1, 2, 2, 1, 0, 1, 1, 2, 0, 2, 0, 1, 2, 0, 0, 2, 1, 2, 0, 2, 2, 1, 2, 0, 1, 2, 2, 1, 2, 2, 1], "final": {"social_welfare": [1.0, 0.5583333333333333, 1.0, 0.8632985533928507], "degree_of_intergration": [1.0, 1.0], "number_of_colorful_edges": 1.0}, "steps": 8, "final_world": [0, 2, 1, 0, 2, 1, 0, 2, 1, 0, 1, 2, 1, 0, 2, 1, 2, 1, 2, 0, 1, 2, 1, 0, 2, 1, 2, 0, 1, 2, 1, 2, 1, 2, 1, 2, 0, 1, 2, 0]}, "9": {"init": {"social_welfare": [0.825, 0.3916666666666667, 0.675, 0.625205578035705], "degree_of_intergration": [0.825, 0.525], "number_of_colorful_edges": 0.675}, "init_world": [2, 1, 0, 0, 0, 0, 1, 2, 1, 2, 0, 0, 0, 2, 1, 2, 2, 2, 2, 0, 1, 2, 0, 2, 1, 0, 2, 1, 2, 2, 0, 2, 2, 2, 2, 0, 2, 2, 1, 0], "final": {"social_welfare": [1.0, 0.475, 0.9625, 0.7581435944642745], "degree_of_intergration": [1.0, 0.925], "number_of_colorful_edges": 0.9625}, "steps": 6, "final_world": [2, 1, 2, 0, 2, 0, 1, 2, 1, 2, 0, 2, 0, 2, 1, 2, 0, 2, 0, 2, 1, 2, 0, 2, 1, 0, 2, 1, 0, 2, 0, 2, 0, 2, 2, 0, 2, 1, 2, 0]}}