{"0": {"init": {"social_welfare": [0.95, 0.4708333333333333, 0.6749999999999998, 0.7080763193973642], "degree_of_intergration": [0.95, 0.7375, 0.3375], "number_of_colorful_edges": 0.675}, "init_world": [[2, 1, 0, 0, 0, 0, 2, 0, 1, 2, 0, 0, 1, 0, 2, 2, 2, 2, 0, 0, 1, 1, 1, 1, 0, 2, 0, 0, 1, 1, 1, 1, 0, 2, 1, 2, 0, 0, 0, 2], [0, 1, 1, 0, 1, 0, 1, 2, 2, 0, 2, 2, 1, 0, 1, 2, 1, 0, 1, 2, 1, 0, 1, 1, 2, 0, 2, 0, 1, 2, 0, 1, 2, 1, 2, 2, 1, 0, 2, 2]], "final": {"social_welfare": [1.0, 0.5416666666666667, 0.9833333333333334, 0.7834439591518338], "degree_of_intergration": [1.0, 1.0, 0.95], "number_of_colorful_edges": 0.9833333333333333}, "steps": 22, "final_world": [[1, 0, 2, 1, 0, 1, 2, 0, 1, 2, 0, 1, 2, 0, 2, 0, 2, 1, 0, 1, 0, 1, 0, 1, 0, 2, 0, 2, 0, 1, 2, 1, 0, 2, 0, 2, 0, 1, 2, 0], [0, 2, 1, 0, 1, 0, 1, 2, 2, 0, 1, 2, 1, 2, 1, 2, 1, 0, 1, 2, 1, 0, 1, 0, 2, 0, 2, 0, 1, 2, 0, 1, 2, 1, 2, 0, 1, 0, 1, 2]]}, "1": {"init": {"social_welfare": [0.975, 0.47916666666666696, 0.6333333333333331, 0.7312914536384345], "degree_of_intergration": [0.975, 0.75, 0.175], "number_of_colorful_edges": 0.6333333333333333}, "init_world": [[1, 0, 1, 1, 0, 2, 1, 2, 0, 2, 2, 2, 2, 1, 2, 2, 2, 1, 2, 1, 0, 1, 1, 1, 2, 0, 2, 1, 2, 0, 2, 0, 0, 2, 2, 1, 0, 2, 1, 1], [1, 2, 0, 0, 0, 2, 1, 0, 0, 1, 1, 0, 2, 0, 1, 0, 2, 1, 2, 1, 2, 0, 0, 0, 2, 0, 2, 2, 2, 2, 2, 2, 0, 2, 0, 1, 2, 2, 0, 0]], "final": {"social_welfare": [1.0, 0.5249999999999998, 0.975, 0.7632055810714771], "degree_of_intergration": [1.0, 1.0, 0.925], "number_of_colorful_edges": 0.975}, "steps": 21, "final_world": [[2, 1, 2, 1, 2, 1, 0, 2, 0, 2, 0, 2, 0, 1, 2, 1, 2, 0, 2, 1, 0, 1, 2, 1, 0, 1, 2, 1, 2, 0, 2, 0, 2, 0, 2, 2, 0, 2, 1, 0], [1, 2, 0, 2, 1, 2, 1, 0, 2, 0, 2, 0, 2, 0, 1, 0, 2, 1, 2, 0, 2, 0, 1, 0, 2, 0, 1, 2, 1, 2, 1, 2, 0, 2, 0, 1, 2, 1, 0, 2]]}, "2": {"init": {"social_welfare": [0.975, 0.5000000000000001, 0.6583333333333333, 0.7554731426786127], "degree_of_intergration": [0.975, 0.775, 0.225], "number_of_colorful_edges": 0.6583333333333333}, "init_world": [[1, 2, 2, 1, 1, 2, 1, 0, 0, 1, 0, 0, 1, 1, 1, 0, 0, 1, 1, 1, 2, 1, 2, 0, 1, 0, 1, 2, 2, 0, 0, 1, 1, 1, 0, 1, 2, 2, 2, 2], [1, 0, 0, 2, 2, 2, 0, 1, 0, 1, 2, 2, 2, 0, 1, 2, 0, 2, 0, 2, 0, 1, 2, 2, 1, 0, 0, 0, 1, 2, 0, 2, 1, 1, 0, 1, 0, 1, 2, 0]], "final": {"social_welfare": [1.0, 0.5541666666666664, 0.9833333333333334, 0.7997390262723688], "degree_of_intergration": [1.0, 1.0, 0.95], "number_of_colorful_edges": 0.9833333333333333}, "steps": 27, "final_world": [[0, 1, 0, 1, 2, 0, 1, 0, 1, 0, 1, 2, 1, 2, 1, 0, 2, 1, 2, 1, 2, 0, 2, 1, 2, 0, 1, 2, 0, 1, 2, 1, 0, 1, 2, 0, 2, 0, 1, 2], [1, 0, 1, 2, 0, 1, 0, 1, 0, 1, 2, 1, 2, 0, 1, 2, 1, 2, 0, 2, 0, 1, 0, 2, 1, 2, 0, 0, 1, 2, 0, 2, 1, 2, 0, 1, 0, 1, 2, 0]]}, "3": {"init": {"social_welfare": [0.975, 0.5041666666666663, 0.6749999999999997, 0.7519745632366504], "degree_of_intergration": [0.975, 0.7625, 0.2875], "number_of_colorful_edges": 0.675}, "init_world": [[2, 0, 1, 2, 2, 2, 0, 0, 0, 2, 2, 2, 1, 1, 1, 1, 0, 0, 1, 2, 2, 2, 0, 0, 1, 0, 2, 1, 0, 0, 1, 1, 0, 1, 2, 2, 1, 1, 1, 0], [1, 2, 2, 0, 2, 1, 1, 2, 0, 0, 2, 2, 0, 0, 2, 1, 0, 1, 2, 2, 0, 2, 1, 1, 0, 2, 2, 0, 1, 2, 0, 0, 2, 0, 1, 2, 0, 0, 2, 2]], "final": {"social_welfare": [1.0, 0.5208333333333333, 0.9916666666666666, 0.7562855139509419], "degree_of_intergration": [1.0, 1.0, 0.975], "number_of_colorful_edges": 0.9916666666666667}, "steps": 25, "final_world": [[2, 0, 1, 2, 0, 2, 0, 2, 0, 2, 0, 2, 0, 2, 0, 2, 1, 2, 1, 0, 2, 1, 2, 0, 2, 0, 2, 1, 2, 1, 2, 1, 0, 1, 2, 0, 1, 0, 1, 0], [1, 2, 2, 0, 2, 0, 1, 0, 1, 0, 2, 0, 2, 1, 2, 1, 0, 1, 2, 1, 0, 2, 1, 2, 0, 2, 1, 0, 1, 2, 1, 0, 2, 0, 1, 2, 0, 1, 0, 2]]}, "4": {"init": {"social_welfare": [0.9375, 0.4291666666666667, 0.675, 0.6468393618750453], "degree_of_intergration": [0.9375, 0.675, 0.4125], "number_of_colorful_edges": 0.675}, "init_world": [[0, 0, 2, 2, 2, 2, 1, 2, 0, 0, 2, 0, 0, 0, 2, 0, 2, 1, 2, 2, 1, 0, 0, 2, 0, 2, 1, 0, 0, 2, 0, 2, 0, 0, 2, 0, 0, 2, 2, 0], [0, 1, 2, 1, 0, 1, 2, 0, 2, 1, 0, 1, 0, 0, 0, 0, 1, 1, 2, 1, 0, 1, 0, 0, 2, 0, 2, 0, 1, 0, 1, 0, 0, 0, 0, 1, 1, 2, 2, 0]], "final": {"social_welfare": [1.0, 0.4958333333333334, 0.9333333333333332, 0.741555916674153], "degree_of_intergration": [1.0, 1.0, 0.8], "number_of_colorful_edges": 0.9333333333333333}, "steps": 16, "final_world": [[2, 0, 0, 2, 0, 2, 0, 2, 0, 0, 2, 0, 2, 0, 2, 0, 0, 1, 0, 0, 1, 0, 1, 2, 0, 2, 0, 2, 0, 2, 0, 2, 0, 1, 2, 0, 0, 1, 2, 0], [0, 1, 2, 1, 0, 1, 2, 0, 2, 1, 0, 2, 0, 1, 0, 2, 1, 0, 2, 1, 0, 1, 0, 0, 2, 0, 2, 0, 1, 0, 1, 0, 2, 0, 0, 2, 1, 0, 1, 2]]}, "5": {"init": {"social_welfare": [0.9375, 0.4458333333333333, 0.6749999999999996, 0.687915033080397], "degree_of_intergration": [0.9375, 0.775, 0.3125], "number_of_colorful_edges": 0.675}, "init_world": [[2, 1, 0, 2, 0, 1, 1, 2, 1, 2, 1, 0, 2, 2, 2, 2, 2, 0, 1, 0, 1, 0, 0, 0, 1, 2, 1, 0, 2, 0, 2, 0, 1, 1, 1, 2, 0, 0, 2, 1], [2, 0, 1, 0, 2, 2, 0, 2, 1, 1, 1, 1, 1, 2, 2, 1, 1, 0, 1, 1, 1, 1, 0, 1, 2, 2, 0, 2, 0, 1, 1, 0, 1, 2, 2, 0, 0, 2, 0, 0]], "final": {"social_welfare": [1.0, 0.5499999999999999, 0.9916666666666666, 0.7943073372321904], "degree_of_intergration": [1.0, 1.0, 0.975], "number_of_colorful_edges": 0.9916666666666667}, "steps": 26, "final_world": [[0, 1, 2, 1, 2, 0, 1, 2, 1, 2, 1, 0, 2, 1, 0, 1, 2, 1, 2, 0, 1, 0, 2, 0, 1, 2, 1, 0, 2, 0, 2, 0, 2, 0, 1, 2, 1, 0, 2, 1], [2, 0, 1, 2, 1, 2, 0, 1, 2, 1, 2, 1, 1, 0, 2, 0, 1, 2, 0, 1, 0, 1, 0, 1, 2, 1, 0, 2, 0, 1, 0, 2, 1, 2, 0, 1, 0, 2, 1, 0]]}, "6": {"init": {"social_welfare": [0.9375, 0.4416666666666667, 0.6416666666666664, 0.6690879413170074], "degree_of_intergration": [0.9375, 0.675, 0.3125], "number_of_colorful_edges": 0.6416666666666667}, "init_world": [[1, 2, 1, 2, 0, 1, 0, 0, 2, 0, 1, 0, 0, 1, 0, 2, 0, 2, 0, 0, 2, 2, 0, 0, 2, 0, 0, 0, 0, 0, 1, 1, 0, 0, 2, 0, 0, 0, 0, 2], [0, 1, 1, 2, 2, 2, 0, 1, 0, 1, 0, 1, 0, 2, 1, 0, 2, 2, 2, 0, 2, 1, 1, 1, 1, 0, 0, 0, 2, 1, 1, 1, 0, 2, 1, 0, 1, 1, 1, 0]], "final": {"social_welfare": [1.0, 0.5166666666666667, 0.966666666666667, 0.7582957153125476], "degree_of_intergration": [1.0, 1.0, 0.9], "number_of_colorful_edges": 0.9666666666666667}, "steps": 21, "final_world": [[1, 0, 1, 2, 0, 1, 2, 0, 2, 0, 1, 0, 2, 1, 0, 1, 0, 1, 0, 2, 0, 2, 0, 0, 2, 0, 1, 2, 0, 0, 1, 0, 1, 0, 2, 1, 0, 1, 0, 2], [0, 1, 2, 0, 1, 2, 0, 1, 0, 1, 0, 1, 0, 2, 1, 0, 2, 0, 2, 0, 2, 0, 2, 1, 0, 2, 0, 0, 2, 1, 0, 1, 0, 2, 1, 0, 1, 0, 1, 0]]}, "7": {"init": {"social_welfare": [0.925, 0.4291666666666666, 0.6333333333333331, 0.6622449659598617], "degree_of_intergration": [0.925, 0.675, 0.3], "number_of_colorful_edges": 0.6333333333333333}, "init_world": [[2, 2, 2, 2, 2, 1, 1, 0, 0, 1, 1, 0, 0, 2, 1, 1, 1, 0, 0, 1, 0, 2, 1, 1, 0, 1, 1, 2, 0, 1, 0, 1, 1, 1, 2, 0, 0, 0, 2, 0], [0, 2, 2, 2, 1, 0, 0, 0, 2, 0, 1, 1, 0, 0, 2, 1, 1, 0, 2, 0, 1, 0, 1, 0, 0, 0, 2, 0, 1, 2, 0, 0, 2, 1, 1, 2, 2, 0, 1, 1]], "final": {"social_welfare": [1.0, 0.5375000000000001, 1.0, 0.7780122701116554], "degree_of_intergration": [1.0, 1.0, 1.0], "number_of_colorful_edges": 1.0}, "steps": 24, "final_world": [[1, 0, 1, 0, 2, 1, 0, 1, 0, 1, 2, 0, 1, 2, 0, 2, 0, 1, 0, 1, 0, 1, 2, 1, 0, 1, 0, 1, 0, 1, 0, 1, 2, 1, 2, 0, 2, 1, 2, 0], [0, 2, 0, 2, 1, 0, 1, 0, 2, 0, 1, 2, 0, 1, 2, 0, 2, 0, 2, 0, 1, 0, 1, 0, 2, 0, 2, 0, 1, 2, 1, 0, 1, 0, 1, 2, 1, 0, 1, 2]]}, "8": {"init": {"social_welfare": [0.9625, 0.49583333333333346, 0.6416666666666667, 0.7341911180357586], "degree_of_intergration": [0.9625, 0.6875, 0.275], "number_of_colorful_edges": 0.6416666666666667}, "init_world": [[1, 2, 2, 0, 1, 2, 0, 2, 1, 1, 1, 0, 2, 0, 0, 1, 2, 1, 0, 2, 2, 2, 0, 2, 2, 1, 0, 0, 1, 1, 0, 0, 2, 1, 0, 0, 0, 1, 2, 1], [1, 2, 2, 2, 1, 1, 1, 0, 0, 0, 2, 1, 0, 2, 1, 2, 0, 0, 0, 2, 1, 2, 0, 0, 2, 1, 2, 2, 2, 2, 2, 1, 0, 0, 2, 0, 2, 1, 1, 1]], "final": {"social_welfare": [1.0, 0.5458333333333333, 0.9750000000000002, 0.7888756481920122], "degree_of_intergration": [1.0, 1.0, 0.925], "number_of_colorful_edges": 0.975}, "steps": 22,