{"0": {"init": {"social_welfare": [0.975, 0.5, 0.6916666666666665, 0.7554731426786129], "degree_of_intergration": [0.975, 0.8, 0.3], "number_of_colorful_edges": 0.6916666666666665}, "init_world": [[0, 2, 2, 1, 0, 2, 0, 2, 0, 2, 1, 1, 1, 0, 0, 2, 1, 2, 0, 2, 1, 1, 0, 2, 1, 1, 2, 2, 2, 1, 2, 1, 1, 0, 1, 1, 1, 2, 2, 2], [0, 1, 2, 2, 0, 1, 0, 1, 2, 0, 0, 0, 1, 1, 1, 1, 1, 0, 0, 2, 0, 2, 1, 1, 0, 2, 1, 2, 0, 0, 1, 0, 2, 2, 0, 1, 0, 0, 0, 2]], "final": {"social_welfare": [1.0, 0.5708333333333331, 0.9666666666666665, 0.8214657824330823], "degree_of_intergration": [1.0, 1.0, 0.9], "number_of_colorful_edges": 0.9666666666666667}, "steps": 20, "final_world": [[1, 2, 0, 1, 0, 2, 1, 2, 0, 2, 1, 2, 0, 1, 0, 2, 0, 2, 1, 0, 2, 1, 0, 2, 1, 0, 2, 1, 2, 1, 2, 1, 1, 0, 1, 2, 1, 0, 1, 0], [0, 1, 2, 2, 0, 1, 0, 1, 2, 0, 2, 0, 1, 0, 2, 1, 2, 1, 0, 2, 0, 2, 1, 1, 0, 2, 1, 2, 0, 2, 1, 0, 2, 1, 0, 1, 0, 1, 0, 2]]}, "1": {"init": {"social_welfare": [0.9625, 0.47500000000000026, 0.6999999999999998, 0.7129861851562939], "degree_of_intergration": [0.9625, 0.7625, 0.375], "number_of_colorful_edges": 0.7}, "init_world": [[0, 2, 2, 1, 1, 0, 1, 1, 2, 2, 1, 2, 0, 2, 0, 2, 1, 0, 2, 0, 0, 0, 1, 2, 1, 0, 2, 2, 0, 1, 1, 1, 1, 2, 1, 0, 0, 2, 0, 2], [1, 1, 2, 0, 2, 0, 1, 1, 0, 1, 1, 1, 2, 0, 2, 1, 0, 1, 2, 1, 2, 2, 1, 0, 0, 0, 0, 2, 0, 1, 1, 0, 1, 1, 2, 1, 0, 0, 1, 0]], "final": {"social_welfare": [1.0, 0.5708333333333331, 0.9916666666666668, 0.8214657824330823], "degree_of_intergration": [1.0, 1.0, 0.975], "number_of_colorful_edges": 0.9916666666666667}, "steps": 22, "final_world": [[1, 2, 1, 2, 0, 1, 2, 0, 1, 0, 1, 2, 0, 1, 0, 2, 1, 0, 1, 0, 1, 0, 1, 2, 1, 0, 1, 0, 1, 2, 0, 1, 0, 2, 1, 0, 1, 2, 0, 2], [2, 1, 2, 0, 1, 0, 1, 2, 0, 1, 2, 1, 2, 0, 2, 1, 0, 1, 2, 1, 0, 2, 1, 0, 2, 1, 0, 2, 0, 1, 2, 0, 1, 0, 2, 1, 2, 0, 1, 0]]}, "2": {"init": {"social_welfare": [0.9375, 0.4166666666666668, 0.6666666666666666, 0.6558467221205754], "degree_of_intergration": [0.9375, 0.75, 0.3125], "number_of_colorful_edges": 0.6666666666666666}, "init_world": [[2, 1, 1, 1, 2, 2, 2, 1, 0, 1, 0, 1, 0, 0, 1, 2, 2, 2, 1, 2, 1, 1, 2, 1, 0, 1, 0, 1, 1, 2, 2, 1, 2, 1, 2, 2, 2, 0, 0, 0], [0, 1, 0, 0, 2, 0, 1, 2, 0, 0, 2, 1, 2, 1, 0, 1, 0, 1, 1, 2, 2, 2, 1, 2, 1, 2, 0, 1, 2, 2, 1, 1, 1, 1, 1, 2, 0, 0, 0, 2]], "final": {"social_welfare": [1.0, 0.5166666666666667, 1.0, 0.7508538249107636], "degree_of_intergration": [1.0, 1.0, 1.0], "number_of_colorful_edges": 1.0}, "steps": 21, "final_world": [[1, 0, 2, 1, 0, 1, 2, 1, 2, 1, 0, 2, 1, 2, 1, 2, 1, 2, 1, 0, 1, 0, 2, 1, 2, 1, 2, 0, 1, 0, 2, 1, 2, 1, 2, 1, 2, 0, 1, 0], [0, 2, 1, 0, 2, 0, 1, 2, 1, 0, 2, 1, 2, 1, 2, 1, 0, 1, 0, 2, 0, 2, 1, 2, 1, 2, 0, 1, 0, 2, 1, 0, 1, 2, 1, 2, 0, 1, 0, 2]]}, "3": {"init": {"social_welfare": [0.975, 0.49999999999999983, 0.6416666666666664, 0.7465428741964721], "degree_of_intergration": [0.975, 0.725, 0.225], "number_of_colorful_edges": 0.6416666666666667}, "init_world": [[2, 2, 0, 0, 1, 0, 1, 1, 2, 1, 1, 0, 0, 2, 1, 1, 2, 1, 0, 1, 1, 0, 1, 1, 1, 0, 0, 2, 1, 2, 1, 0, 0, 0, 0, 1, 0, 2, 1, 0], [1, 1, 2, 2, 2, 0, 1, 1, 2, 1, 2, 2, 1, 1, 0, 1, 1, 0, 2, 2, 2, 2, 1, 0, 2, 1, 0, 0, 2, 2, 2, 0, 1, 1, 0, 2, 0, 1, 1, 1]], "final": {"social_welfare": [1.0, 0.5416666666666666, 0.9666666666666668, 0.7849323372321905], "degree_of_intergration": [1.0, 1.0, 0.9], "number_of_colorful_edges": 0.9666666666666667}, "steps": 26, "final_world": [[1, 0, 1, 0, 1, 2, 1, 2, 1, 0, 2, 1, 0, 2, 1, 0, 2, 1, 0, 1, 0, 1, 2, 1, 0, 2, 1, 2, 1, 2, 1, 2, 0, 2, 0, 1, 0, 2, 1, 0], [0, 1, 0, 1, 2, 0, 2, 1, 2, 1, 0, 2, 1, 1, 0, 2, 1, 0, 1, 0, 1, 2, 1, 0, 2, 1, 0, 1, 2, 1, 2, 0, 1, 1, 0, 2, 0, 1, 2, 1]]}, "4": {"init": {"social_welfare": [0.9875, 0.47916666666666663, 0.6916666666666667, 0.7352347645982561], "degree_of_intergration": [0.9875, 0.7875, 0.3], "number_of_colorful_edges": 0.6916666666666665}, "init_world": [[2, 1, 0, 0, 1, 1, 2, 2, 0, 2, 0, 0, 2, 2, 1, 0, 0, 1, 2, 2, 0, 1, 1, 0, 0, 0, 2, 0, 2, 1, 1, 1, 2, 0, 2, 0, 0, 2, 1, 2], [1, 2, 2, 2, 1, 2, 0, 0, 0, 2, 2, 1, 0, 1, 0, 2, 1, 2, 2, 0, 2, 0, 2, 1, 0, 0, 1, 0, 1, 1, 0, 0, 2, 1, 2, 2, 1, 1, 2, 2]], "final": {"social_welfare": [1.0, 0.5708333333333331, 0.95, 0.8214657824330824], "degree_of_intergration": [1.0, 1.0, 0.85], "number_of_colorful_edges": 0.95}, "steps": 22, "final_world": [[0, 2, 0, 1, 2, 0, 2, 1, 2, 1, 0, 0, 2, 0, 1, 0, 2, 1, 0, 2, 0, 2, 1, 0, 2, 0, 2, 0, 2, 0, 2, 1, 2, 0, 1, 0, 0, 2, 1, 2], [1, 0, 1, 2, 1, 2, 0, 2, 0, 2, 2, 1, 0, 1, 0, 2, 1, 2, 1, 0, 2, 0, 2, 1, 0, 2, 1, 2, 1, 2, 1, 0, 2, 1, 0, 2, 1, 1, 0, 2]]}, "5": {"init": {"social_welfare": [0.8375, 0.3749999999999998, 0.5249999999999998, 0.5789136125223594], "degree_of_intergration": [0.8375, 0.55, 0.1875], "number_of_colorful_edges": 0.525}, "init_world": [[1, 2, 2, 2, 2, 0, 1, 1, 1, 1, 0, 2, 2, 2, 0, 2, 2, 0, 0, 0, 2, 0, 1, 2, 2, 0, 0, 1, 0, 1, 1, 1, 1, 1, 2, 2, 0, 0, 0, 1], [1, 2, 2, 1, 2, 2, 2, 2, 1, 2, 2, 2, 2, 1, 1, 1, 1, 2, 0, 1, 1, 2, 0, 1, 1, 2, 2, 0, 1, 1, 1, 1, 1, 2, 0, 2, 0, 0, 1, 1]], "final": {"social_welfare": [1.0, 0.5499999999999998, 0.9916666666666668, 0.7943073372321905], "degree_of_intergration": [1.0, 1.0, 0.975], "number_of_colorful_edges": 0.9916666666666667}, "steps": 26, "final_world": [[2, 0, 1, 2, 1, 2, 1, 0, 2, 1, 0, 2, 1, 2, 1, 2, 0, 1, 2, 0, 2, 1, 2, 0, 2, 1, 0, 1, 2, 1, 2, 1, 2, 1, 2, 1, 2, 1, 2, 1], [1, 2, 0, 1, 2, 1, 0, 2, 1, 0, 2, 1, 2, 1, 2, 0, 1, 2, 0, 1, 0, 2, 0, 1, 0, 1, 2, 0, 1, 2, 1, 0, 1, 2, 1, 2, 0, 2, 1, 0]]}, "6": {"init": {"social_welfare": [0.95, 0.4541666666666666, 0.7166666666666665, 0.6982565878795051], "degree_of_intergration": [0.95, 0.8125, 0.3875], "number_of_colorful_edges": 0.7166666666666667}, "init_world": [[1, 2, 1, 0, 0, 0, 1, 1, 0, 2, 0, 1, 2, 1, 0, 1, 2, 1, 2, 0, 0, 0, 2, 0, 1, 1, 0, 0, 1, 2, 2, 0, 0, 1, 1, 0, 2, 2, 2, 2], [2, 1, 2, 0, 2, 1, 0, 0, 0, 0, 2, 2, 0, 0, 1, 0, 0, 1, 0, 1, 0, 0, 0, 1, 2, 0, 0, 2, 1, 2, 1, 2, 1, 2, 0, 1, 1, 2, 1, 2]], "final": {"social_welfare": [1.0, 0.5499999999999996, 0.9916666666666668, 0.7943073372321904], "degree_of_intergration": [1.0, 1.0, 0.975], "number_of_colorful_edges": 0.9916666666666667}, "steps": 21, "final_world": [[0, 2, 0, 2, 0, 2, 1, 2, 0, 2, 0, 1, 0, 1, 0, 1, 2, 0, 2, 0, 2, 0, 2, 0, 1, 2, 0, 0, 1, 0, 2, 1, 0, 1, 2, 0, 2, 0, 2, 1], [2, 1, 2, 1, 2, 1, 2, 0, 1, 0, 1, 0, 1, 0, 1, 2, 0, 1, 0, 1, 0, 1, 0, 1, 2, 0, 1, 2, 0, 2, 1, 0, 1, 2, 0, 1, 0, 2, 1, 0]]}, "7": {"init": {"social_welfare": [0.9875, 0.5083333333333334, 0.7, 0.764326319397364], "degree_of_intergration": [0.9875, 0.8, 0.3125], "number_of_colorful_edges": 0.7}, "init_world": [[0, 2, 2, 1, 2, 0, 0, 1, 1, 2, 2, 2, 0, 0, 0, 1, 0, 0, 0, 2, 0, 1, 2, 2, 0, 0, 2, 1, 0, 0, 2, 0, 2, 0, 2, 0, 1, 2, 1, 2], [2, 0, 0, 0, 1, 1, 1, 2, 2, 1, 0, 1, 2, 1, 2, 2, 2, 1, 2, 1, 2, 0, 0, 0, 0, 1, 2, 2, 2, 1, 1, 0, 0, 2, 2, 2, 2, 0, 1, 2]], "final": {"social_welfare": [1.0, 0.5624999999999998, 0.9666666666666666, 0.8106024043527256], "degree_of_intergration": [1.0, 0.9875, 0.9125], "number_of_colorful_edges": 0.9666666666666667}, "steps": 28, "final_world": [[1, 2, 1, 0, 2, 0, 2, 2, 1, 0, 2, 0, 1, 2, 0, 1, 0, 2, 0, 2, 0, 2, 0, 2, 1, 0, 2, 1, 2, 0, 2, 0, 2, 0, 2, 0, 1, 2, 2, 0], [0, 1, 0, 2, 0, 2, 1, 0, 2, 1, 0, 1, 2, 1, 2, 0, 2, 1, 2, 1, 2, 0, 1, 0, 2, 1, 0, 2, 2, 1, 0, 2, 0, 2, 0, 1, 2, 0, 1, 2]]}, "8": {"init": {"social_welfare": [0.9625, 0.4458333333333333, 0.6666666666666665, 0.6779411180357587], "degree_of_intergration": [0.9625, 0.6875, 0.35], "number_of_colorful_edges": 0.6666666666666666}, "init_world": [[0, 0, 1, 1, 1, 2, 1, 2, 1, 2, 0, 2, 1, 1, 1, 0, 1, 1, 1, 1, 2, 0, 1, 2, 2, 1, 2, 0, 1, 0, 1, 1, 1, 2, 2, 0, 1, 2, 2, 0], [2, 1, 1, 2, 2, 1, 2, 1, 0, 1, 2, 2, 2, 2, 0, 1, 0, 0, 2, 2, 0, 0, 1, 1, 2, 2, 0, 1, 2, 2, 1, 1, 1, 2, 2, 1, 2, 2, 0, 1]], "final": {"social_welfare": [1.0, 0.5249999999999997, 0.9583333333333333, 0.7617172029911202], "degree_of_intergration": [1.0, 0.9875, 0.8875], "number_of_colorful_edges": 0.9583333333333334}, "steps": 23,