{"0": {"init": {"social_welfare": [0.9125, 0.4208333333333333, 0.625, 0.6489266550000403], "degree_of_intergration": [0.9125, 0.6875, 0.275], "number_of_colorful_edges": 0.625}, "init_world": [[2, 0, 2, 2, 0, 1, 1, 1, 0, 1, 1, 0, 0, 2, 2, 2, 2, 0, 0, 0, 0, 2, 1, 2, 1, 1, 0, 1, 2, 1, 0, 2, 1, 1, 2, 2, 1, 2, 1, 2], [0, 0, 1, 0, 2, 2, 0, 0, 2, 1, 2, 0, 0, 0, 2, 0, 0, 0, 0, 0, 2, 0, 2, 2, 1, 1, 2, 0, 1, 2, 0, 0, 1, 0, 1, 1, 2, 2, 2, 0]], "final": {"social_welfare": [1.0, 0.4541666666666666, 0.7916666666666664, 0.6976576728348669], "degree_of_intergration": [1.0, 0.8625, 0.5125], "number_of_colorful_edges": 0.7916666666666666}, "steps": 5, "final_world": [[0, 1, 0, 2, 0, 0, 1, 1, 0, 1, 1, 0, 0, 2, 0, 2, 2, 0, 2, 0, 0, 2, 1, 2, 1, 1, 0, 1, 2, 1, 0, 2, 1, 1, 2, 2, 1, 2, 1, 2], [2, 0, 1, 0, 2, 2, 0, 0, 2, 1, 2, 0, 2, 0, 2, 0, 0, 2, 0, 0, 2, 0, 2, 2, 1, 1, 2, 0, 1, 2, 0, 0, 1, 0, 1, 1, 2, 0, 2, 0]]}, "1": {"init": {"social_welfare": [0.9875, 0.4749999999999999, 0.6499999999999997, 0.7268263193973643], "degree_of_intergration": [0.9875, 0.7375, 0.225], "number_of_colorful_edges": 0.65}, "init_world": [[1, 0, 2, 2, 1, 1, 1, 2, 0, 1, 2, 2, 1, 2, 1, 2, 2, 2, 1, 0, 0, 0, 1, 0, 2, 0, 1, 0, 1, 2, 2, 0, 0, 2, 2, 1, 1, 1, 0, 1], [2, 0, 2, 2, 0, 2, 2, 2, 0, 0, 1, 1, 2, 0, 0, 2, 2, 0, 1, 0, 1, 2, 1, 0, 1, 0, 1, 1, 0, 2, 0, 0, 1, 0, 0, 1, 0, 2, 0, 0]], "final": {"social_welfare": [1.0, 0.47916666666666663, 0.6749999999999996, 0.7362013193973642], "degree_of_intergration": [1.0, 0.775, 0.25], "number_of_colorful_edges": 0.675}, "steps": 1, "final_world": [[2, 0, 2, 2, 1, 1, 1, 2, 0, 1, 2, 2, 1, 2, 1, 2, 1, 2, 1, 0, 0, 0, 1, 0, 2, 0, 1, 0, 1, 2, 2, 0, 0, 2, 2, 1, 1, 1, 0, 1], [2, 0, 2, 2, 0, 2, 2, 2, 0, 0, 1, 1, 2, 0, 0, 2, 2, 0, 1, 0, 1, 2, 1, 0, 1, 0, 1, 1, 0, 2, 0, 0, 1, 0, 0, 1, 0, 2, 0, 0]]}, "2": {"init": {"social_welfare": [0.9625, 0.4791666666666665, 0.6749999999999999, 0.7199062522768289], "degree_of_intergration": [0.9625, 0.725, 0.3375], "number_of_colorful_edges": 0.675}, "init_world": [[1, 2, 1, 1, 2, 2, 0, 2, 1, 1, 0, 0, 1, 0, 0, 1, 2, 1, 2, 2, 2, 2, 1, 1, 1, 0, 2, 2, 2, 2, 1, 0, 0, 2, 2, 1, 0, 2, 1, 1], [1, 1, 2, 2, 0, 1, 2, 0, 2, 1, 2, 2, 1, 0, 0, 0, 1, 2, 1, 1, 0, 2, 0, 1, 1, 0, 1, 0, 1, 0, 2, 0, 0, 0, 0, 2, 0, 1, 0, 2]], "final": {"social_welfare": [1.0, 0.5208333333333333, 0.7666666666666664, 0.781587941317007], "degree_of_intergration": [1.0, 0.8875, 0.4125], "number_of_colorful_edges": 0.7666666666666667}, "steps": 2, "final_world": [[0, 2, 1, 1, 2, 2, 0, 2, 1, 1, 0, 0, 1, 0, 0, 1, 2, 1, 2, 2, 2, 2, 1, 0, 1, 0, 2, 2, 2, 2, 1, 0, 0, 2, 2, 1, 0, 2, 1, 1], [1, 1, 2, 2, 0, 1, 2, 0, 2, 1, 2, 2, 1, 0, 1, 0, 1, 2, 1, 1, 0, 2, 0, 1, 1, 0, 1, 0, 1, 0, 2, 0, 1, 0, 0, 2, 0, 1, 0, 2]]}, "3": {"init": {"social_welfare": [0.9875, 0.5166666666666668, 0.7333333333333332, 0.7692361851562936], "degree_of_intergration": [0.9875, 0.8125, 0.4], "number_of_colorful_edges": 0.7333333333333333}, "init_world": [[0, 1, 0, 0, 2, 2, 1, 1, 2, 0, 2, 2, 0, 1, 2, 2, 2, 0, 2, 0, 1, 0, 1, 2, 2, 2, 0, 0, 1, 1, 2, 0, 1, 1, 0, 2, 1, 1, 0, 2], [0, 1, 1, 2, 1, 2, 1, 0, 1, 2, 0, 1, 0, 2, 0, 1, 2, 1, 1, 2, 0, 0, 0, 0, 0, 1, 1, 1, 1, 2, 1, 2, 2, 1, 2, 1, 0, 1, 2, 1]], "final": {"social_welfare": [1.0, 0.5166666666666668, 0.7499999999999998, 0.7687143618750449], "degree_of_intergration": [1.0, 0.8125, 0.4375], "number_of_colorful_edges": 0.75}, "steps": 1, "final_world": [[0, 0, 0, 0, 2, 2, 1, 1, 2, 0, 2, 2, 0, 1, 2, 2, 2, 0, 2, 0, 1, 0, 1, 2, 2, 2, 0, 0, 1, 1, 2, 0, 1, 1, 0, 2, 1, 1, 0, 2], [0, 1, 1, 2, 1, 2, 1, 0, 1, 2, 0, 1, 0, 2, 0, 1, 2, 1, 1, 2, 0, 1, 0, 0, 0, 1, 1, 1, 1, 2, 1, 2, 2, 1, 2, 1, 0, 1, 2, 1]]}, "4": {"init": {"social_welfare": [0.9875, 0.4791666666666667, 0.6833333333333333, 0.7188626057143317], "degree_of_intergration": [0.9875, 0.7375, 0.325], "number_of_colorful_edges": 0.6833333333333335}, "init_world": [[0, 2, 0, 2, 2, 1, 2, 0, 1, 0, 1, 0, 0, 2, 1, 2, 0, 2, 1, 1, 1, 2, 1, 0, 2, 2, 0, 0, 0, 2, 0, 2, 1, 1, 0, 0, 0, 1, 0, 0], [1, 1, 0, 2, 0, 1, 2, 0, 0, 1, 0, 1, 0, 0, 2, 1, 2, 2, 0, 0, 1, 0, 2, 0, 0, 1, 0, 2, 2, 1, 1, 1, 1, 2, 0, 0, 2, 0, 0, 2]], "final": {"social_welfare": [1.0, 0.4750000000000001, 0.6916666666666667, 0.715885849553618], "degree_of_intergration": [1.0, 0.7375, 0.3375], "number_of_colorful_edges": 0.6916666666666667}, "steps": 1, "final_world": [[0, 0, 0, 2, 2, 1, 2, 0, 1, 0, 1, 0, 0, 2, 1, 2, 0, 2, 1, 1, 1, 2, 1, 0, 2, 2, 0, 0, 0, 2, 0, 2, 1, 1, 0, 2, 0, 1, 0, 0], [1, 1, 0, 2, 0, 1, 2, 0, 0, 1, 0, 1, 0, 0, 2, 1, 2, 2, 0, 0, 1, 0, 2, 0, 0, 1, 0, 2, 2, 1, 1, 1, 1, 2, 0, 0, 2, 0, 0, 2]]}, "5": {"init": {"social_welfare": [0.9625, 0.4624999999999998, 0.6916666666666667, 0.7056213865178994], "degree_of_intergration": [0.9625, 0.75, 0.3625], "number_of_colorful_edges": 0.6916666666666665}, "init_world": [[2, 2, 1, 0, 0, 2, 2, 0, 0, 0, 2, 0, 0, 0, 1, 2, 1, 2, 2, 2, 0, 1, 0, 1, 2, 0, 0, 1, 1, 2, 0, 0, 2, 0, 2, 0, 1, 0, 2, 1], [1, 2, 0, 2, 0, 2, 0, 1, 2, 0, 0, 2, 0, 1, 1, 0, 0, 0, 2, 0, 2, 1, 1, 2, 0, 0, 2, 0, 0, 0, 0, 0, 2, 1, 0, 2, 1, 2, 0, 1]], "final": {"social_welfare": [1.0, 0.4958333333333334, 0.7749999999999998, 0.7460210509152235], "degree_of_intergration": [1.0, 0.8375, 0.4875], "number_of_colorful_edges": 0.7749999999999999}, "steps": 2, "final_world": [[0, 2, 1, 0, 0, 2, 2, 0, 0, 0, 2, 0, 2, 0, 1, 2, 1, 2, 0, 2, 0, 1, 0, 1, 2, 0, 0, 1, 1, 2, 0, 0, 2, 0, 2, 0, 1, 0, 2, 1], [1, 2, 0, 2, 0, 2, 0, 1, 2, 0, 0, 2, 0, 1, 1, 0, 0, 0, 2, 0, 2, 1, 1, 2, 0, 0, 2, 0, 0, 0, 2, 0, 2, 1, 0, 2, 1, 2, 0, 1]]}, "6": {"init": {"social_welfare": [0.95, 0.491666666666667, 0.6916666666666664, 0.7382115207589697], "degree_of_intergration": [0.95, 0.7375, 0.3875], "number_of_colorful_edges": 0.6916666666666667}, "init_world": [[1, 1, 1, 2, 2, 0, 1, 2, 2, 2, 1, 2, 0, 2, 1, 0, 2, 0, 2, 0, 0, 1, 1, 1, 0, 1, 1, 1, 2, 1, 0, 2, 1, 0, 2, 1, 0, 2, 0, 2], [2, 0, 1, 2, 1, 1, 2, 2, 2, 2, 0, 2, 1, 0, 0, 1, 2, 2, 2, 2, 0, 2, 0, 1, 2, 1, 2, 2, 0, 0, 0, 1, 1, 2, 1, 0, 2, 1, 1, 1]], "final": {"social_welfare": [1.0, 0.5083333333333335, 0.7749999999999997, 0.7608277399554018], "degree_of_intergration": [1.0, 0.825, 0.5], "number_of_colorful_edges": 0.775}, "steps": 5, "final_world": [[1, 2, 2, 0, 2, 2, 1, 2, 1, 2, 2, 2, 0, 2, 1, 0, 2, 0, 2, 0, 0, 1, 1, 1, 0, 1, 1, 1, 2, 1, 0, 2, 1, 0, 2, 1, 0, 2, 0, 2], [2, 0, 1, 2, 1, 1, 2, 1, 2, 2, 0, 2, 1, 0, 0, 1, 2, 2, 1, 2, 0, 2, 0, 1, 2, 1, 2, 2, 0, 0, 0, 1, 1, 2, 1, 0, 2, 1, 1, 1]]}, "7": {"init": {"social_welfare": [0.975, 0.4666666666666666, 0.675, 0.7030893618750451], "degree_of_intergration": [0.975, 0.7125, 0.3375], "number_of_colorful_edges": 0.675}, "init_world": [[2, 2, 1, 2, 0, 2, 1, 0, 0, 0, 2, 2, 0, 0, 2, 1, 0, 0, 1, 1, 2, 0, 0, 2, 0, 2, 1, 2, 0, 0, 0, 0, 2, 0, 2, 1, 0, 1, 1, 0], [0, 2, 2, 2, 2, 2, 2, 1, 1, 2, 1, 1, 2, 0, 2, 1, 0, 0, 1, 1, 0, 1, 0, 0, 1, 0, 2, 2, 1, 2, 1, 2, 0, 1, 0, 1, 0, 0, 0, 2]], "final": {"social_welfare": [1.0, 0.4749999999999999, 0.7333333333333333, 0.715885849553618], "degree_of_intergration": [1.0, 0.775, 0.425], "number_of_colorful_edges": 0.7333333333333332}, "steps": 3, "final_world": [[2, 2, 1, 2, 0, 2, 0, 2, 2, 0, 2, 2, 0, 0, 2, 1, 0, 0, 1, 1, 2, 0, 0, 2, 0, 2, 1, 2, 0, 0, 0, 0, 2, 0, 2, 1, 0, 1, 1, 0], [0, 2, 2, 1, 2, 0, 2, 1, 1, 2, 1, 1, 2, 0, 2, 1, 0, 0, 1, 1, 0, 1, 0, 0, 1, 0, 2, 2, 1, 2, 1, 2, 0, 1, 0, 1, 0, 0, 0, 2]]}, "8": {"init": {"social_welfare": [0.9875, 0.4833333333333331, 0.6416666666666665, 0.730247807075937], "degree_of_intergration": [0.9875, 0.7, 0.2375], "number_of_colorful_edges": 0.6416666666666667}, "init_world": [[1, 1, 1, 2, 2, 0, 0, 0, 2, 0, 1, 2, 1, 2, 0, 2, 1, 2, 1, 1, 1, 2, 1, 0, 0, 2, 1, 1, 2, 1, 1, 2, 0, 2, 0, 0, 1, 0, 0, 1], [0, 2, 1, 1, 2, 2, 2, 0, 2, 0, 2, 0, 1, 1, 0, 1, 1, 1, 1, 2, 1, 0, 0, 2, 1, 2, 2, 1, 0, 0, 0, 2, 2, 1, 0, 2, 2, 2, 1, 1]], "final": {"social_welfare": [1.0, 0.49583333333333324, 0.6833333333333331, 0.7475094289955801], "degree_of_intergration": [1.0, 0.7625, 0.2875], "number_of_colorful_edges": 0.6833333333333333}, "steps": 2,