{"0": {"init": {"social_welfare": [0.425, 0.15000000000000005, 0.15833333333333338, 0.23138042477680926], "degree_of_intergration": [0.425, 0.05, 0.0], "number_of_colorful_edges": 0.15833333333333333}, "init_world": [[2, 2, 2, 2, 2, 1, 1, 1, 1, 1, 1, 1, 2, 0, 0, 0, 0, 1, 1, 0, 0, 0, 0, 0, 2, 2, 2, 2, 2, 1, 1, 0, 0, 0, 0, 0, 2, 2, 2, 2], [2, 2, 2, 2, 2, 1, 1, 1, 1, 1, 1, 1, 2, 0, 0, 0, 0, 1, 1, 0, 0, 0, 0, 0, 2, 2, 2, 2, 2, 1, 1, 1, 0, 0, 0, 0, 2, 2, 2, 2]], "final": {"social_welfare": [1.0, 0.4958333333333334, 1.0, 0.7236953797098717], "degree_of_intergration": [1.0, 1.0, 1.0], "number_of_colorful_edges": 1.0}, "steps": 27, "final_world": [[0, 2, 1, 2, 1, 0, 2, 1, 2, 1, 0, 2, 1, 2, 1, 2, 1, 2, 1, 0, 2, 0, 2, 0, 2, 0, 2, 0, 2, 0, 2, 0, 2, 0, 2, 0, 2, 0, 2, 1], [1, 0, 2, 1, 0, 2, 1, 2, 1, 2, 1, 0, 2, 1, 2, 1, 0, 1, 0, 1, 0, 2, 0, 1, 0, 2, 0, 2, 0, 1, 0, 1, 0, 1, 0, 2, 1, 2, 0, 2]]}, "1": {"init": {"social_welfare": [0.5625, 0.19583333333333344, 0.2166666666666667, 0.30622624125003045], "degree_of_intergration": [0.5625, 0.0875, 0.0], "number_of_colorful_edges": 0.21666666666666667}, "init_world": [[2, 2, 1, 1, 1, 1, 1, 0, 0, 0, 0, 0, 0, 0, 0, 1, 1, 1, 2, 2, 2, 2, 2, 0, 0, 0, 1, 1, 1, 1, 1, 1, 2, 2, 2, 2, 2, 2, 2, 2], [2, 2, 1, 1, 1, 1, 1, 0, 0, 0, 1, 1, 1, 0, 0, 1, 1, 2, 2, 2, 2, 2, 2, 0, 0, 0, 1, 1, 1, 1, 1, 1, 0, 0, 0, 0, 0, 2, 2, 2]], "final": {"social_welfare": [1.0, 0.4875000000000001, 1.0, 0.7128320016295151], "degree_of_intergration": [1.0, 1.0, 1.0], "number_of_colorful_edges": 1.0}, "steps": 23, "final_world": [[1, 0, 1, 2, 1, 0, 1, 0, 2, 1, 0, 1, 0, 1, 0, 1, 0, 1, 2, 0, 2, 1, 2, 0, 2, 0, 1, 2, 1, 2, 1, 0, 2, 0, 2, 0, 2, 1, 2, 0], [0, 1, 2, 1, 2, 1, 2, 1, 0, 2, 1, 0, 1, 0, 1, 2, 1, 2, 1, 2, 1, 2, 0, 1, 0, 1, 0, 1, 2, 1, 2, 1, 0, 2, 0, 2, 0, 2, 1, 2]]}, "2": {"init": {"social_welfare": [0.45, 0.15000000000000005, 0.15833333333333338, 0.23331353437502536], "degree_of_intergration": [0.45, 0.025, 0.0], "number_of_colorful_edges": 0.15833333333333333}, "init_world": [[2, 2, 1, 1, 1, 1, 1, 1, 1, 1, 1, 1, 1, 0, 0, 0, 0, 0, 0, 2, 2, 2, 2, 2, 0, 0, 1, 1, 0, 0, 0, 0, 2, 2, 2, 2, 2, 1, 1, 2], [2, 2, 1, 1, 1, 1, 1, 1, 1, 1, 1, 1, 1, 0, 0, 0, 0, 0, 0, 2, 2, 2, 2, 2, 0, 0, 1, 1, 1, 0, 0, 0, 2, 2, 2, 2, 2, 1, 1, 2]], "final": {"social_welfare": [1.0, 0.4916666666666664, 0.9916666666666666, 0.7182636906696934], "degree_of_intergration": [1.0, 1.0, 0.975], "number_of_colorful_edges": 0.9916666666666667}, "steps": 24, "final_world": [[1, 2, 1, 2, 1, 2, 1, 0, 1, 2, 1, 2, 1, 0, 1, 0, 1, 0, 2, 0, 1, 2, 0, 1, 2, 0, 2, 1, 0, 2, 0, 1, 2, 0, 2, 1, 2, 0, 1, 2], [0, 1, 2, 1, 2, 1, 0, 1, 0, 1, 2, 1, 2, 1, 0, 1, 0, 1, 0, 1, 2, 1, 2, 2, 0, 2, 1, 0, 1, 0, 1, 2, 0, 2, 0, 2, 1, 2, 0, 1]]}, "3": {"init": {"social_welfare": [0.4875, 0.1833333333333334, 0.20833333333333331, 0.28562022341520377], "degree_of_intergration": [0.4875, 0.1375, 0.0], "number_of_colorful_edges": 0.20833333333333334}, "init_world": [[0, 0, 0, 2, 2, 1, 1, 1, 1, 2, 0, 0, 0, 2, 2, 2, 2, 2, 2, 2, 2, 2, 1, 2, 2, 2, 2, 0, 0, 0, 0, 1, 1, 1, 1, 1, 0, 0, 0, 0], [0, 0, 0, 0, 2, 1, 1, 1, 1, 2, 0, 0, 1, 1, 1, 2, 2, 2, 2, 2, 2, 2, 1, 2, 2, 2, 2, 0, 0, 0, 0, 1, 1, 1, 1, 1, 0, 0, 0, 0]], "final": {"social_welfare": [1.0, 0.5083333333333333, 1.0, 0.7399904468304068], "degree_of_intergration": [1.0, 1.0, 1.0], "number_of_colorful_edges": 1.0}, "steps": 25, "final_world": [[1, 0, 1, 2, 0, 2, 0, 1, 2, 1, 0, 2, 0, 1, 2, 0, 2, 0, 2, 0, 2, 1, 0, 2, 0, 2, 0, 1, 2, 0, 2, 0, 2, 1, 2, 1, 0, 1, 0, 2], [0, 2, 0, 1, 2, 0, 1, 0, 1, 2, 1, 0, 1, 0, 1, 2, 0, 2, 0, 2, 1, 2, 1, 0, 2, 0, 2, 0, 1, 2, 0, 2, 1, 2, 1, 2, 1, 0, 2, 1]]}, "4": {"init": {"social_welfare": [0.55, 0.18333333333333343, 0.2083333333333334, 0.29045299741074404], "degree_of_intergration": [0.55, 0.075, 0.0], "number_of_colorful_edges": 0.20833333333333334}, "init_world": [[0, 0, 2, 2, 2, 2, 2, 2, 0, 0, 0, 2, 2, 1, 1, 2, 2, 2, 2, 2, 2, 0, 0, 0, 1, 1, 2, 2, 2, 2, 1, 1, 1, 2, 2, 0, 0, 0, 0, 0], [0, 0, 0, 2, 2, 2, 2, 2, 0, 0, 0, 2, 2, 1, 1, 2, 2, 2, 2, 2, 2, 0, 0, 1, 1, 1, 2, 2, 2, 1, 1, 1, 1, 2, 2, 0, 0, 0, 0, 0]], "final": {"social_welfare": [1.0, 0.4625, 0.975, 0.6847070016295151], "degree_of_intergration": [1.0, 1.0, 0.925], "number_of_colorful_edges": 0.975}, "steps": 22, "final_world": [[2, 0, 2, 0, 2, 0, 2, 0, 2, 1, 2, 0, 2, 0, 1, 2, 0, 2, 1, 2, 0, 1, 2, 0, 2, 0, 1, 2, 0, 2, 1, 2, 1, 2, 1, 0, 2, 0, 2, 0], [0, 2, 0, 2, 0, 2, 0, 2, 0, 2, 0, 2, 0, 1, 2, 1, 2, 1, 2, 1, 2, 2, 0, 1, 2, 1, 2, 0, 2, 1, 2, 1, 2, 0, 2, 2, 0, 2, 0, 2]]}, "5": {"init": {"social_welfare": [0.7875, 0.27916666666666656, 0.29166666666666663, 0.4292812522768297], "degree_of_intergration": [0.7875, 0.0875, 0.0], "number_of_colorful_edges": 0.2916666666666667}, "init_world": [[1, 1, 0, 0, 0, 0, 2, 2, 1, 1, 2, 2, 2, 0, 0, 2, 1, 1, 1, 1, 2, 2, 2, 1, 1, 1, 1, 0, 0, 1, 1, 0, 0, 2, 2, 2, 2, 2, 2, 1], [1, 1, 0, 0, 0, 0, 2, 2, 1, 1, 2, 2, 2, 0, 0, 2, 1, 1, 1, 1, 2, 2, 2, 1, 1, 2, 2, 0, 0, 1, 1, 0, 0, 2, 2, 0, 0, 2, 2, 1]], "final": {"social_welfare": [1.0, 0.5208333333333334, 0.9916666666666668, 0.7562855139509419], "degree_of_intergration": [1.0, 1.0, 0.975], "number_of_colorful_edges": 0.9916666666666667}, "steps": 25, "final_world": [[2, 1, 2, 1, 0, 2, 0, 2, 0, 1, 2, 1, 2, 1, 2, 0, 1, 2, 1, 0, 2, 1, 2, 1, 2, 1, 0, 1, 0, 1, 0, 1, 0, 2, 0, 1, 2, 1, 2, 1], [1, 2, 1, 0, 2, 0, 2, 1, 2, 0, 1, 2, 1, 0, 1, 2, 0, 1, 0, 2, 1, 2, 0, 2, 1, 0, 2, 0, 2, 0, 1, 0, 2, 1, 2, 2, 0, 2, 1, 2]]}, "6": {"init": {"social_welfare": [0.55, 0.20000000000000012, 0.2166666666666667, 0.3092029974107441], "degree_of_intergration": [0.55, 0.1, 0.0], "number_of_colorful_edges": 0.21666666666666667}, "init_world": [[1, 1, 1, 2, 2, 2, 2, 2, 2, 0, 0, 1, 1, 1, 2, 2, 2, 2, 2, 2, 0, 0, 0, 0, 0, 2, 2, 2, 2, 1, 1, 1, 1, 2, 0, 0, 0, 2, 2, 0], [1, 1, 1, 2, 2, 2, 2, 2, 2, 0, 0, 1, 1, 1, 2, 2, 2, 2, 2, 2, 2, 0, 0, 0, 0, 2, 2, 2, 2, 2, 1, 1, 1, 2, 0, 0, 0, 2, 2, 0]], "final": {"social_welfare": [1.0, 0.4666666666666668, 0.9666666666666668, 0.694603824910764], "degree_of_intergration": [1.0, 1.0, 0.9], "number_of_colorful_edges": 0.9666666666666667}, "steps": 22, "final_world": [[1, 2, 1, 2, 1, 2, 1, 2, 1, 2, 0, 1, 2, 1, 2, 0, 2, 0, 2, 1, 0, 2, 0, 2, 0, 2, 1, 2, 0, 1, 2, 1, 2, 1, 0, 2, 0, 2, 0, 2], [2, 1, 2, 0, 2, 0, 2, 0, 2, 0, 2, 2, 1, 2, 0, 2, 1, 2, 0, 2, 2, 0, 2, 0, 2, 0, 2, 1, 2, 2, 1, 2, 1, 2, 2, 0, 2, 1, 2, 0]]}, "7": {"init": {"social_welfare": [0.475, 0.15833333333333338, 0.17500000000000002, 0.2490867782143118], "degree_of_intergration": [0.475, 0.05, 0.0], "number_of_colorful_edges": 0.175}, "init_world": [[2, 2, 2, 2, 2, 2, 2, 2, 2, 2, 0, 0, 0, 1, 1, 1, 1, 1, 2, 2, 1, 1, 0, 0, 0, 0, 1, 1, 1, 1, 0, 0, 0, 0, 0, 0, 0, 0, 0, 0], [2, 2, 2, 2, 2, 2, 2, 2, 2, 2, 0, 0, 0, 1, 1, 1, 1, 2, 2, 2, 1, 1, 0, 0, 0, 0, 1, 1, 1, 1, 0, 0, 2, 2, 0, 0, 0, 0, 0, 0]], "final": {"social_welfare": [1.0, 0.5125, 0.9833333333333334, 0.7454221358705853], "degree_of_intergration": [1.0, 1.0, 0.95], "number_of_colorful_edges": 0.9833333333333333}, "steps": 26, "final_world": [[2, 0, 2, 1, 2, 1, 2, 0, 2, 0, 1, 2, 0, 1, 0, 1, 0, 1, 2, 1, 0, 1, 0, 2, 0, 1, 2, 0, 1, 0, 2, 1, 2, 0, 2, 0, 2, 0, 2, 0], [0, 2, 0, 2, 0, 2, 0, 2, 1, 2, 0, 0, 1, 0, 1, 2, 1, 2, 0, 2, 1, 0, 2, 0, 2, 0, 0, 1, 0, 1, 0, 2, 1, 2, 0, 1, 0, 2, 0, 1]]}, "8": {"init": {"social_welfare": [0.5375, 0.20416666666666675, 0.2083333333333334, 0.3092029974107441], "degree_of_intergration": [0.5375, 0.0875, 0.0], "number_of_colorful_edges": 0.20833333333333334}, "init_world": [[2, 2, 2, 1, 1, 1, 1, 1, 1, 2, 2, 2, 2, 2, 1, 1, 1, 2, 0, 0, 1, 1, 0, 0, 0, 0, 0, 0, 0, 0, 2, 2, 2, 2, 2, 0, 0, 1, 2, 2], [2, 2, 2, 1, 1, 1, 1, 1, 1, 0, 0, 2, 2, 2, 1, 1, 1, 2, 0, 0, 1, 1, 0, 0, 0, 0, 0, 0, 0, 0, 2, 2, 2, 2, 2, 0, 0, 1, 2, 2]], "final": {"social_welfare": [1.0, 0.4916666666666666, 1.0, 0.7182636906696934], "degree_of_intergration": [1.0, 1.0, 1.0], "number_of_colorful_edges": 1.0}, "steps": 25,