{"0": {"init": {"social_welfare": [0.975, 0.7874999999999993, 0.6666666666666667, 0.6957245632366509], "degree_of_intergration": [0.975, 0.7375, 0.2875], "number_of_colorful_edges": 0.6666666666666666}, "final": {"social_welfare": [1.0, 0.8666666666666666, 0.9666666666666666, 0.7785340933929042], "degree_of_intergration": [1.0, 1.0, 0.9], "number_of_colorful_edges": 0.9666666666666667}, "steps": 29}, "1": {"init": {"social_welfare": [0.95, 0.7916666666666662, 0.6249999999999998, 0.6902928741964723], "degree_of_intergration": [0.95, 0.65, 0.275], "number_of_colorful_edges": 0.625}, "final": {"social_welfare": [1.0, 0.833333333333333, 0.9583333333333334, 0.7395457153125476], "degree_of_intergration": [1.0, 1.0, 0.875], "number_of_colorful_edges": 0.9583333333333334}, "steps": 30}, "2": {"init": {"social_welfare": [0.975, 0.8041666666666665, 0.7249999999999999, 0.7100094289955803], "degree_of_intergration": [0.975, 0.775, 0.425], "number_of_colorful_edges": 0.725}, "final": {"social_welfare": [1.0, 0.8208333333333329, 0.9749999999999999, 0.7172971358705854], "degree_of_intergration": [1.0, 1.0, 0.925], "number_of_colorful_edges": 0.975}, "steps": 29}, "3": {"init": {"social_welfare": [0.9875, 0.8124999999999997, 0.6999999999999998, 0.721839361875045], "degree_of_intergration": [0.9875, 0.75, 0.3625], "number_of_colorful_edges": 0.7}, "final": {"social_welfare": [1.0, 0.8041666666666663, 0.9749999999999999, 0.7000355139509422], "degree_of_intergration": [1.0, 1.0, 0.925], "number_of_colorful_edges": 0.975}, "steps": 28}, "4": {"init": {"social_welfare": [0.9625, 0.7708333333333326, 0.6249999999999999, 0.6730312522768294], "degree_of_intergration": [0.9625, 0.6625, 0.25], "number_of_colorful_edges": 0.625}, "final": {"social_welfare": [1.0, 0.8499999999999999, 0.9833333333333332, 0.753830581071477], "degree_of_intergration": [1.0, 1.0, 0.95], "number_of_colorful_edges": 0.9833333333333333}, "steps": 31}, "5": {"init": {"social_welfare": [0.975, 0.8333333333333328, 0.6833333333333329, 0.7539847645982559], "degree_of_intergration": [0.975, 0.7875, 0.2875], "number_of_colorful_edges": 0.6833333333333333}, "final": {"social_welfare": [1.0, 0.8291666666666663, 0.9916666666666668, 0.7251837577902285], "degree_of_intergration": [1.0, 1.0, 0.975], "number_of_colorful_edges": 0.9916666666666667}, "steps": 33}, "6": {"init": {"social_welfare": [0.9625, 0.8499999999999999, 0.6999999999999997, 0.7658146974777207], "degree_of_intergration": [0.9625, 0.7875, 0.35], "number_of_colorful_edges": 0.7}, "final": {"social_welfare": [1.0, 0.8249999999999996, 0.9833333333333332, 0.7227288249107637], "degree_of_intergration": [1.0, 1.0, 0.95], "number_of_colorful_edges": 0.9833333333333333}, "steps": 30}, "7": {"init": {"social_welfare": [0.975, 0.8374999999999995, 0.658333333333333, 0.7519745632366506], "degree_of_intergration": [0.975, 0.7625, 0.2375], "number_of_colorful_edges": 0.6583333333333333}, "final": {"social_welfare": [1.0, 0.8374999999999998, 0.9916666666666666, 0.7345587577902285], "degree_of_intergration": [1.0, 1.0, 0.975], "number_of_colorful_edges": 0.9916666666666667}, "steps": 33}, "8": {"init": {"social_welfare": [0.9625, 0.8208333333333332, 0.7166666666666666, 0.7396998988393263], "degree_of_intergration": [0.9625, 0.8125, 0.375], "number_of_colorful_edges": 0.7166666666666667}, "final": {"social_welfare": [1.0, 0.7749999999999992, 0.975, 0.660525312589337], "degree_of_intergration": [1.0, 1.0, 0.925], "number_of_colorful_edges": 0.975}, "steps": 28}, "9": {"init": {"social_welfare": [0.9875, 0.7791666666666661, 0.7249999999999999, 0.6828509837946884], "degree_of_intergration": [0.9875, 0.7625, 0.425], "number_of_colorful_edges": 0.725}, "final": {"social_welfare": [1.0, 0.8541666666666664, 0.9750000000000002, 0.7562855139509419], "degree_of_intergration": [1.0, 1.0, 0.925], "number_of_colorful_edges": 0.975}, "steps": 35}}