{"0": {"init": {"social_welfare": [0.985, 0.8658333333333349, 0.65125, 0.7744647847785696], "degree_of_intergration": [0.985, 0.8725, 0.5825, 0.165], "number_of_colorful_edges": 0.65125}, "final": {"social_welfare": [1.0, 0.868333333333334, 0.98375, 0.7272781062393326], "degree_of_intergration": [1.0, 1.0, 1.0, 0.935], "number_of_colorful_edges": 0.98375}, "steps": 141}, "1": {"init": {"social_welfare": [0.9875, 0.8716666666666668, 0.67875, 0.7824725698125082], "degree_of_intergration": [0.9875, 0.9, 0.63, 0.1975], "number_of_colorful_edges": 0.67875}, "final": {"social_welfare": [1.0, 0.8908333333333347, 0.98, 0.7606338914536195], "degree_of_intergration": [1.0, 1.0, 1.0, 0.92], "number_of_colorful_edges": 0.98}, "steps": 150}, "2": {"init": {"social_welfare": [0.99, 0.8833333333333342, 0.6725, 0.7965515118893035], "degree_of_intergration": [0.99, 0.9075, 0.6175, 0.175], "number_of_colorful_edges": 0.6725}, "final": {"social_welfare": [1.0, 0.8791666666666683, 0.985, 0.7429678583536186], "degree_of_intergration": [1.0, 1.0, 1.0, 0.94], "number_of_colorful_edges": 0.985}, "steps": 150}, "3": {"init": {"social_welfare": [0.9925, 0.8700000000000007, 0.67375, 0.7765602472732392], "degree_of_intergration": [0.9925, 0.875, 0.605, 0.2225], "number_of_colorful_edges": 0.67375}, "final": {"social_welfare": [1.0, 0.8966666666666672, 0.97875, 0.7661329411036212], "degree_of_intergration": [1.0, 1.0, 1.0, 0.915], "number_of_colorful_edges": 0.97875}, "steps": 141}, "4": {"init": {"social_welfare": [0.9825, 0.8833333333333337, 0.66, 0.796456999744634], "degree_of_intergration": [0.9825, 0.91, 0.5975, 0.15], "number_of_colorful_edges": 0.66}, "final": {"social_welfare": [1.0, 0.8900000000000002, 0.98375, 0.7593720319464786], "degree_of_intergration": [1.0, 1.0, 1.0, 0.935], "number_of_colorful_edges": 0.98375}, "steps": 142}, "5": {"init": {"social_welfare": [0.995, 0.8791666666666678, 0.66875, 0.7869712555500368], "degree_of_intergration": [0.995, 0.8975, 0.5775, 0.205], "number_of_colorful_edges": 0.66875}, "final": {"social_welfare": [1.0, 0.8783333333333337, 0.9875, 0.7398008749036212], "degree_of_intergration": [1.0, 1.0, 1.0, 0.95], "number_of_colorful_edges": 0.9875}, "steps": 144}, "6": {"init": {"social_welfare": [0.99, 0.8716666666666676, 0.6925, 0.7842175449893034], "degree_of_intergration": [0.99, 0.91, 0.6325, 0.2375], "number_of_colorful_edges": 0.6924999999999999}, "final": {"social_welfare": [1.0, 0.8733333333333342, 0.99125, 0.7322297178607629], "degree_of_intergration": [1.0, 1.0, 1.0, 0.965], "number_of_colorful_edges": 0.99125}, "steps": 139}, "7": {"init": {"social_welfare": [0.9875, 0.8625000000000008, 0.68125, 0.7695200078410798], "degree_of_intergration": [0.9875, 0.89, 0.615, 0.2325], "number_of_colorful_edges": 0.6812499999999999}, "final": {"social_welfare": [1.0, 0.8941666666666673, 0.9825, 0.7623473625821924], "degree_of_intergration": [1.0, 1.0, 1.0, 0.93], "number_of_colorful_edges": 0.9825}, "steps": 147}, "8": {"init": {"social_welfare": [0.995, 0.862500000000001, 0.66375, 0.7737093960428935], "degree_of_intergration": [0.995, 0.8925, 0.5725, 0.195], "number_of_colorful_edges": 0.66375}, "final": {"social_welfare": [1.0, 0.871666666666667, 0.9925, 0.7320874037750477], "degree_of_intergration": [1.0, 1.0, 1.0, 0.97], "number_of_colorful_edges": 0.9925}, "steps": 140}, "9": {"init": {"social_welfare": [0.985, 0.8891666666666667, 0.6675, 0.8044401154142855], "degree_of_intergration": [0.985, 0.92, 0.605, 0.16], "number_of_colorful_edges": 0.6675}, "final": {"social_welfare": [1.0, 0.8816666666666678, 0.98625, 0.744372031946477], "degree_of_intergration": [1.0, 1.0, 1.0, 0.945], "number_of_colorful_edges": 0.98625}, "steps": 146}}