{"0": {"init": {"social_welfare": [0.9625, 0.42916666666666653, 0.6333333333333333, 0.6710981426786131], "degree_of_intergration": [0.9625, 0.7125, 0.225], "number_of_colorful_edges": 0.6333333333333333}, "init_world": [[2, 1, 0, 1, 2, 2, 1, 0, 0, 0, 1, 0, 0, 2, 2, 0, 1, 0, 0, 0, 1, 2, 2, 2, 2, 1, 2, 2, 0, 0, 0, 1, 0, 2, 2, 2, 0, 0, 2, 2], [2, 2, 0, 2, 0, 1, 2, 1, 1, 0, 1, 1, 2, 2, 0, 2, 1, 1, 1, 0, 1, 0, 2, 0, 2, 1, 1, 0, 2, 0, 1, 0, 0, 2, 2, 1, 0, 2, 1, 1]], "final": {"social_welfare": [1.0, 0.5458333333333334, 0.9583333333333333, 0.7963175385937962], "degree_of_intergration": [1.0, 1.0, 0.875], "number_of_colorful_edges": 0.9583333333333334}, "steps": 13, "final_world": [[0, 1, 2, 1, 2, 0, 1, 0, 2, 0, 1, 0, 2, 0, 2, 0, 1, 0, 2, 1, 0, 2, 0, 2, 0, 1, 2, 1, 0, 2, 0, 1, 0, 2, 0, 2, 1, 0, 2, 2], [2, 2, 0, 2, 0, 1, 2, 1, 0, 1, 2, 1, 1, 2, 0, 2, 0, 2, 1, 0, 1, 0, 2, 0, 2, 2, 1, 0, 2, 0, 1, 0, 2, 1, 2, 1, 0, 2, 1, 1]]}, "1": {"init": {"social_welfare": [0.95, 0.4666666666666666, 0.6833333333333329, 0.7071097645982563], "degree_of_intergration": [0.95, 0.7625, 0.3375], "number_of_colorful_edges": 0.6833333333333333}, "init_world": [[2, 0, 1, 0, 1, 1, 2, 1, 0, 2, 1, 2, 1, 0, 0, 1, 2, 0, 0, 0, 2, 1, 0, 0, 1, 1, 1, 1, 1, 1, 2, 1, 1, 1, 1, 1, 0, 1, 0, 1], [0, 1, 0, 0, 2, 1, 1, 2, 0, 0, 2, 0, 0, 1, 2, 2, 1, 1, 1, 2, 0, 1, 0, 2, 2, 2, 2, 1, 0, 0, 1, 0, 1, 0, 1, 1, 1, 2, 2, 1]], "final": {"social_welfare": [1.0, 0.5, 0.9249999999999996, 0.7425224714732612], "degree_of_intergration": [1.0, 0.9875, 0.7875], "number_of_colorful_edges": 0.925}, "steps": 9, "final_world": [[2, 0, 1, 0, 1, 0, 2, 1, 0, 2, 1, 2, 1, 0, 1, 1, 2, 0, 1, 0, 2, 0, 1, 0, 2, 1, 1, 0, 1, 1, 2, 1, 0, 1, 0, 1, 0, 1, 0, 1], [0, 1, 0, 1, 2, 1, 1, 2, 1, 0, 2, 1, 0, 1, 2, 2, 1, 1, 0, 2, 0, 1, 0, 2, 1, 2, 2, 1, 2, 0, 1, 0, 1, 0, 1, 0, 1, 2, 1, 1]]}, "2": {"init": {"social_welfare": [0.975, 0.5083333333333335, 0.7333333333333332, 0.7588946303571856], "degree_of_intergration": [0.975, 0.8125, 0.4125], "number_of_colorful_edges": 0.7333333333333333}, "init_world": [[0, 2, 1, 0, 0, 0, 1, 2, 0, 2, 0, 1, 1, 0, 1, 0, 0, 2, 0, 0, 1, 1, 2, 1, 0, 2, 1, 1, 0, 2, 1, 1, 1, 1, 0, 1, 2, 1, 1, 0], [1, 0, 1, 2, 0, 1, 2, 1, 1, 0, 2, 2, 2, 1, 0, 2, 0, 2, 1, 1, 0, 2, 0, 1, 1, 1, 1, 0, 2, 1, 1, 2, 1, 1, 2, 2, 1, 0, 2, 2]], "final": {"social_welfare": [1.0, 0.5333333333333334, 0.9249999999999998, 0.785975983794688], "degree_of_intergration": [1.0, 0.9875, 0.7875], "number_of_colorful_edges": 0.925}, "steps": 8, "final_world": [[1, 2, 1, 0, 1, 0, 1, 2, 0, 2, 0, 2, 1, 0, 1, 0, 1, 1, 0, 0, 1, 1, 2, 1, 0, 2, 0, 1, 0, 1, 2, 1, 0, 1, 0, 1, 2, 1, 2, 0], [1, 0, 1, 2, 0, 1, 2, 1, 1, 0, 2, 1, 2, 1, 0, 2, 0, 2, 1, 1, 0, 2, 0, 2, 1, 0, 1, 0, 2, 1, 1, 2, 1, 2, 1, 2, 1, 0, 1, 2]]}, "3": {"init": {"social_welfare": [0.9875, 0.5083333333333333, 0.6666666666666665, 0.758372807075937], "degree_of_intergration": [0.9875, 0.7375, 0.275], "number_of_colorful_edges": 0.6666666666666666}, "init_world": [[0, 2, 1, 1, 0, 0, 2, 0, 1, 2, 0, 0, 2, 0, 2, 0, 2, 2, 1, 0, 2, 2, 1, 0, 0, 1, 0, 0, 2, 1, 2, 2, 2, 1, 0, 0, 0, 2, 0, 2], [1, 2, 2, 2, 2, 1, 0, 1, 1, 1, 1, 2, 1, 1, 0, 0, 1, 1, 1, 0, 2, 0, 1, 2, 0, 2, 0, 0, 2, 1, 1, 1, 0, 0, 0, 2, 1, 0, 1, 2]], "final": {"social_welfare": [1.0, 0.5666666666666663, 0.9333333333333332, 0.8249643618750447], "degree_of_intergration": [1.0, 1.0, 0.8], "number_of_colorful_edges": 0.9333333333333333}, "steps": 10, "final_world": [[0, 2, 0, 1, 0, 0, 2, 0, 1, 2, 0, 1, 2, 0, 2, 0, 0, 2, 0, 2, 1, 2, 1, 0, 2, 1, 2, 0, 2, 1, 2, 0, 2, 1, 2, 1, 0, 2, 0, 2], [1, 0, 2, 0, 2, 1, 0, 1, 2, 1, 1, 2, 1, 1, 0, 1, 1, 0, 1, 0, 2, 0, 1, 2, 0, 2, 0, 1, 2, 0, 1, 1, 0, 2, 0, 2, 1, 0, 1, 0]]}, "4": {"init": {"social_welfare": [0.9625, 0.4708333333333334, 0.6916666666666664, 0.7164847645982562], "degree_of_intergration": [0.9625, 0.7625, 0.35], "number_of_colorful_edges": 0.6916666666666667}, "init_world": [[0, 1, 0, 1, 1, 0, 1, 1, 2, 0, 1, 0, 2, 1, 1, 1, 2, 0, 1, 0, 2, 1, 1, 2, 1, 1, 0, 2, 1, 2, 0, 1, 1, 1, 2, 0, 0, 1, 1, 2], [0, 1, 2, 0, 0, 0, 0, 2, 1, 2, 0, 2, 2, 1, 2, 0, 0, 1, 1, 1, 2, 0, 1, 1, 2, 1, 2, 1, 1, 1, 1, 1, 2, 1, 0, 2, 0, 0, 2, 0]], "final": {"social_welfare": [1.0, 0.5333333333333333, 0.8916666666666666, 0.7844876057143313], "degree_of_intergration": [1.0, 0.95, 0.725], "number_of_colorful_edges": 0.8916666666666667}, "steps": 8, "final_world": [[0, 1, 0, 1, 1, 0, 1, 1, 2, 0, 1, 0, 2, 0, 1, 1, 2, 0, 1, 0, 1, 1, 2, 2, 1, 2, 0, 2, 1, 2, 0, 1, 0, 1, 2, 0, 1, 0, 1, 2], [1, 0, 2, 1, 0, 1, 0, 2, 1, 2, 0, 2, 1, 1, 2, 1, 0, 1, 0, 1, 2, 0, 1, 1, 2, 1, 2, 1, 0, 1, 1, 1, 2, 1, 0, 2, 0, 1, 2, 0]]}, "5": {"init": {"social_welfare": [1.0, 0.5333333333333335, 0.7333333333333332, 0.7934178741964719], "degree_of_intergration": [1.0, 0.825, 0.375], "number_of_colorful_edges": 0.7333333333333333}, "init_world": [[1, 0, 2, 2, 1, 2, 2, 1, 0, 2, 1, 2, 2, 2, 0, 0, 2, 0, 2, 2, 1, 1, 0, 2, 1, 1, 2, 0, 1, 2, 2, 2, 2, 0, 2, 1, 1, 2, 1, 2], [2, 0, 1, 0, 2, 2, 0, 1, 2, 0, 0, 0, 1, 0, 2, 1, 2, 1, 0, 2, 2, 0, 2, 0, 2, 2, 0, 0, 1, 1, 1, 0, 1, 2, 2, 0, 1, 0, 0, 0]], "final": {"social_welfare": [1.0, 0.5541666666666667, 0.933333333333333, 0.8101576728348663], "degree_of_intergration": [1.0, 1.0, 0.8], "number_of_colorful_edges": 0.9333333333333333}, "steps": 9, "final_world": [[1, 2, 0, 2, 0, 1, 2, 1, 0, 2, 1, 2, 0, 2, 1, 0, 1, 0, 2, 0, 1, 2, 0, 2, 1, 1, 2, 0, 1, 2, 1, 0, 2, 0, 2, 1, 2, 2, 1, 2], [2, 0, 1, 0, 2, 2, 0, 1, 2, 0, 2, 0, 1, 0, 2, 1, 2, 1, 0, 2, 2, 0, 2, 0, 2, 2, 0, 2, 2, 1, 2, 0, 1, 2, 1, 0, 1, 0, 2, 0]]}, "6": {"init": {"social_welfare": [0.975, 0.4916666666666668, 0.6749999999999999, 0.7371678741964721], "degree_of_intergration": [0.975, 0.725, 0.325], "number_of_colorful_edges": 0.675}, "init_world": [[0, 0, 1, 1, 2, 1, 1, 2, 0, 0, 0, 1, 2, 1, 2, 1, 0, 1, 0, 2, 0, 2, 0, 1, 1, 0, 0, 2, 2, 0, 0, 0, 0, 0, 2, 1, 2, 0, 0, 0], [1, 0, 1, 2, 1, 0, 0, 2, 2, 1, 0, 2, 0, 1, 1, 0, 2, 2, 1, 2, 2, 1, 1, 2, 2, 0, 0, 1, 2, 1, 2, 0, 0, 1, 1, 1, 0, 1, 1, 2]], "final": {"social_welfare": [1.0, 0.5499999999999999, 0.9666666666666666, 0.7957957153125472], "degree_of_intergration": [1.0, 1.0, 0.9], "number_of_colorful_edges": 0.9666666666666667}, "steps": 12, "final_world": [[0, 2, 0, 1, 2, 1, 0, 2, 0, 2, 0, 1, 2, 1, 2, 1, 0, 1, 0, 2, 0, 2, 0, 1, 0, 1, 0, 2, 0, 2, 0, 1, 2, 0, 2, 0, 2, 0, 1, 0], [1, 0, 1, 2, 1, 0, 1, 0, 2, 1, 0, 2, 1, 0, 1, 0, 1, 2, 1, 0, 2, 1, 1, 2, 1, 0, 2, 1, 2, 1, 2, 0, 0, 1, 0, 1, 0, 1, 0, 2]]}, "7": {"init": {"social_welfare": [0.95, 0.4750000000000001, 0.6666666666666663, 0.7239266550000399], "degree_of_intergration": [0.95, 0.8, 0.25], "number_of_colorful_edges": 0.6666666666666666}, "init_world": [[2, 2, 0, 0, 1, 0, 2, 1, 1, 2, 2, 0, 0, 2, 1, 0, 1, 0, 0, 0, 1, 0, 1, 1, 0, 1, 0, 2, 2, 0, 0, 2, 0, 2, 1, 1, 1, 0, 0, 2], [0, 2, 2, 2, 2, 1, 2, 0, 1, 0, 0, 2, 2, 1, 0, 2, 0, 0, 0, 2, 1, 2, 2, 2, 0, 0, 1, 0, 0, 1, 1, 1, 2, 2, 2, 1, 2, 2, 2, 1]], "final": {"social_welfare": [1.0, 0.5374999999999999, 0.933333333333333, 0.7928960509152232], "degree_of_intergration": [1.0, 1.0, 0.8], "number_of_colorful_edges": 0.9333333333333333}, "steps": 9, "final_world": [[1, 2, 0, 2, 1, 0, 2, 1, 2, 0, 2, 0, 0, 2, 1, 0, 1, 0, 1, 0, 2, 0, 2, 1, 0, 1, 0, 1, 2, 0, 0, 2, 0, 2, 1, 0, 1, 0, 0, 2], [0, 0, 2, 1, 2, 1, 2, 0, 1, 2, 0, 2, 2, 1, 0, 2, 0, 2, 0, 2, 1, 2, 0, 2, 2, 0, 1, 0, 0, 1, 2, 1, 2, 0, 2, 1, 2, 1, 2, 1]]}, "8": {"init": {"social_welfare": [0.95, 0.5083333333333333, 0.7083333333333331, 0.7495196303571855], "degree_of_intergration": [0.95, 0.7875, 0.3875], "number_of_colorful_edges": 0.7083333333333334}, "init_world": [[0, 1, 2, 2, 2, 2, 1, 0, 2, 0, 0, 2, 1, 2, 0, 2, 1, 2, 1, 1, 2, 2, 0, 2, 0, 1, 0, 2, 0, 0, 1, 1, 2, 1, 1, 1, 0, 1, 2, 0], [2, 0, 0, 2, 1, 2, 0, 0, 0, 0, 1, 2, 2, 0, 1, 0, 1, 0, 2, 0, 0, 1, 2, 1, 1, 2, 1, 0, 1, 2, 1, 0, 2, 1, 1, 1, 0, 0, 2, 0]], "final": {"social_welfare": [1.0, 0.5416666666666666, 0.9666666666666668, 0.7938626057143312], "degree_of_intergration": [1.0, 1.0, 0.9], "number_of_colorful_edges": 0.9666666666666667}, "steps": 9,