{"0": {"init": {"social_welfare": [0.975, 0.4708333333333333, 0.6666666666666665, 0.7234048317187913], "degree_of_intergration": [0.975, 0.775, 0.25], "number_of_colorful_edges": 0.6666666666666666}, "init_world": [[1, 2, 1, 0, 1, 1, 2, 1, 1, 2, 2, 0, 0, 0, 1, 0, 0, 2, 1, 2, 2, 1, 2, 2, 2, 0, 0, 0, 0, 1, 2, 0, 1, 1, 1, 0, 1, 1, 1, 2], [0, 0, 1, 2, 1, 2, 1, 0, 1, 2, 0, 2, 2, 2, 1, 2, 2, 0, 1, 2, 0, 1, 1, 1, 2, 2, 0, 1, 1, 1, 0, 1, 2, 0, 2, 0, 2, 1, 2, 2]], "final": {"social_welfare": [1.0, 0.558333333333333, 0.9499999999999998, 0.8111242276339743], "degree_of_intergration": [1.0, 1.0, 0.85], "number_of_colorful_edges": 0.95}, "steps": 10, "final_world": [[1, 2, 1, 0, 2, 1, 2, 1, 2, 1, 2, 0, 2, 0, 2, 1, 0, 2, 1, 0, 2, 1, 2, 0, 2, 0, 1, 0, 0, 1, 2, 0, 1, 2, 1, 0, 1, 0, 1, 2], [0, 0, 1, 2, 1, 2, 1, 0, 1, 2, 0, 2, 1, 2, 1, 2, 1, 0, 1, 2, 0, 2, 0, 1, 1, 2, 0, 1, 2, 1, 0, 1, 2, 0, 2, 1, 2, 1, 2, 1]]}, "1": {"init": {"social_welfare": [0.95, 0.45833333333333337, 0.6749999999999998, 0.6977347645982561], "degree_of_intergration": [0.95, 0.7625, 0.3125], "number_of_colorful_edges": 0.675}, "init_world": [[0, 2, 1, 1, 0, 2, 2, 2, 2, 0, 0, 2, 2, 1, 2, 1, 1, 1, 0, 1, 2, 0, 1, 1, 2, 2, 2, 2, 0, 2, 2, 0, 2, 0, 1, 1, 1, 1, 0, 2], [2, 2, 2, 2, 1, 1, 0, 0, 1, 2, 2, 2, 0, 0, 2, 2, 0, 1, 0, 2, 0, 2, 0, 0, 0, 2, 1, 0, 2, 2, 2, 1, 0, 2, 0, 1, 0, 0, 2, 0]], "final": {"social_welfare": [0.9875, 0.5250000000000001, 0.95, 0.7667041605134394], "degree_of_intergration": [0.9875, 0.9875, 0.875], "number_of_colorful_edges": 0.95}, "steps": 11, "final_world": [[0, 2, 1, 1, 0, 2, 1, 2, 2, 0, 2, 0, 2, 1, 2, 1, 2, 1, 2, 1, 2, 0, 2, 1, 2, 1, 0, 2, 1, 0, 2, 0, 2, 0, 1, 2, 1, 2, 0, 2], [2, 1, 0, 2, 1, 0, 2, 0, 1, 2, 2, 2, 0, 2, 1, 2, 0, 2, 0, 2, 0, 2, 0, 2, 0, 2, 1, 0, 2, 1, 0, 1, 0, 2, 0, 1, 0, 0, 2, 0]]}, "2": {"init": {"social_welfare": [0.9875, 0.4999999999999999, 0.6583333333333331, 0.7519745632366505], "degree_of_intergration": [0.9875, 0.725, 0.2625], "number_of_colorful_edges": 0.6583333333333333}, "init_world": [[1, 1, 2, 2, 1, 1, 0, 2, 1, 1, 1, 2, 0, 1, 1, 0, 1, 0, 1, 1, 2, 1, 1, 1, 2, 0, 1, 0, 1, 2, 0, 0, 2, 0, 1, 1, 0, 0, 1, 0], [2, 1, 1, 0, 1, 1, 0, 1, 2, 0, 1, 1, 2, 1, 0, 2, 2, 0, 1, 0, 2, 2, 1, 1, 2, 0, 2, 1, 1, 0, 2, 1, 2, 0, 2, 2, 0, 0, 2, 2]], "final": {"social_welfare": [1.0, 0.5416666666666664, 0.9666666666666666, 0.7864207153125473], "degree_of_intergration": [1.0, 1.0, 0.9], "number_of_colorful_edges": 0.9666666666666667}, "steps": 12, "final_world": [[1, 0, 2, 1, 2, 1, 0, 2, 1, 2, 1, 2, 1, 0, 1, 0, 1, 0, 2, 1, 2, 1, 2, 0, 1, 0, 1, 0, 1, 2, 1, 0, 1, 0, 1, 0, 1, 0, 1, 0], [2, 1, 1, 0, 1, 2, 0, 1, 2, 0, 2, 1, 2, 1, 0, 1, 2, 0, 1, 0, 1, 2, 0, 1, 2, 1, 2, 1, 2, 0, 2, 1, 2, 0, 2, 1, 0, 1, 2, 1]]}, "3": {"init": {"social_welfare": [0.9875, 0.4708333333333333, 0.6666666666666667, 0.712464361875045], "degree_of_intergration": [0.9875, 0.7, 0.3125], "number_of_colorful_edges": 0.6666666666666666}, "init_world": [[1, 1, 0, 0, 0, 1, 1, 2, 1, 1, 0, 1, 1, 2, 1, 0, 0, 0, 1, 2, 1, 1, 2, 1, 1, 0, 0, 1, 0, 0, 1, 0, 0, 0, 1, 1, 0, 1, 2, 0], [1, 0, 0, 2, 2, 1, 1, 2, 1, 2, 0, 1, 1, 0, 2, 2, 2, 2, 2, 0, 2, 0, 0, 2, 1, 0, 1, 0, 1, 2, 0, 1, 0, 2, 1, 1, 0, 2, 0, 2]], "final": {"social_welfare": [1.0, 0.5333333333333334, 0.9583333333333333, 0.7800224714732609], "degree_of_intergration": [1.0, 1.0, 0.875], "number_of_colorful_edges": 0.9583333333333334}, "steps": 12, "final_world": [[2, 1, 1, 0, 1, 0, 1, 2, 0, 1, 1, 0, 1, 2, 1, 0, 1, 0, 1, 2, 0, 1, 2, 1, 0, 1, 0, 1, 0, 0, 1, 0, 1, 0, 0, 1, 0, 1, 2, 0], [1, 0, 0, 2, 0, 1, 2, 0, 1, 2, 0, 1, 2, 0, 2, 1, 2, 1, 2, 0, 2, 0, 1, 2, 1, 0, 1, 0, 1, 2, 0, 1, 0, 2, 1, 2, 1, 2, 0, 2]]}, "4": {"init": {"social_welfare": [0.9625, 0.4583333333333335, 0.6916666666666664, 0.7046548317187914], "degree_of_intergration": [0.9625, 0.7875, 0.325], "number_of_colorful_edges": 0.6916666666666667}, "init_world": [[2, 2, 2, 0, 0, 2, 1, 0, 1, 0, 2, 2, 0, 0, 2, 0, 0, 1, 1, 1, 1, 0, 2, 2, 2, 0, 2, 0, 1, 0, 1, 1, 0, 2, 2, 2, 2, 0, 0, 2], [1, 2, 0, 1, 2, 1, 2, 0, 1, 0, 0, 1, 0, 2, 2, 0, 1, 0, 1, 0, 2, 0, 0, 0, 1, 2, 1, 1, 2, 0, 2, 0, 2, 0, 2, 0, 2, 2, 0, 2]], "final": {"social_welfare": [1.0, 0.5208333333333335, 0.9416666666666667, 0.7681925385937962], "degree_of_intergration": [1.0, 1.0, 0.825], "number_of_colorful_edges": 0.9416666666666667}, "steps": 11, "final_world": [[0, 1, 2, 0, 1, 2, 1, 0, 2, 0, 2, 0, 2, 0, 0, 2, 0, 1, 2, 1, 1, 0, 2, 0, 2, 0, 2, 0, 1, 0, 1, 2, 0, 2, 0, 1, 2, 0, 2, 1], [1, 2, 0, 1, 2, 1, 2, 0, 1, 2, 0, 1, 0, 2, 2, 0, 1, 0, 1, 0, 2, 2, 0, 2, 1, 2, 0, 1, 2, 0, 2, 0, 2, 0, 2, 0, 0, 2, 0, 2]]}, "5": {"init": {"social_welfare": [0.9875, 0.5249999999999999, 0.7666666666666664, 0.7800995632366503], "degree_of_intergration": [0.9875, 0.85, 0.4625], "number_of_colorful_edges": 0.7666666666666667}, "init_world": [[0, 2, 2, 0, 1, 1, 0, 2, 1, 2, 2, 2, 0, 1, 2, 1, 2, 0, 1, 0, 1, 0, 0, 0, 1, 0, 0, 2, 0, 1, 0, 0, 0, 0, 2, 2, 1, 0, 1, 2], [1, 0, 2, 1, 1, 2, 1, 2, 1, 0, 1, 0, 1, 2, 0, 1, 0, 0, 0, 2, 0, 2, 2, 1, 0, 0, 1, 2, 1, 0, 2, 1, 1, 2, 2, 1, 0, 2, 0, 0]], "final": {"social_welfare": [1.0, 0.575, 0.9833333333333336, 0.8298742276339743], "degree_of_intergration": [1.0, 1.0, 0.95], "number_of_colorful_edges": 0.9833333333333333}, "steps": 9, "final_world": [[0, 2, 1, 0, 2, 1, 0, 1, 0, 2, 0, 2, 0, 1, 2, 1, 2, 0, 1, 0, 1, 0, 2, 0, 1, 2, 0, 2, 0, 1, 0, 2, 0, 1, 0, 2, 1, 0, 1, 2], [1, 0, 2, 1, 0, 2, 1, 2, 1, 0, 1, 0, 1, 2, 0, 2, 1, 2, 0, 2, 0, 2, 0, 1, 2, 0, 1, 0, 1, 0, 2, 1, 1, 0, 2, 1, 0, 2, 0, 0]]}, "6": {"init": {"social_welfare": [0.9875, 0.5041666666666664, 0.6999999999999996, 0.7618713865178992], "degree_of_intergration": [0.9875, 0.8, 0.3125], "number_of_colorful_edges": 0.7}, "init_world": [[0, 1, 2, 2, 1, 2, 1, 1, 2, 1, 0, 2, 1, 0, 1, 1, 2, 1, 0, 1, 2, 1, 0, 0, 1, 1, 1, 1, 0, 2, 1, 1, 0, 0, 0, 2, 1, 1, 2, 2], [2, 1, 2, 2, 1, 1, 0, 0, 0, 1, 1, 0, 1, 2, 2, 2, 2, 1, 2, 0, 1, 2, 2, 0, 2, 1, 0, 0, 1, 2, 1, 0, 2, 2, 1, 0, 1, 2, 1, 0]], "final": {"social_welfare": [0.9875, 0.5458333333333332, 0.9333333333333332, 0.7968393618750447], "degree_of_intergration": [0.9875, 0.975, 0.8375], "number_of_colorful_edges": 0.9333333333333333}, "steps": 10, "final_world": [[0, 2, 0, 2, 1, 2, 1, 2, 2, 1, 0, 2, 1, 0, 2, 1, 2, 1, 0, 1, 2, 1, 0, 2, 1, 2, 0, 1, 0, 1, 0, 1, 0, 1, 0, 2, 0, 1, 2, 1], [2, 1, 2, 1, 1, 1, 0, 1, 0, 2, 1, 0, 1, 2, 1, 2, 1, 1, 2, 0, 1, 2, 1, 0, 2, 1, 2, 0, 1, 2, 1, 0, 2, 2, 1, 0, 1, 2, 1, 0]]}, "7": {"init": {"social_welfare": [1.0, 0.48333333333333356, 0.7166666666666665, 0.7431213865178994], "degree_of_intergration": [1.0, 0.825, 0.325], "number_of_colorful_edges": 0.7166666666666667}, "init_world": [[0, 1, 1, 2, 0, 0, 1, 0, 2, 1, 1, 1, 0, 2, 0, 2, 0, 2, 1, 2, 2, 0, 2, 0, 2, 1, 1, 1, 0, 0, 1, 0, 0, 1, 0, 0, 2, 0, 1, 2], [2, 0, 1, 2, 2, 0, 1, 1, 1, 2, 0, 2, 0, 2, 1, 1, 2, 1, 0, 0, 2, 0, 2, 2, 1, 0, 0, 0, 1, 1, 1, 0, 2, 0, 1, 1, 1, 0, 2, 0]], "final": {"social_welfare": [1.0, 0.5458333333333333, 0.9333333333333332, 0.8007826728348663], "degree_of_intergration": [1.0, 0.9875, 0.8125], "number_of_colorful_edges": 0.9333333333333333}, "steps": 9, "final_world": [[0, 1, 0, 2, 0, 1, 2, 1, 2, 1, 0, 1, 0, 1, 0, 2, 0, 2, 1, 2, 1, 0, 2, 0, 2, 1, 2, 1, 0, 1, 2, 1, 0, 1, 0, 0, 2, 0, 1, 2], [2, 0, 1, 0, 2, 0, 1, 0, 1, 2, 0, 2, 0, 2, 1, 0, 2, 1, 0, 0, 2, 0, 1, 2, 1, 0, 1, 0, 1, 2, 1, 0, 2, 0, 1, 1, 1, 0, 2, 0]]}, "8": {"init": {"social_welfare": [0.9, 0.40833333333333305, 0.5916666666666666, 0.633153411160754], "degree_of_intergration": [0.9, 0.6625, 0.2125], "number_of_colorful_edges": 0.5916666666666667}, "init_world": [[1, 1, 1, 1, 2, 0, 0, 2, 2, 2, 2, 2, 1, 1, 0, 1, 0, 2, 2, 2, 2, 2, 0, 0, 1, 2, 2, 2, 0, 1, 1, 2, 0, 1, 1, 0, 1, 2, 0, 2], [2, 1, 1, 1, 1, 0, 1, 1, 1, 1, 2, 2, 2, 2, 0, 1, 0, 1, 2, 0, 2, 0, 2, 0, 0, 0, 0, 0, 2, 2, 1, 2, 1, 2, 2, 1, 0, 1, 1, 1]], "final": {"social_welfare": [1.0, 0.5250000000000001, 0.9416666666666667, 0.7676707153125475], "degree_of_intergration": [1.0, 0.9875, 0.8375], "number_of_colorful_edges": 0.9416666666666667}, "steps": 12,