{"0": {"init": {"social_welfare": [0.45, 0.14999999999999997, 0.225, 0.2607210739285627], "degree_of_intergration": [0.45, 0.0], "number_of_colorful_edges": 0.225}, "init_world": [2, 2, 2, 2, 0, 0, 0, 0, 0, 0, 0, 0, 2, 2, 1, 1, 1, 0, 0, 0, 2, 2, 0, 0, 0, 2, 2, 2, 2, 1, 1, 1, 1, 1, 2, 2, 2, 2, 2, 2], "final": {"social_welfare": [1.0, 0.4416666666666666, 0.975, 0.7160816108928441], "degree_of_intergration": [1.0, 0.95], "number_of_colorful_edges": 0.975}, "steps": 12, "final_world": [1, 2, 0, 2, 0, 2, 0, 2, 0, 1, 2, 0, 2, 0, 2, 0, 2, 0, 2, 0, 1, 2, 0, 2, 0, 2, 0, 1, 2, 1, 0, 1, 2, 1, 2, 1, 2, 0, 2, 2]}, "1": {"init": {"social_welfare": [0.35, 0.13333333333333333, 0.2, 0.22381404928570844], "degree_of_intergration": [0.35, 0.05], "number_of_colorful_edges": 0.19999999999999998}, "init_world": [2, 2, 2, 2, 0, 0, 0, 0, 0, 0, 0, 0, 0, 1, 1, 1, 1, 1, 1, 1, 1, 1, 2, 2, 2, 2, 2, 2, 2, 1, 1, 0, 2, 2, 0, 1, 1, 1, 1, 1], "final": {"social_welfare": [1.0, 0.4666666666666667, 1.0, 0.7476280985714169], "degree_of_intergration": [1.0, 1.0], "number_of_colorful_edges": 1.0}, "steps": 12, "final_world": [0, 2, 1, 2, 1, 2, 0, 2, 0, 1, 0, 1, 0, 1, 0, 1, 0, 1, 2, 1, 2, 1, 2, 1, 2, 1, 2, 0, 1, 2, 1, 0, 1, 2, 0, 1, 2, 1, 0, 2]}, "2": {"init": {"social_welfare": [0.675, 0.22499999999999995, 0.3375, 0.39108161089284404], "degree_of_intergration": [0.675, 0.0], "number_of_colorful_edges": 0.3375}, "init_world": [1, 1, 1, 2, 2, 2, 2, 1, 1, 0, 0, 0, 1, 1, 0, 0, 2, 2, 2, 2, 0, 0, 0, 2, 2, 2, 2, 1, 1, 1, 0, 0, 2, 2, 2, 2, 0, 0, 1, 1], "final": {"social_welfare": [1.0, 0.4916666666666668, 1.0, 0.7791745862499898], "degree_of_intergration": [1.0, 1.0], "number_of_colorful_edges": 1.0}, "steps": 13, "final_world": [1, 0, 2, 1, 2, 1, 2, 1, 2, 0, 2, 0, 1, 2, 1, 0, 2, 0, 1, 2, 0, 2, 0, 2, 0, 1, 2, 1, 2, 1, 2, 0, 2, 1, 0, 2, 0, 2, 0, 1]}, "3": {"init": {"social_welfare": [0.575, 0.1916666666666666, 0.2875, 0.33314359446427455], "degree_of_intergration": [0.575, 0.0], "number_of_colorful_edges": 0.2875}, "init_world": [2, 2, 1, 1, 1, 2, 2, 2, 2, 0, 0, 0, 0, 0, 0, 1, 1, 1, 1, 1, 0, 0, 0, 0, 2, 2, 0, 0, 0, 0, 1, 1, 0, 0, 2, 2, 1, 1, 1, 1], "final": {"social_welfare": [1.0, 0.491666666666667, 1.0, 0.7791745862499898], "degree_of_intergration": [1.0, 1.0], "number_of_colorful_edges": 1.0}, "steps": 11, "final_world": [0, 2, 1, 0, 1, 2, 1, 0, 2, 0, 1, 0, 1, 2, 0, 1, 0, 1, 0, 1, 0, 1, 2, 1, 0, 2, 0, 2, 0, 2, 0, 1, 0, 1, 0, 2, 1, 2, 0, 1]}, "4": {"init": {"social_welfare": [0.525, 0.18333333333333326, 0.275, 0.31469008214284744], "degree_of_intergration": [0.525, 0.025], "number_of_colorful_edges": 0.275}, "init_world": [0, 0, 0, 0, 1, 1, 1, 1, 1, 1, 2, 2, 2, 0, 1, 1, 1, 1, 2, 2, 1, 1, 2, 2, 1, 1, 1, 0, 0, 0, 0, 0, 0, 1, 1, 2, 2, 2, 2, 2], "final": {"social_welfare": [1.0, 0.4833333333333333, 1.0, 0.7686590903571322], "degree_of_intergration": [1.0, 1.0], "number_of_colorful_edges": 1.0}, "steps": 11, "final_world": [2, 0, 1, 0, 1, 0, 1, 0, 2, 1, 2, 1, 2, 0, 1, 2, 1, 2, 1, 2, 1, 0, 1, 2, 1, 0, 1, 0, 1, 0, 2, 1, 0, 2, 1, 2, 1, 2, 0, 1]}, "5": {"init": {"social_welfare": [0.45, 0.14999999999999997, 0.225, 0.2607210739285627], "degree_of_intergration": [0.45, 0.0], "number_of_colorful_edges": 0.225}, "init_world": [1, 1, 1, 1, 1, 1, 0, 0, 2, 2, 2, 2, 2, 0, 0, 2, 2, 2, 2, 0, 0, 0, 0, 0, 0, 0, 2, 2, 1, 1, 1, 1, 1, 0, 0, 0, 0, 1, 1, 1], "final": {"social_welfare": [1.0, 0.4750000000000002, 1.0, 0.7581435944642745], "degree_of_intergration": [1.0, 1.0], "number_of_colorful_edges": 1.0}, "steps": 11, "final_world": [0, 1, 2, 1, 2, 1, 2, 0, 2, 1, 2, 1, 0, 2, 0, 2, 1, 0, 2, 0, 1, 0, 1, 0, 1, 0, 2, 0, 1, 0, 1, 0, 1, 0, 1, 2, 0, 1, 0, 2]}, "6": {"init": {"social_welfare": [0.625, 0.21666666666666662, 0.325, 0.37262809857141693], "degree_of_intergration": [0.625, 0.025], "number_of_colorful_edges": 0.325}, "init_world": [2, 2, 2, 2, 2, 0, 0, 2, 2, 0, 0, 0, 2, 2, 1, 1, 2, 2, 2, 0, 0, 1, 1, 0, 0, 0, 1, 1, 1, 1, 1, 1, 1, 2, 0, 0, 0, 2, 2, 2], "final": {"social_welfare": [1.0, 0.4833333333333334, 1.0, 0.7686590903571322], "degree_of_intergration": [1.0, 1.0], "number_of_colorful_edges": 1.0}, "steps": 12, "final_world": [0, 2, 1, 0, 2, 1, 2, 0, 2, 0, 2, 0, 2, 0, 2, 1, 2, 1, 2, 0, 2, 0, 1, 0, 2, 0, 1, 2, 1, 2, 1, 2, 1, 2, 0, 1, 0, 2, 1, 0]}, "7": {"init": {"social_welfare": [0.25, 0.08333333333333334, 0.125, 0.14484504107142374], "degree_of_intergration": [0.25, 0.0], "number_of_colorful_edges": 0.125}, "init_world": [1, 1, 1, 1, 1, 2, 2, 2, 2, 2, 1, 1, 1, 1, 1, 1, 1, 1, 1, 0, 0, 0, 0, 0, 0, 0, 0, 0, 0, 0, 0, 2, 2, 2, 2, 2, 2, 0, 0, 0], "final": {"social_welfare": [1.0, 0.4583333333333335, 1.0, 0.7371126026785593], "degree_of_intergration": [1.0, 1.0], "number_of_colorful_edges": 1.0}, "steps": 14, "final_world": [2, 1, 0, 2, 0, 2, 1, 2, 1, 2, 1, 0, 2, 0, 1, 0, 1, 0, 1, 0, 1, 0, 1, 0, 1, 0, 1, 0, 1, 2, 0, 2, 0, 2, 1, 0, 2, 0, 1, 2]}, "8": {"init": {"social_welfare": [0.575, 0.1916666666666666, 0.2875, 0.33314359446427455], "degree_of_intergration": [0.575, 0.0], "number_of_colorful_edges": 0.2875}, "init_world": [2, 2, 2, 2, 0, 0, 0, 0, 0, 0, 2, 2, 2, 2, 2, 2, 2, 1, 1, 1, 0, 0, 0, 1, 1, 2, 2, 0, 0, 2, 2, 2, 1, 1, 1, 2, 2, 2, 1, 1], "final": {"social_welfare": [1.0, 0.45, 0.975, 0.7265971067857017], "degree_of_intergration": [1.0, 0.95], "number_of_colorful_edges": 0.975}, "steps": 11, "final_world": [1, 2, 0, 2, 0, 2, 0, 1, 2, 0, 2, 1, 2, 0, 2, 1, 2, 1, 2, 1, 0, 2, 0, 2, 1, 2, 0, 2, 0, 2, 0, 2, 1, 2, 1, 2, 0, 2, 2, 1]}, "9": {"init": {"social_welfare": [0.425, 0.14999999999999997, 0.225, 0.25675206571427794], "degree_of_intergration": [0.425, 0.025], "number_of_colorful_edges": 0.225}, "init_world": [2, 2, 2, 2, 2, 2, 0, 0, 0, 0, 2, 1, 1, 1, 1, 1, 1, 1, 0, 0, 0, 0, 0, 0, 2, 2, 2, 1, 1, 1, 1, 1, 2, 2, 0, 0, 0, 2, 2, 2], "final": {"social_welfare": [1.0, 0.5166666666666668, 1.0, 0.8107210739285626], "degree_of_intergration": [1.0, 1.0], "number_of_colorful_edges": 1.0}, "steps": 11, "final_world": [0, 2, 1, 2, 1, 2, 0, 1, 2, 0, 2, 1, 2, 1, 2, 1, 0, 2, 0, 2, 0, 1, 2, 0, 2, 0, 2, 1, 0, 1, 2, 1, 0, 2, 0, 1, 0, 2, 1, 0]}}