{"0": {"init": {"social_welfare": [0.9, 0.3666666666666669, 0.6625, 0.6055661149999864], "degree_of_intergration": [0.9, 0.425], "number_of_colorful_edges": 0.6625}, "init_world": [1, 0, 1, 2, 2, 0, 0, 0, 1, 1, 0, 1, 2, 0, 1, 1, 1, 1, 2, 0, 1, 0, 2, 2, 1, 2, 2, 1, 1, 2, 1, 0, 1, 0, 0, 0, 2, 0, 2, 2], "final": {"social_welfare": [1.0, 0.4166666666666667, 0.8, 0.6845351232142711], "degree_of_intergration": [1.0, 0.6], "number_of_colorful_edges": 0.8}, "steps": 2, "final_world": [0, 0, 1, 2, 2, 0, 1, 0, 1, 1, 0, 1, 2, 0, 1, 0, 1, 1, 2, 0, 1, 0, 2, 2, 1, 2, 2, 1, 1, 2, 1, 0, 1, 0, 1, 0, 2, 0, 2, 2]}, "1": {"init": {"social_welfare": [0.925, 0.3916666666666668, 0.7375, 0.641081610892844], "degree_of_intergration": [0.925, 0.55], "number_of_colorful_edges": 0.7375}, "init_world": [1, 1, 0, 0, 0, 0, 1, 0, 1, 1, 2, 1, 0, 2, 0, 2, 0, 0, 2, 1, 0, 2, 1, 2, 0, 1, 2, 2, 2, 1, 2, 1, 1, 2, 1, 1, 0, 1, 2, 1], "final": {"social_welfare": [1.0, 0.4416666666666666, 0.8375, 0.7160816108928441], "degree_of_intergration": [1.0, 0.675], "number_of_colorful_edges": 0.8375}, "steps": 1, "final_world": [1, 1, 0, 2, 0, 0, 1, 0, 1, 1, 2, 1, 0, 2, 0, 2, 0, 0, 2, 1, 0, 2, 1, 2, 0, 1, 2, 0, 2, 1, 2, 1, 1, 2, 1, 1, 0, 1, 2, 1]}, "2": {"init": {"social_welfare": [0.875, 0.3666666666666667, 0.675, 0.6015971067857017], "degree_of_intergration": [0.875, 0.475], "number_of_colorful_edges": 0.675}, "init_world": [0, 2, 2, 2, 0, 1, 0, 1, 0, 0, 2, 1, 1, 1, 1, 0, 1, 2, 2, 1, 0, 1, 1, 1, 0, 1, 0, 0, 0, 1, 2, 0, 1, 1, 0, 2, 1, 2, 1, 1], "final": {"social_welfare": [1.0, 0.4333333333333333, 0.875, 0.7055661149999863], "degree_of_intergration": [1.0, 0.75], "number_of_colorful_edges": 0.875}, "steps": 2, "final_world": [0, 2, 1, 2, 0, 1, 0, 1, 0, 0, 2, 1, 2, 1, 1, 0, 1, 2, 2, 1, 0, 1, 0, 1, 0, 1, 0, 1, 0, 1, 2, 0, 1, 1, 0, 2, 1, 2, 1, 1]}, "3": {"init": {"social_welfare": [0.875, 0.3333333333333334, 0.575, 0.5595351232142712], "degree_of_intergration": [0.875, 0.275], "number_of_colorful_edges": 0.575}, "init_world": [2, 2, 1, 2, 2, 0, 0, 0, 0, 0, 2, 2, 2, 1, 2, 0, 1, 0, 0, 2, 1, 1, 2, 2, 1, 1, 1, 0, 1, 1, 0, 1, 1, 2, 0, 0, 2, 0, 1, 1], "final": {"social_welfare": [1.0, 0.4083333333333335, 0.775, 0.6740196273214135], "degree_of_intergration": [1.0, 0.55], "number_of_colorful_edges": 0.775}, "steps": 2, "final_world": [2, 2, 1, 2, 2, 0, 2, 0, 1, 0, 2, 0, 2, 1, 2, 0, 1, 0, 0, 2, 1, 1, 2, 2, 1, 0, 1, 0, 1, 1, 0, 1, 1, 2, 0, 0, 2, 0, 1, 1]}, "4": {"init": {"social_welfare": [0.925, 0.3916666666666667, 0.7125, 0.641081610892844], "degree_of_intergration": [0.925, 0.5], "number_of_colorful_edges": 0.7125}, "init_world": [1, 0, 1, 0, 0, 2, 1, 2, 2, 0, 0, 2, 2, 0, 1, 0, 0, 0, 0, 2, 0, 1, 0, 2, 1, 2, 1, 1, 2, 0, 1, 1, 1, 0, 1, 0, 0, 1, 2, 0], "final": {"social_welfare": [1.0, 0.4166666666666668, 0.8125, 0.6845351232142711], "degree_of_intergration": [1.0, 0.625], "number_of_colorful_edges": 0.8125}, "steps": 1, "final_world": [1, 0, 1, 0, 0, 2, 1, 2, 2, 0, 0, 2, 2, 0, 1, 0, 1, 0, 0, 2, 0, 1, 0, 2, 1, 2, 1, 1, 2, 0, 1, 0, 1, 0, 1, 0, 0, 1, 2, 0]}, "5": {"init": {"social_welfare": [0.8, 0.2833333333333333, 0.525, 0.4845351232142712], "degree_of_intergration": [0.8, 0.25], "number_of_colorful_edges": 0.525}, "init_world": [1, 2, 2, 1, 2, 1, 1, 2, 2, 0, 0, 0, 0, 0, 1, 0, 1, 1, 0, 0, 1, 1, 0, 0, 0, 0, 2, 0, 0, 1, 2, 2, 2, 2, 2, 1, 0, 1, 0, 0], "final": {"social_welfare": [1.0, 0.37500000000000006, 0.775, 0.631957643749983], "degree_of_intergration": [1.0, 0.55], "number_of_colorful_edges": 0.775}, "steps": 3, "final_world": [0, 2, 2, 1, 2, 1, 1, 2, 2, 0, 2, 0, 2, 0, 1, 0, 1, 1, 0, 0, 1, 1, 0, 1, 0, 0, 2, 0, 0, 1, 2, 0, 2, 0, 2, 1, 0, 1, 0, 0]}, "6": {"init": {"social_welfare": [0.875, 0.36666666666666664, 0.6875, 0.6015971067857017], "degree_of_intergration": [0.875, 0.5], "number_of_colorful_edges": 0.6875}, "init_world": [2, 1, 2, 0, 2, 0, 0, 0, 1, 2, 2, 0, 2, 2, 1, 1, 1, 1, 1, 0, 0, 1, 2, 1, 2, 0, 2, 2, 1, 0, 1, 2, 0, 2, 0, 2, 2, 2, 1, 0], "final": {"social_welfare": [1.0, 0.45000000000000007, 0.8875, 0.7265971067857017], "degree_of_intergration": [1.0, 0.775], "number_of_colorful_edges": 0.8875}, "steps": 2, "final_world": [2, 1, 2, 0, 2, 0, 1, 0, 1, 2, 2, 0, 2, 2, 1, 0, 1, 2, 1, 0, 0, 1, 2, 1, 2, 0, 2, 2, 1, 0, 1, 2, 0, 2, 0, 2, 1, 2, 1, 0]}, "7": {"init": {"social_welfare": [0.875, 0.35000000000000003, 0.6, 0.5805661149999863], "degree_of_intergration": [0.875, 0.325], "number_of_colorful_edges": 0.6}, "init_world": [2, 1, 1, 2, 2, 1, 0, 0, 0, 1, 1, 1, 2, 2, 2, 1, 1, 1, 0, 0, 1, 2, 2, 1, 2, 0, 1, 2, 1, 0, 0, 2, 2, 2, 0, 2, 1, 2, 2, 0], "final": {"social_welfare": [1.0, 0.42499999999999993, 0.85, 0.6950506191071287], "degree_of_intergration": [1.0, 0.7], "number_of_colorful_edges": 0.85}, "steps": 3, "final_world": [2, 2, 1, 2, 2, 1, 0, 1, 0, 1, 0, 1, 2, 1, 2, 1, 2, 1, 0, 0, 1, 2, 2, 1, 2, 0, 1, 2, 1, 0, 0, 2, 1, 2, 0, 2, 1, 2, 2, 0]}, "8": {"init": {"social_welfare": [0.75, 0.30833333333333346, 0.5375, 0.5081435944642745], "degree_of_intergration": [0.75, 0.325], "number_of_colorful_edges": 0.5375}, "init_world": [2, 2, 2, 2, 0, 0, 1, 1, 0, 2, 2, 2, 2, 2, 2, 0, 0, 2, 0, 1, 1, 2, 1, 0, 1, 2, 0, 2, 0, 1, 0, 0, 0, 0, 1, 1, 1, 2, 0, 0], "final": {"social_welfare": [1.0, 0.41666666666666663, 0.8, 0.6845351232142711], "degree_of_intergration": [1.0, 0.6], "number_of_colorful_edges": 0.8}, "steps": 4, "final_world": [2, 2, 1, 2, 2, 0, 1, 1, 0, 2, 0, 2, 0, 2, 2, 0, 0, 2, 0, 1, 1, 2, 1, 0, 1, 2, 0, 2, 0, 1, 0, 2, 0, 0, 1, 2, 1, 2, 0, 0]}, "9": {"init": {"social_welfare": [0.925, 0.43333333333333324, 0.7375, 0.6936590903571321], "degree_of_intergration": [0.925, 0.55], "number_of_colorful_edges": 0.7375}, "init_world": [1, 0, 0, 0, 2, 1, 2, 0, 0, 0, 1, 1, 2, 1, 0, 0, 0, 2, 1, 2, 0, 0, 1, 2, 0, 2, 2, 1, 1, 2, 1, 0, 2, 1, 0, 2, 1, 0, 2, 0], "final": {"social_welfare": [1.0, 0.4666666666666667, 0.8625, 0.7476280985714169], "degree_of_intergration": [1.0, 0.725], "number_of_colorful_edges": 0.8625}, "steps": 4, "final_world": [0, 0, 1, 0, 1, 0, 2, 0, 2, 0, 0, 1, 2, 1, 0, 1, 0, 2, 1, 2, 0, 0, 1, 2, 0, 2, 2, 1, 1, 2, 1, 0, 2, 1, 0, 2, 1, 0, 2, 0]}}