{"0": {"init": {"social_welfare": [0.9875, 0.5166666666666667, 0.7416666666666665, 0.7692361851562936], "degree_of_intergration": [0.9875, 0.8375, 0.4], "number_of_colorful_edges": 0.7416666666666667}, "init_world": [[0, 0, 2, 0, 0, 1, 0, 0, 2, 1, 2, 2, 1, 1, 2, 0, 2, 2, 1, 0, 2, 2, 0, 2, 0, 2, 2, 2, 0, 2, 1, 1, 1, 2, 0, 1, 1, 2, 1, 0], [1, 2, 0, 1, 2, 2, 0, 1, 1, 2, 0, 1, 0, 2, 1, 2, 0, 2, 1, 1, 1, 1, 1, 2, 2, 1, 0, 0, 2, 1, 0, 1, 2, 1, 1, 1, 0, 2, 1, 2]], "final": {"social_welfare": [1.0, 0.5541666666666666, 1.0, 0.7997390262723688], "degree_of_intergration": [1.0, 1.0, 1.0], "number_of_colorful_edges": 1.0}, "steps": 15, "final_world": [[2, 1, 2, 1, 0, 1, 2, 0, 2, 0, 1, 2, 1, 0, 2, 1, 2, 0, 1, 0, 1, 2, 1, 2, 0, 2, 1, 2, 0, 2, 1, 0, 1, 2, 0, 2, 1, 0, 2, 0], [1, 2, 0, 2, 1, 2, 0, 1, 0, 2, 0, 1, 0, 2, 1, 2, 0, 1, 2, 1, 0, 1, 2, 1, 2, 1, 0, 1, 2, 1, 0, 1, 2, 1, 2, 1, 0, 2, 1, 2]]}, "1": {"init": {"social_welfare": [0.9625, 0.4958333333333331, 0.7333333333333332, 0.750563276919683], "degree_of_intergration": [0.9625, 0.85, 0.3875], "number_of_colorful_edges": 0.7333333333333333}, "init_world": [[0, 1, 0, 0, 2, 0, 1, 2, 1, 2, 1, 2, 2, 2, 0, 0, 0, 1, 2, 1, 0, 0, 0, 2, 0, 1, 2, 0, 2, 2, 2, 2, 1, 2, 0, 0, 2, 2, 0, 0], [1, 2, 1, 2, 0, 1, 1, 0, 0, 1, 1, 1, 2, 0, 2, 0, 1, 2, 2, 0, 2, 1, 2, 2, 1, 0, 0, 1, 0, 1, 1, 0, 0, 0, 1, 2, 1, 0, 1, 1]], "final": {"social_welfare": [1.0, 0.5416666666666664, 1.0, 0.7834439591518337], "degree_of_intergration": [1.0, 1.0, 1.0], "number_of_colorful_edges": 1.0}, "steps": 13, "final_world": [[0, 1, 2, 0, 2, 0, 1, 0, 1, 0, 1, 2, 0, 2, 0, 2, 0, 1, 2, 1, 0, 2, 0, 2, 0, 1, 2, 0, 2, 0, 1, 2, 1, 2, 0, 1, 0, 2, 0, 2], [1, 2, 1, 2, 0, 1, 2, 1, 0, 1, 0, 1, 2, 0, 2, 0, 1, 2, 1, 0, 2, 1, 2, 0, 1, 2, 0, 1, 0, 1, 2, 0, 2, 0, 1, 2, 1, 0, 1, 0]]}, "2": {"init": {"social_welfare": [0.9625, 0.4416666666666667, 0.6416666666666668, 0.6739978070759373], "degree_of_intergration": [0.9625, 0.675, 0.2875], "number_of_colorful_edges": 0.6416666666666668}, "init_world": [[1, 1, 0, 1, 0, 1, 0, 0, 1, 2, 2, 2, 0, 2, 0, 1, 1, 2, 2, 2, 0, 2, 0, 0, 0, 0, 0, 1, 0, 1, 1, 2, 0, 0, 1, 0, 2, 1, 1, 2], [2, 1, 1, 2, 2, 1, 2, 1, 0, 2, 1, 0, 0, 0, 0, 1, 0, 1, 2, 2, 0, 0, 0, 2, 1, 1, 0, 0, 1, 2, 1, 0, 0, 2, 0, 2, 2, 2, 0, 2]], "final": {"social_welfare": [1.0, 0.5708333333333332, 0.9916666666666668, 0.8214657824330824], "degree_of_intergration": [1.0, 1.0, 0.975], "number_of_colorful_edges": 0.9916666666666667}, "steps": 18, "final_world": [[0, 2, 0, 1, 0, 2, 1, 0, 2, 1, 0, 1, 0, 1, 0, 2, 1, 2, 0, 2, 0, 2, 1, 0, 2, 0, 2, 1, 0, 1, 0, 2, 1, 0, 1, 0, 2, 0, 1, 2], [2, 0, 1, 0, 2, 1, 0, 1, 0, 2, 1, 0, 2, 0, 2, 1, 0, 1, 2, 0, 2, 1, 0, 2, 0, 1, 0, 2, 1, 2, 1, 0, 0, 2, 0, 2, 1, 2, 0, 1]]}, "3": {"init": {"social_welfare": [0.9625, 0.4291666666666667, 0.5916666666666666, 0.6696097645982564], "degree_of_intergration": [0.9625, 0.6625, 0.15], "number_of_colorful_edges": 0.5916666666666667}, "init_world": [[1, 1, 0, 1, 0, 2, 0, 1, 1, 0, 2, 2, 1, 1, 2, 1, 1, 1, 2, 1, 1, 0, 2, 2, 0, 0, 0, 0, 0, 0, 2, 2, 0, 0, 2, 0, 0, 1, 1, 2], [2, 1, 1, 1, 0, 1, 2, 2, 0, 0, 0, 1, 1, 2, 1, 1, 0, 0, 2, 2, 1, 1, 2, 0, 0, 1, 1, 0, 1, 2, 1, 0, 0, 0, 1, 2, 2, 2, 1, 2]], "final": {"social_welfare": [1.0, 0.5541666666666665, 1.0, 0.7997390262723688], "degree_of_intergration": [1.0, 1.0, 1.0], "number_of_colorful_edges": 1.0}, "steps": 19, "final_world": [[1, 0, 1, 0, 1, 2, 1, 2, 1, 0, 1, 2, 0, 1, 2, 0, 2, 1, 2, 1, 2, 0, 1, 0, 1, 2, 0, 1, 0, 1, 0, 2, 0, 1, 2, 0, 2, 1, 0, 2], [2, 1, 0, 1, 0, 1, 2, 1, 0, 1, 2, 0, 1, 2, 0, 1, 0, 2, 0, 2, 0, 1, 2, 1, 0, 1, 2, 0, 1, 2, 1, 0, 1, 0, 1, 2, 0, 2, 1, 0]]}, "4": {"init": {"social_welfare": [1.0, 0.5250000000000001, 0.7083333333333328, 0.7840428741964719], "degree_of_intergration": [1.0, 0.8125, 0.3125], "number_of_colorful_edges": 0.7083333333333334}, "init_world": [[0, 1, 1, 2, 1, 2, 0, 1, 2, 1, 2, 2, 0, 2, 2, 0, 2, 2, 1, 1, 1, 1, 2, 2, 2, 1, 2, 2, 1, 1, 1, 0, 2, 2, 1, 0, 0, 1, 2, 1], [1, 2, 1, 0, 1, 2, 2, 1, 0, 0, 2, 0, 1, 1, 2, 0, 1, 0, 0, 2, 0, 1, 1, 0, 1, 0, 1, 0, 0, 2, 1, 1, 0, 2, 1, 0, 1, 0, 0, 0]], "final": {"social_welfare": [1.0, 0.5541666666666665, 1.0, 0.7997390262723688], "degree_of_intergration": [1.0, 1.0, 1.0], "number_of_colorful_edges": 1.0}, "steps": 19, "final_world": [[0, 1, 0, 2, 1, 2, 1, 0, 2, 0, 1, 2, 0, 2, 1, 2, 0, 2, 1, 2, 1, 0, 2, 1, 2, 1, 2, 0, 1, 2, 1, 0, 2, 1, 0, 1, 0, 1, 2, 1], [1, 2, 1, 0, 2, 1, 2, 1, 0, 1, 2, 0, 2, 1, 2, 0, 1, 0, 2, 1, 0, 2, 1, 0, 1, 0, 1, 2, 0, 1, 2, 1, 0, 2, 1, 0, 1, 0, 1, 0]]}, "5": {"init": {"social_welfare": [0.9625, 0.4749999999999999, 0.6166666666666665, 0.711497807075937], "degree_of_intergration": [0.9625, 0.6625, 0.225], "number_of_colorful_edges": 0.6166666666666667}, "init_world": [[2, 1, 2, 2, 0, 2, 0, 1, 0, 2, 2, 1, 1, 1, 0, 2, 2, 0, 0, 0, 1, 1, 2, 1, 2, 2, 2, 0, 2, 2, 0, 1, 1, 2, 1, 2, 0, 0, 0, 0], [0, 1, 2, 2, 2, 2, 2, 0, 2, 2, 0, 0, 2, 2, 2, 1, 2, 2, 1, 0, 2, 1, 2, 2, 0, 1, 1, 1, 2, 2, 2, 1, 0, 0, 1, 2, 2, 2, 1, 2]], "final": {"social_welfare": [1.0, 0.5374999999999999, 0.9416666666666664, 0.786942538593796], "degree_of_intergration": [1.0, 1.0, 0.825], "number_of_colorful_edges": 0.9416666666666667}, "steps": 17, "final_world": [[2, 2, 1, 2, 0, 2, 0, 2, 0, 1, 2, 1, 2, 1, 0, 2, 1, 0, 2, 2, 1, 2, 0, 1, 2, 0, 2, 0, 1, 2, 0, 2, 1, 2, 0, 1, 2, 0, 2, 0], [0, 1, 2, 1, 2, 0, 2, 0, 2, 2, 0, 2, 0, 2, 2, 1, 2, 2, 1, 0, 2, 1, 2, 2, 0, 1, 2, 1, 2, 1, 2, 1, 2, 0, 1, 2, 0, 2, 1, 2]]}, "6": {"init": {"social_welfare": [0.9625, 0.44583333333333314, 0.6749999999999998, 0.6943132769196835], "degree_of_intergration": [0.9625, 0.75, 0.3125], "number_of_colorful_edges": 0.675}, "init_world": [[0, 0, 2, 0, 1, 1, 0, 0, 0, 1, 1, 0, 1, 2, 1, 2, 0, 2, 2, 2, 2, 0, 1, 0, 0, 0, 1, 2, 1, 0, 0, 0, 2, 0, 1, 1, 1, 0, 1, 0], [0, 1, 1, 2, 0, 2, 0, 2, 0, 0, 0, 1, 1, 1, 1, 1, 0, 2, 0, 1, 2, 1, 0, 2, 2, 2, 0, 0, 0, 1, 1, 0, 2, 2, 0, 2, 0, 2, 2, 1]], "final": {"social_welfare": [1.0, 0.5083333333333333, 1.0, 0.7399904468304068], "degree_of_intergration": [1.0, 1.0, 1.0], "number_of_colorful_edges": 1.0}, "steps": 14, "final_world": [[1, 0, 2, 0, 1, 0, 1, 0, 1, 2, 1, 2, 1, 2, 1, 0, 2, 1, 2, 0, 1, 0, 1, 0, 2, 0, 1, 0, 1, 0, 2, 0, 2, 0, 1, 0, 1, 0, 1, 0], [0, 1, 0, 2, 0, 2, 0, 2, 0, 1, 0, 1, 0, 1, 0, 1, 0, 2, 0, 1, 2, 1, 0, 2, 0, 2, 0, 2, 0, 2, 1, 2, 0, 2, 0, 2, 0, 1, 2, 1]]}, "7": {"init": {"social_welfare": [0.975, 0.4791666666666664, 0.6916666666666663, 0.734268209799148], "degree_of_intergration": [0.975, 0.8, 0.3], "number_of_colorful_edges": 0.6916666666666665}, "init_world": [[2, 2, 1, 0, 1, 1, 0, 0, 0, 0, 0, 2, 2, 1, 2, 1, 0, 1, 2, 2, 1, 0, 0, 0, 2, 1, 0, 1, 0, 1, 1, 2, 0, 1, 2, 0, 0, 0, 2, 2], [2, 1, 2, 0, 0, 0, 2, 1, 0, 2, 1, 0, 2, 2, 1, 1, 0, 1, 0, 1, 2, 1, 2, 2, 0, 0, 0, 1, 0, 2, 1, 2, 0, 2, 0, 1, 2, 0, 1, 1]], "final": {"social_welfare": [1.0, 0.5541666666666666, 1.0, 0.7997390262723688], "degree_of_intergration": [1.0, 1.0, 1.0], "number_of_colorful_edges": 1.0}, "steps": 19, "final_world": [[0, 2, 1, 0, 2, 0, 1, 0, 2, 1, 0, 2, 0, 1, 0, 1, 0, 2, 1, 2, 1, 0, 2, 0, 2, 0, 1, 0, 2, 1, 0, 1, 2, 1, 2, 0, 1, 2, 0, 2], [2, 0, 2, 1, 0, 1, 2, 1, 0, 2, 1, 0, 2, 0, 1, 0, 2, 1, 0, 1, 2, 1, 0, 2, 0, 1, 0, 1, 0, 2, 1, 2, 0, 2, 0, 1, 2, 0, 1, 0]]}, "8": {"init": {"social_welfare": [0.9125, 0.4416666666666666, 0.6416666666666668, 0.6701315878795049], "degree_of_intergration": [0.9125, 0.675, 0.3375], "number_of_colorful_edges": 0.6416666666666667}, "init_world": [[1, 0, 0, 0, 0, 1, 0, 1, 0, 0, 0, 0, 2, 1, 1, 0, 0, 0, 1, 0, 2, 2, 0, 2, 1, 0, 1, 2, 1, 0, 1, 1, 0, 1, 2, 2, 0, 1, 0, 1], [0, 0, 0, 1, 2, 0, 2, 2, 1, 0, 0, 0, 1, 1, 0, 2, 0, 0, 1, 1, 0, 1, 2, 2, 2, 1, 0, 2, 0, 2, 1, 1, 0, 0, 1, 0, 0, 1, 1, 2]], "final": {"social_welfare": [1.0, 0.5083333333333332, 0.9833333333333334, 0.7429672029911203], "degree_of_intergration": [1.0, 1.0, 0.95], "number_of_colorful_edges": 0.9833333333333333}, "steps": 14,