{"0": {"init": {"social_welfare": [0.5, 0.17916666666666672, 0.20833333333333331, 0.2826434672544902], "degree_of_intergration": [0.5, 0.125, 0.0], "number_of_colorful_edges": 0.20833333333333334}, "init_world": [[2, 0, 0, 0, 0, 1, 1, 1, 1, 0, 0, 0, 0, 0, 1, 1, 1, 1, 1, 1, 1, 1, 1, 1, 1, 2, 2, 2, 2, 2, 2, 2, 0, 0, 0, 0, 0, 0, 0, 0], [2, 0, 0, 0, 0, 1, 1, 1, 1, 0, 0, 0, 2, 2, 1, 1, 1, 1, 2, 2, 1, 1, 1, 1, 1, 2, 2, 2, 2, 2, 2, 2, 0, 1, 1, 0, 0, 0, 0, 0]], "final": {"social_welfare": [1.0, 0.5374999999999998, 0.9333333333333332, 0.786942538593796], "degree_of_intergration": [1.0, 0.9625, 0.8375], "number_of_colorful_edges": 0.9333333333333333}, "steps": 22, "final_world": [[1, 2, 1, 2, 1, 2, 0, 2, 0, 2, 1, 2, 0, 1, 2, 0, 1, 2, 1, 0, 2, 1, 2, 0, 1, 0, 1, 2, 1, 2, 1, 0, 1, 0, 0, 1, 0, 1, 0, 0], [2, 1, 0, 1, 0, 1, 1, 0, 1, 0, 0, 0, 1, 2, 0, 1, 0, 1, 0, 2, 1, 0, 1, 2, 0, 2, 0, 1, 2, 0, 2, 1, 0, 1, 1, 0, 2, 0, 0, 1]]}, "1": {"init": {"social_welfare": [0.625, 0.25, 0.2583333333333334, 0.3772058385268195], "degree_of_intergration": [0.625, 0.15, 0.0], "number_of_colorful_edges": 0.25833333333333336}, "init_world": [[2, 2, 0, 0, 0, 1, 1, 1, 1, 0, 0, 0, 0, 0, 0, 0, 2, 2, 2, 2, 2, 2, 1, 0, 0, 2, 2, 2, 0, 0, 2, 1, 2, 2, 1, 0, 0, 0, 0, 0], [2, 2, 0, 0, 0, 1, 1, 1, 1, 0, 0, 0, 0, 0, 0, 0, 2, 2, 2, 2, 2, 2, 1, 0, 0, 1, 1, 1, 0, 0, 2, 1, 2, 2, 1, 0, 0, 0, 0, 0]], "final": {"social_welfare": [0.975, 0.5041666666666667, 0.8166666666666664, 0.74304429475451], "degree_of_intergration": [0.975, 0.825, 0.65], "number_of_colorful_edges": 0.8166666666666665}, "steps": 17, "final_world": [[1, 2, 0, 1, 0, 2, 0, 2, 1, 0, 2, 1, 2, 0, 1, 2, 1, 0, 2, 0, 2, 0, 2, 1, 0, 2, 1, 2, 0, 2, 1, 0, 1, 0, 2, 0, 2, 0, 2, 0], [2, 1, 2, 0, 0, 1, 2, 0, 2, 0, 0, 0, 0, 0, 0, 0, 2, 2, 0, 2, 0, 2, 1, 0, 0, 1, 0, 1, 0, 0, 2, 1, 0, 2, 1, 0, 0, 0, 0, 0]]}, "2": {"init": {"social_welfare": [0.6375, 0.2374999999999999, 0.24999999999999992, 0.36336570428574916], "degree_of_intergration": [0.6375, 0.1125, 0.0], "number_of_colorful_edges": 0.25}, "init_world": [[2, 2, 1, 1, 1, 1, 2, 2, 1, 1, 1, 1, 2, 2, 2, 0, 0, 0, 0, 0, 0, 2, 2, 2, 2, 1, 1, 1, 1, 1, 1, 0, 0, 2, 2, 2, 2, 2, 1, 1], [2, 2, 0, 0, 1, 1, 2, 2, 0, 0, 0, 0, 2, 2, 2, 0, 0, 0, 0, 0, 0, 2, 2, 2, 2, 1, 1, 1, 1, 1, 1, 0, 0, 0, 2, 2, 2, 2, 1, 1]], "final": {"social_welfare": [1.0, 0.5708333333333332, 0.8833333333333332, 0.8363495632366501], "degree_of_intergration": [1.0, 0.9375, 0.7125], "number_of_colorful_edges": 0.8833333333333333}, "steps": 18, "final_world": [[0, 2, 1, 0, 2, 0, 1, 0, 1, 2, 0, 1, 0, 1, 2, 1, 2, 0, 1, 0, 1, 2, 0, 1, 2, 1, 0, 1, 2, 0, 1, 2, 0, 2, 1, 2, 0, 2, 1, 2], [2, 1, 0, 2, 1, 1, 2, 2, 0, 1, 2, 0, 2, 2, 2, 0, 1, 2, 0, 2, 0, 2, 2, 0, 2, 1, 2, 0, 1, 2, 1, 0, 1, 0, 2, 1, 2, 2, 1, 1]]}, "3": {"init": {"social_welfare": [0.525, 0.20416666666666675, 0.22500000000000003, 0.3141899549330631], "degree_of_intergration": [0.525, 0.15, 0.0], "number_of_colorful_edges": 0.225}, "init_world": [[2, 2, 1, 1, 2, 2, 2, 0, 0, 2, 1, 1, 1, 1, 1, 1, 1, 1, 0, 0, 0, 0, 0, 0, 0, 0, 0, 1, 1, 1, 2, 2, 2, 2, 2, 1, 1, 2, 2, 2], [2, 2, 1, 1, 2, 2, 2, 0, 0, 2, 2, 1, 1, 1, 1, 1, 1, 1, 0, 0, 0, 0, 0, 0, 0, 0, 0, 1, 0, 0, 2, 2, 2, 2, 2, 0, 0, 0, 2, 2]], "final": {"social_welfare": [1.0, 0.5499999999999999, 0.9416666666666664, 0.7957957153125473], "degree_of_intergration": [1.0, 0.95, 0.875], "number_of_colorful_edges": 0.9416666666666667}, "steps": 21, "final_world": [[1, 0, 2, 0, 2, 1, 0, 1, 0, 2, 1, 2, 1, 2, 1, 0, 2, 0, 2, 1, 0, 2, 0, 2, 0, 2, 1, 2, 0, 1, 2, 0, 1, 0, 2, 1, 1, 2, 0, 2], [0, 2, 0, 1, 0, 2, 1, 0, 1, 0, 2, 1, 0, 1, 0, 1, 0, 1, 0, 2, 1, 0, 1, 0, 1, 0, 2, 1, 2, 0, 1, 2, 2, 2, 2, 0, 2, 1, 2, 2]]}, "4": {"init": {"social_welfare": [0.5, 0.16666666666666674, 0.17500000000000007, 0.2589065097321711], "degree_of_intergration": [0.5, 0.025, 0.0], "number_of_colorful_edges": 0.175}, "init_world": [[2, 2, 1, 1, 1, 1, 1, 1, 2, 2, 2, 2, 2, 0, 0, 0, 1, 1, 1, 2, 2, 2, 2, 1, 1, 0, 0, 0, 0, 0, 0, 1, 1, 0, 0, 0, 0, 2, 2, 2], [2, 2, 1, 1, 1, 1, 1, 1, 2, 2, 2, 2, 2, 2, 0, 0, 1, 1, 1, 2, 2, 2, 2, 1, 1, 0, 0, 0, 0, 0, 0, 1, 1, 0, 0, 0, 0, 2, 2, 2]], "final": {"social_welfare": [1.0, 0.5458333333333332, 0.9083333333333335, 0.790364026272369], "degree_of_intergration": [1.0, 0.9375, 0.7875], "number_of_colorful_edges": 0.9083333333333333}, "steps": 19, "final_world": [[1, 0, 1, 2, 1, 2, 1, 0, 2, 1, 2, 0, 2, 0, 2, 0, 1, 2, 0, 2, 1, 2, 0, 2, 1, 0, 2, 0, 1, 0, 2, 0, 1, 2, 1, 0, 1, 2, 0, 2], [0, 2, 1, 1, 0, 1, 0, 1, 0, 2, 0, 2, 0, 2, 1, 2, 1, 1, 1, 2, 2, 0, 2, 1, 1, 2, 1, 2, 0, 2, 0, 2, 1, 0, 0, 2, 0, 1, 2, 1]]}, "5": {"init": {"social_welfare": [0.5875, 0.21250000000000008, 0.2333333333333333, 0.32988610700896015], "degree_of_intergration": [0.5875, 0.1125, 0.0], "number_of_colorful_edges": 0.23333333333333336}, "init_world": [[2, 0, 0, 0, 0, 0, 0, 0, 0, 2, 2, 2, 2, 2, 1, 1, 1, 2, 2, 2, 0, 0, 0, 0, 0, 0, 0, 1, 1, 2, 2, 1, 1, 1, 0, 0, 2, 2, 2, 2], [2, 0, 0, 0, 0, 0, 0, 0, 0, 2, 2, 2, 2, 2, 1, 1, 1, 1, 1, 1, 0, 0, 1, 1, 0, 0, 0, 1, 1, 2, 2, 1, 1, 2, 2, 2, 2, 2, 2, 2]], "final": {"social_welfare": [0.9875, 0.5083333333333332, 0.9000000000000001, 0.7509309166741531], "degree_of_intergration": [0.9875, 0.95, 0.7625], "number_of_colorful_edges": 0.9}, "steps": 19, "final_world": [[1, 0, 2, 0, 2, 0, 1, 2, 1, 2, 0, 2, 0, 2, 1, 0, 1, 0, 1, 2, 0, 1, 2, 0, 2, 1, 0, 2, 0, 1, 0, 2, 0, 1, 0, 1, 2, 0, 2, 0], [0, 1, 0, 2, 0, 2, 0, 1, 0, 2, 2, 0, 2, 2, 0, 1, 0, 1, 0, 1, 2, 0, 1, 2, 0, 2, 0, 1, 1, 2, 2, 0, 1, 2, 2, 2, 0, 2, 2, 2]]}, "6": {"init": {"social_welfare": [0.45, 0.15000000000000005, 0.15833333333333338, 0.23331353437502536], "degree_of_intergration": [0.45, 0.025, 0.0], "number_of_colorful_edges": 0.15833333333333333}, "init_world": [[2, 2, 2, 2, 2, 0, 0, 0, 0, 0, 1, 1, 1, 1, 2, 2, 1, 1, 1, 1, 1, 1, 0, 0, 0, 0, 2, 2, 1, 1, 1, 0, 0, 0, 2, 2, 2, 2, 2, 2], [2, 2, 2, 2, 2, 0, 0, 0, 0, 0, 1, 1, 1, 1, 2, 2, 1, 1, 1, 1, 1, 1, 1, 0, 0, 0, 2, 2, 1, 1, 1, 0, 0, 0, 2, 2, 2, 2, 2, 2]], "final": {"social_welfare": [1.0, 0.5458333333333333, 0.9500000000000002, 0.7918524043527257], "degree_of_intergration": [1.0, 0.975, 0.875], "number_of_colorful_edges": 0.95}, "steps": 23, "final_world": [[0, 2, 0, 2, 1, 0, 2, 0, 2, 1, 2, 0, 1, 0, 1, 0, 2, 0, 1, 2, 1, 2, 0, 1, 2, 0, 1, 0, 1, 2, 0, 2, 1, 0, 2, 1, 2, 1, 0, 1], [1, 0, 2, 1, 2, 1, 0, 2, 0, 2, 0, 1, 2, 1, 0, 2, 1, 2, 0, 1, 2, 1, 2, 0, 1, 0, 2, 2, 1, 1, 2, 0, 2, 1, 2, 2, 1, 2, 1, 2]]}, "7": {"init": {"social_welfare": [0.625, 0.22083333333333335, 0.2416666666666666, 0.3421607714062843], "degree_of_intergration": [0.625, 0.0875, 0.0125], "number_of_colorful_edges": 0.24166666666666667}, "init_world": [[0, 0, 0, 0, 2, 2, 1, 1, 1, 1, 1, 0, 0, 0, 0, 1, 0, 0, 0, 1, 1, 2, 2, 2, 2, 0, 0, 0, 0, 2, 1, 1, 2, 2, 2, 2, 0, 0, 0, 0], [1, 1, 1, 0, 2, 2, 1, 1, 1, 1, 1, 0, 0, 0, 0, 1, 0, 0, 0, 1, 1, 2, 2, 2, 2, 0, 0, 0, 0, 1, 1, 1, 2, 2, 2, 2, 0, 0, 0, 0]], "final": {"social_welfare": [1.0, 0.5416666666666666, 0.9416666666666667, 0.7849323372321907], "degree_of_intergration": [1.0, 0.9625, 0.8625], "number_of_colorful_edges": 0.9416666666666667}, "steps": 21, "final_world": [[2, 0, 2, 1, 2, 0, 2, 0, 1, 0, 2, 0, 1, 0, 2, 0, 2, 1, 0, 2, 0, 2, 0, 1, 0, 1, 2, 0, 1, 2, 1, 0, 2, 0, 1, 0, 1, 2, 0, 1], [1, 1, 1, 0, 1, 2, 0, 1, 0, 1, 0, 2, 0, 2, 0, 1, 0, 0, 0, 1, 1, 0, 2, 0, 2, 0, 0, 1, 0, 1, 0, 1, 0, 2, 0, 2, 0, 1, 2, 0]]}, "8": {"init": {"social_welfare": [0.5, 0.17500000000000007, 0.19166666666666674, 0.2727466439732415], "degree_of_intergration": [0.5, 0.075, 0.0], "number_of_colorful_edges": 0.19166666666666668}, "init_world": [[2, 2, 2, 2, 2, 2, 2, 2, 0, 0, 0, 0, 0, 2, 2, 1, 1, 1, 1, 1, 1, 0, 0, 2, 1, 2, 2, 2, 0, 0, 0, 0, 1, 1, 1, 1, 1, 1, 0, 0], [2, 2, 2, 2, 2, 2, 2, 2, 0, 0, 0, 0, 2, 2, 2, 1, 1, 1, 1, 1, 1, 0, 0, 2, 1, 2, 2, 2, 0, 0, 0, 0, 1, 1, 1, 1, 1, 1, 0, 0]], "final": {"social_welfare": [1.0, 0.55, 0.9416666666666667, 0.7987724714732608], "degree_of_intergration": [1.0, 0.975, 0.85], "number_of_colorful_edges": 0.9416666666666667}, "steps": 20,