{"0": {"init": {"social_welfare": [0.55, 0.2000000000000001, 0.20833333333333343, 0.30622624125003045], "degree_of_intergration": [0.55, 0.075, 0.0], "number_of_colorful_edges": 0.20833333333333334}, "init_world": [[0, 0, 1, 1, 2, 2, 2, 0, 0, 0, 1, 1, 2, 2, 2, 2, 2, 2, 2, 0, 0, 0, 0, 0, 0, 0, 1, 1, 2, 2, 2, 1, 1, 1, 1, 1, 2, 2, 2, 2], [0, 0, 1, 1, 2, 2, 2, 0, 0, 0, 1, 1, 2, 2, 2, 2, 2, 2, 2, 0, 0, 0, 0, 0, 0, 0, 0, 0, 0, 0, 1, 1, 1, 1, 1, 1, 2, 2, 2, 2]], "final": {"social_welfare": [1.0, 0.45833333333333304, 0.9833333333333334, 0.6792753125893368], "degree_of_intergration": [1.0, 1.0, 0.95], "number_of_colorful_edges": 0.9833333333333333}, "steps": 20, "final_world": [[2, 0, 2, 1, 2, 0, 2, 0, 2, 0, 2, 1, 2, 0, 2, 0, 2, 0, 2, 0, 2, 0, 2, 0, 2, 0, 1, 0, 2, 1, 2, 1, 2, 1, 2, 1, 2, 1, 2, 1], [0, 1, 1, 2, 0, 2, 0, 2, 0, 2, 1, 2, 1, 2, 1, 2, 0, 2, 0, 2, 0, 2, 0, 1, 0, 1, 0, 1, 0, 0, 1, 0, 1, 0, 1, 0, 1, 2, 0, 2]]}, "1": {"init": {"social_welfare": [0.475, 0.1666666666666667, 0.17500000000000004, 0.25697340013395503], "degree_of_intergration": [0.475, 0.05, 0.0], "number_of_colorful_edges": 0.175}, "init_world": [[1, 1, 1, 2, 2, 2, 2, 2, 2, 2, 2, 2, 0, 0, 0, 0, 0, 2, 2, 2, 0, 0, 1, 1, 1, 1, 1, 1, 1, 1, 0, 2, 2, 1, 1, 0, 0, 0, 1, 1], [1, 1, 1, 2, 2, 2, 2, 2, 2, 2, 2, 2, 0, 0, 0, 0, 0, 0, 2, 2, 0, 0, 1, 1, 1, 1, 1, 1, 1, 1, 0, 2, 2, 1, 1, 0, 0, 0, 1, 1]], "final": {"social_welfare": [1.0, 0.4708333333333332, 0.9500000000000002, 0.7045006481920126], "degree_of_intergration": [1.0, 1.0, 0.85], "number_of_colorful_edges": 0.95}, "steps": 19, "final_world": [[2, 1, 0, 2, 1, 2, 0, 2, 0, 2, 1, 2, 0, 2, 0, 2, 0, 2, 1, 2, 1, 0, 1, 2, 1, 2, 1, 0, 1, 2, 0, 1, 2, 0, 1, 0, 1, 1, 0, 1], [1, 2, 1, 1, 2, 1, 2, 0, 2, 0, 2, 1, 1, 0, 2, 0, 2, 0, 2, 1, 0, 1, 2, 1, 0, 1, 2, 1, 2, 1, 0, 2, 1, 1, 0, 1, 0, 0, 1, 2]]}, "2": {"init": {"social_welfare": [0.6125, 0.22083333333333338, 0.22500000000000003, 0.3367290823661059], "degree_of_intergration": [0.6125, 0.0625, 0.0], "number_of_colorful_edges": 0.225}, "init_world": [[1, 1, 2, 2, 2, 2, 2, 2, 0, 0, 0, 2, 2, 1, 1, 0, 0, 0, 0, 1, 1, 1, 1, 0, 0, 0, 2, 2, 2, 2, 2, 0, 0, 0, 0, 0, 2, 2, 0, 1], [1, 1, 2, 2, 2, 2, 2, 2, 0, 0, 0, 2, 2, 1, 1, 0, 0, 0, 0, 1, 1, 1, 1, 0, 0, 0, 1, 1, 2, 2, 2, 0, 0, 0, 0, 0, 2, 2, 0, 1]], "final": {"social_welfare": [1.0, 0.5083333333333331, 0.975, 0.7444555810714772], "degree_of_intergration": [1.0, 1.0, 0.925], "number_of_colorful_edges": 0.975}, "steps": 22, "final_world": [[2, 0, 2, 1, 2, 0, 2, 1, 0, 2, 0, 2, 0, 2, 1, 0, 1, 0, 2, 1, 0, 1, 2, 0, 2, 0, 2, 2, 0, 2, 1, 0, 2, 0, 2, 0, 1, 2, 1, 0], [0, 1, 0, 2, 0, 2, 0, 2, 2, 0, 2, 0, 2, 1, 0, 1, 0, 1, 0, 2, 1, 0, 0, 1, 0, 2, 0, 1, 2, 0, 2, 1, 0, 2, 0, 1, 2, 1, 0, 1]]}, "3": {"init": {"social_welfare": [0.525, 0.1833333333333334, 0.1916666666666667, 0.2825663754911008], "degree_of_intergration": [0.525, 0.05, 0.0], "number_of_colorful_edges": 0.1916666666666667}, "init_world": [[0, 2, 2, 2, 2, 2, 1, 1, 1, 1, 0, 0, 0, 1, 1, 1, 1, 1, 1, 1, 1, 1, 1, 2, 2, 2, 2, 2, 2, 2, 2, 0, 0, 0, 0, 1, 2, 2, 2, 0], [0, 2, 2, 2, 2, 2, 1, 1, 1, 1, 0, 0, 0, 1, 1, 1, 1, 0, 0, 0, 1, 1, 1, 2, 2, 2, 2, 2, 2, 2, 2, 0, 0, 0, 0, 1, 2, 2, 2, 0]], "final": {"social_welfare": [1.0, 0.4833333333333333, 0.9750000000000002, 0.7103770687500502], "degree_of_intergration": [1.0, 1.0, 0.925], "number_of_colorful_edges": 0.975}, "steps": 22, "final_world": [[1, 2, 1, 2, 0, 2, 1, 2, 1, 0, 1, 0, 2, 1, 2, 1, 2, 1, 0, 1, 2, 1, 0, 2, 1, 2, 1, 2, 1, 2, 0, 1, 2, 0, 2, 1, 2, 0, 2, 0], [2, 0, 2, 1, 2, 0, 2, 1, 2, 1, 0, 1, 0, 2, 1, 2, 1, 0, 1, 0, 1, 2, 2, 1, 2, 1, 2, 1, 2, 0, 2, 0, 0, 2, 0, 2, 0, 2, 1, 0]]}, "4": {"init": {"social_welfare": [0.5375, 0.2000000000000001, 0.22500000000000003, 0.31121319877234954], "degree_of_intergration": [0.5375, 0.1375, 0.0], "number_of_colorful_edges": 0.225}, "init_world": [[1, 1, 1, 2, 2, 2, 2, 2, 2, 1, 1, 1, 1, 1, 1, 0, 0, 0, 0, 0, 0, 0, 0, 0, 0, 2, 2, 1, 2, 2, 0, 0, 2, 2, 0, 0, 0, 0, 0, 1], [1, 1, 1, 2, 2, 2, 2, 2, 2, 1, 1, 1, 1, 1, 1, 0, 0, 1, 1, 0, 0, 0, 0, 0, 0, 2, 2, 1, 2, 2, 2, 1, 1, 2, 0, 0, 0, 0, 0, 1]], "final": {"social_welfare": [1.0, 0.5416666666666665, 1.0, 0.7834439591518338], "degree_of_intergration": [1.0, 1.0, 1.0], "number_of_colorful_edges": 1.0}, "steps": 21, "final_world": [[2, 1, 0, 2, 1, 2, 1, 2, 0, 1, 2, 1, 0, 1, 2, 0, 1, 2, 0, 1, 0, 2, 0, 2, 0, 1, 0, 2, 1, 2, 1, 0, 2, 1, 0, 1, 0, 1, 0, 1], [1, 0, 1, 0, 2, 0, 2, 0, 2, 0, 1, 0, 1, 0, 1, 2, 0, 1, 2, 0, 2, 0, 1, 0, 2, 0, 2, 1, 2, 0, 2, 1, 0, 2, 1, 0, 2, 0, 1, 0]]}, "5": {"init": {"social_welfare": [0.575, 0.21250000000000005, 0.24166666666666678, 0.3318963083705656], "degree_of_intergration": [0.575, 0.15, 0.0], "number_of_colorful_edges": 0.24166666666666667}, "init_world": [[1, 1, 0, 0, 0, 0, 0, 0, 0, 0, 0, 2, 2, 2, 2, 2, 2, 1, 1, 1, 0, 0, 0, 0, 0, 1, 1, 1, 1, 0, 0, 0, 1, 1, 1, 1, 1, 1, 1, 1], [1, 1, 0, 0, 0, 2, 2, 0, 0, 0, 0, 2, 2, 2, 2, 2, 2, 1, 1, 1, 0, 0, 0, 0, 0, 1, 1, 1, 1, 1, 2, 2, 1, 1, 1, 2, 2, 1, 0, 0]], "final": {"social_welfare": [1.0, 0.47499999999999976, 0.9583333333333334, 0.7084439591518341], "degree_of_intergration": [1.0, 1.0, 0.875], "number_of_colorful_edges": 0.9583333333333334}, "steps": 21, "final_world": [[0, 1, 0, 1, 0, 1, 0, 2, 0, 2, 0, 2, 0, 2, 0, 2, 1, 2, 0, 1, 0, 1, 0, 1, 0, 1, 0, 1, 2, 0, 1, 0, 1, 2, 0, 1, 1, 2, 1, 1], [1, 0, 1, 0, 1, 0, 2, 0, 1, 0, 1, 1, 2, 1, 2, 0, 2, 1, 2, 0, 1, 0, 2, 0, 1, 0, 1, 0, 1, 1, 0, 2, 0, 1, 1, 0, 2, 1, 2, 0]]}, "6": {"init": {"social_welfare": [0.575, 0.20416666666666675, 0.22500000000000003, 0.3180561741294953], "degree_of_intergration": [0.575, 0.1, 0.0], "number_of_colorful_edges": 0.22499999999999998}, "init_world": [[0, 0, 2, 2, 2, 2, 2, 1, 1, 0, 0, 0, 0, 1, 1, 1, 1, 1, 1, 1, 1, 2, 2, 1, 1, 0, 0, 0, 0, 0, 0, 0, 0, 1, 1, 1, 1, 0, 0, 0], [0, 0, 2, 2, 2, 2, 2, 1, 1, 0, 0, 0, 0, 1, 1, 1, 1, 1, 1, 1, 1, 2, 2, 1, 0, 0, 2, 2, 2, 0, 0, 2, 2, 1, 1, 1, 1, 0, 0, 0]], "final": {"social_welfare": [1.0, 0.5166666666666666, 0.95, 0.7627608495536179], "degree_of_intergration": [1.0, 1.0, 0.85], "number_of_colorful_edges": 0.95}, "steps": 22, "final_world": [[2, 0, 2, 0, 2, 0, 2, 0, 1, 0, 2, 0, 1, 2, 0, 1, 0, 1, 2, 1, 0, 1, 0, 2, 1, 2, 0, 1, 0, 1, 1, 2, 0, 1, 0, 1, 2, 0, 1, 0], [0, 1, 1, 2, 1, 2, 1, 1, 0, 2, 0, 1, 0, 1, 1, 0, 1, 0, 1, 2, 1, 0, 2, 1, 0, 1, 2, 0, 2, 0, 0, 1, 2, 0, 1, 0, 1, 1, 0, 1]]}, "7": {"init": {"social_welfare": [0.6875, 0.2666666666666665, 0.2916666666666665, 0.40971888100450043], "degree_of_intergration": [0.6875, 0.1875, 0.0], "number_of_colorful_edges": 0.2916666666666667}, "init_world": [[1, 2, 2, 2, 1, 0, 0, 0, 0, 1, 1, 1, 1, 1, 1, 1, 1, 1, 1, 1, 1, 0, 0, 0, 0, 0, 0, 0, 0, 0, 1, 1, 1, 1, 1, 1, 0, 0, 1, 1], [1, 2, 2, 2, 1, 1, 1, 1, 2, 2, 0, 0, 1, 1, 1, 1, 1, 2, 2, 1, 1, 0, 0, 0, 0, 0, 0, 2, 2, 2, 2, 2, 2, 1, 1, 1, 0, 0, 1, 1]], "final": {"social_welfare": [1.0, 0.4625, 0.9583333333333336, 0.6891721358705855], "degree_of_intergration": [1.0, 1.0, 0.875], "number_of_colorful_edges": 0.9583333333333334}, "steps": 18, "final_world": [[1, 2, 1, 2, 1, 0, 1, 2, 0, 1, 0, 1, 2, 1, 0, 1, 0, 1, 1, 0, 1, 0, 1, 0, 1, 0, 1, 0, 1, 0, 2, 1, 1, 0, 1, 2, 1, 0, 1, 0], [2, 1, 2, 1, 0, 1, 0, 1, 1, 2, 1, 0, 1, 0, 1, 0, 1, 0, 2, 1, 2, 1, 0, 1, 0, 1, 0, 2, 1, 2, 1, 2, 2, 1, 2, 1, 0, 1, 0, 1]]}, "8": {"init": {"social_welfare": [0.4875, 0.19166666666666676, 0.20833333333333334, 0.293506845334847], "degree_of_intergration": [0.4875, 0.1375, 0.0], "number_of_colorful_edges": 0.20833333333333334}, "init_world": [[2, 2, 1, 1, 1, 0, 0, 0, 0, 0, 0, 2, 1, 1, 1, 1, 1, 1, 1, 2, 2, 2, 2, 2, 2, 0, 0, 0, 0, 0, 0, 0, 0, 0, 0, 0, 1, 2, 2, 2], [2, 2, 1, 1, 1, 0, 0, 0, 0, 0, 0, 2, 1, 1, 1, 1, 1, 1, 1, 2, 2, 2, 2, 2, 1, 1, 1, 1, 1, 0, 0, 0, 0, 0, 0, 0, 1, 0, 0, 2]], "final": {"social_welfare": [1.0, 0.4916666666666667, 0.9666666666666666, 0.7271939591518342], "degree_of_intergration": [1.0, 1.0, 0.9], "number_of_colorful_edges": 0.9666666666666667}, "steps": 20,