{"0": {"init": {"social_welfare": [0.6, 0.20833333333333326, 0.3125, 0.3581435944642746], "degree_of_intergration": [0.6, 0.025], "number_of_colorful_edges": 0.3125}, "init_world": [0, 0, 2, 2, 2, 1, 1, 1, 1, 0, 0, 2, 2, 1, 1, 0, 0, 0, 0, 2, 2, 2, 0, 0, 1, 1, 1, 2, 2, 2, 2, 2, 2, 2, 2, 0, 1, 1, 1, 1], "final": {"social_welfare": [1.0, 0.5250000000000004, 1.0, 0.8212365698214203], "degree_of_intergration": [1.0, 1.0], "number_of_colorful_edges": 1.0}, "steps": 16, "final_world": [1, 0, 2, 1, 0, 2, 0, 2, 1, 2, 1, 0, 2, 1, 2, 0, 2, 1, 0, 2, 0, 2, 0, 2, 1, 2, 1, 2, 1, 2, 1, 2, 0, 1, 2, 0, 1, 2, 0, 1]}, "1": {"init": {"social_welfare": [0.35, 0.125, 0.2, 0.21329855339285086], "degree_of_intergration": [0.35, 0.05], "number_of_colorful_edges": 0.19999999999999998}, "init_world": [1, 1, 1, 1, 1, 1, 1, 1, 1, 1, 1, 0, 0, 0, 0, 0, 0, 0, 0, 2, 2, 2, 2, 2, 0, 0, 1, 1, 1, 2, 1, 1, 0, 2, 2, 2, 2, 2, 2, 2], "final": {"social_welfare": [1.0, 0.45833333333333337, 1.0, 0.7371126026785593], "degree_of_intergration": [1.0, 1.0], "number_of_colorful_edges": 1.0}, "steps": 15, "final_world": [2, 1, 0, 1, 0, 1, 0, 1, 2, 1, 2, 0, 1, 0, 1, 0, 1, 2, 1, 2, 1, 2, 1, 2, 0, 2, 1, 2, 1, 2, 0, 1, 0, 2, 1, 2, 0, 2, 0, 1]}, "2": {"init": {"social_welfare": [0.6, 0.20833333333333326, 0.3125, 0.3581435944642746], "degree_of_intergration": [0.6, 0.025], "number_of_colorful_edges": 0.3125}, "init_world": [0, 0, 2, 2, 2, 2, 1, 1, 1, 1, 1, 0, 0, 0, 2, 2, 1, 1, 2, 2, 0, 0, 0, 0, 2, 2, 2, 2, 2, 2, 1, 1, 1, 2, 2, 2, 1, 0, 0, 0], "final": {"social_welfare": [1.0, 0.5250000000000001, 0.95, 0.8212365698214203], "degree_of_intergration": [1.0, 0.9], "number_of_colorful_edges": 0.95}, "steps": 11, "final_world": [1, 0, 2, 0, 1, 2, 0, 2, 1, 0, 2, 0, 2, 0, 1, 2, 0, 1, 2, 2, 0, 2, 1, 0, 2, 0, 2, 1, 2, 2, 1, 2, 1, 2, 0, 2, 1, 0, 2, 1]}, "3": {"init": {"social_welfare": [0.55, 0.18333333333333326, 0.275, 0.3186590903571322], "degree_of_intergration": [0.55, 0.0], "number_of_colorful_edges": 0.275}, "init_world": [0, 0, 0, 0, 1, 1, 1, 1, 1, 1, 2, 2, 2, 2, 2, 0, 0, 1, 1, 1, 0, 0, 1, 1, 0, 0, 0, 0, 2, 2, 2, 0, 0, 0, 1, 1, 1, 2, 2, 2], "final": {"social_welfare": [1.0, 0.4750000000000001, 1.0, 0.7581435944642745], "degree_of_intergration": [1.0, 1.0], "number_of_colorful_edges": 1.0}, "steps": 13, "final_world": [2, 0, 1, 0, 1, 0, 1, 0, 1, 0, 2, 0, 2, 0, 1, 2, 0, 1, 2, 1, 0, 1, 2, 1, 0, 1, 0, 1, 2, 0, 2, 0, 2, 0, 1, 2, 1, 2, 1, 0]}, "4": {"init": {"social_welfare": [0.4, 0.1333333333333333, 0.2, 0.23175206571427798], "degree_of_intergration": [0.4, 0.0], "number_of_colorful_edges": 0.2}, "init_world": [1, 1, 1, 1, 1, 1, 0, 0, 0, 1, 1, 1, 0, 0, 0, 0, 0, 0, 0, 0, 0, 0, 1, 1, 1, 2, 2, 2, 2, 2, 2, 0, 0, 0, 1, 1, 1, 2, 2, 2], "final": {"social_welfare": [1.0, 0.4749999999999999, 1.0, 0.7581435944642745], "degree_of_intergration": [1.0, 1.0], "number_of_colorful_edges": 1.0}, "steps": 13, "final_world": [2, 1, 0, 2, 0, 1, 0, 1, 0, 1, 0, 1, 0, 1, 0, 1, 0, 1, 0, 1, 2, 0, 1, 0, 1, 2, 0, 2, 1, 0, 2, 0, 2, 0, 1, 2, 1, 2, 0, 1]}, "5": {"init": {"social_welfare": [0.475, 0.15833333333333327, 0.2375, 0.2752055780357051], "degree_of_intergration": [0.475, 0.0], "number_of_colorful_edges": 0.2375}, "init_world": [1, 1, 1, 1, 0, 0, 0, 0, 0, 2, 2, 2, 0, 0, 0, 0, 0, 1, 1, 1, 2, 2, 2, 2, 2, 0, 0, 0, 0, 2, 2, 2, 1, 1, 1, 1, 1, 1, 2, 2], "final": {"social_welfare": [1.0, 0.4916666666666666, 1.0, 0.7791745862499898], "degree_of_intergration": [1.0, 1.0], "number_of_colorful_edges": 1.0}, "steps": 12, "final_world": [0, 1, 2, 1, 2, 1, 0, 1, 0, 2, 0, 2, 0, 2, 0, 1, 0, 1, 0, 1, 2, 0, 2, 1, 2, 0, 2, 1, 0, 2, 1, 0, 1, 2, 1, 2, 0, 1, 0, 2]}, "6": {"init": {"social_welfare": [0.475, 0.15833333333333327, 0.2375, 0.2752055780357051], "degree_of_intergration": [0.475, 0.0], "number_of_colorful_edges": 0.2375}, "init_world": [1, 1, 1, 1, 0, 0, 0, 0, 1, 1, 1, 1, 1, 1, 1, 1, 1, 1, 1, 1, 2, 2, 2, 0, 0, 0, 2, 2, 0, 0, 2, 2, 2, 2, 2, 2, 0, 0, 1, 1], "final": {"social_welfare": [1.0, 0.4916666666666666, 0.975, 0.7791745862499898], "degree_of_intergration": [1.0, 0.95], "number_of_colorful_edges": 0.975}, "steps": 14, "final_world": [0, 1, 2, 1, 2, 0, 1, 0, 1, 0, 1, 0, 1, 2, 1, 0, 1, 2, 0, 1, 2, 1, 2, 0, 1, 0, 1, 2, 1, 0, 2, 1, 2, 1, 0, 2, 1, 2, 1, 1]}, "7": {"init": {"social_welfare": [0.3, 0.1, 0.15, 0.17381404928570848], "degree_of_intergration": [0.3, 0.0], "number_of_colorful_edges": 0.15}, "init_world": [0, 0, 0, 0, 2, 2, 2, 2, 2, 1, 1, 1, 1, 1, 1, 1, 1, 1, 2, 2, 2, 2, 2, 2, 2, 0, 0, 0, 0, 0, 0, 0, 0, 0, 0, 2, 2, 0, 0, 0], "final": {"social_welfare": [1.0, 0.4583333333333335, 1.0, 0.7371126026785593], "degree_of_intergration": [1.0, 1.0], "number_of_colorful_edges": 1.0}, "steps": 14, "final_world": [1, 0, 2, 0, 2, 0, 2, 0, 2, 0, 2, 0, 2, 0, 2, 1, 0, 1, 2, 0, 2, 0, 2, 1, 2, 0, 1, 0, 2, 0, 1, 0, 1, 0, 1, 0, 2, 0, 1, 2]}, "8": {"init": {"social_welfare": [0.5, 0.1666666666666666, 0.25, 0.28969008214284747], "degree_of_intergration": [0.5, 0.0], "number_of_colorful_edges": 0.25}, "init_world": [0, 0, 0, 0, 0, 0, 2, 2, 2, 1, 1, 1, 1, 0, 0, 2, 2, 2, 2, 1, 1, 2, 2, 2, 0, 0, 0, 0, 0, 2, 2, 0, 0, 0, 1, 1, 1, 1, 1, 1], "final": {"social_welfare": [1.0, 0.5166666666666666, 1.0, 0.8107210739285626], "degree_of_intergration": [1.0, 1.0], "number_of_colorful_edges": 1.0}, "steps": 14, "final_world": [1, 0, 2, 0, 2, 0, 2, 0, 2, 1, 0, 2, 1, 0, 1, 2, 0, 1, 2, 0, 1, 2, 0, 2, 0, 2, 0, 1, 0, 1, 2, 0, 1, 0, 1, 0, 1, 0, 2, 1]}, "9": {"init": {"social_welfare": [0.575, 0.19999999999999993, 0.3, 0.3436590903571322], "degree_of_intergration": [0.575, 0.025], "number_of_colorful_edges": 0.3}, "init_world": [0, 0, 0, 2, 2, 2, 2, 1, 1, 1, 2, 2, 1, 1, 1, 2, 2, 2, 2, 2, 0, 0, 0, 1, 1, 1, 1, 1, 0, 0, 0, 2, 2, 0, 0, 0, 1, 2, 2, 2], "final": {"social_welfare": [1.0, 0.5000000000000001, 1.0, 0.7896900821428474], "degree_of_intergration": [1.0, 1.0], "number_of_colorful_edges": 1.0}, "steps": 11, "final_world": [1, 2, 0, 2, 0, 2, 0, 1, 2, 1, 0, 2, 1, 2, 1, 2, 1, 2, 1, 2, 0, 2, 0, 1, 2, 1, 0, 2, 0, 2, 0, 1, 2, 0, 2, 0, 1, 2, 0, 1]}}