{"0": {"init": {"social_welfare": [0.475, 0.15833333333333327, 0.2375, 0.2752055780357051], "degree_of_intergration": [0.475, 0.0], "number_of_colorful_edges": 0.2375}, "init_world": [2, 2, 1, 1, 1, 1, 1, 1, 2, 2, 2, 2, 2, 2, 2, 1, 1, 1, 1, 1, 0, 0, 0, 0, 0, 2, 2, 1, 1, 1, 1, 2, 2, 2, 2, 1, 1, 0, 0, 0], "final": {"social_welfare": [1.0, 0.4666666666666667, 1.0, 0.7476280985714169], "degree_of_intergration": [1.0, 1.0], "number_of_colorful_edges": 1.0}, "steps": 15, "final_world": [0, 2, 1, 2, 1, 2, 0, 1, 2, 1, 2, 1, 2, 1, 2, 1, 2, 1, 2, 1, 2, 1, 2, 1, 0, 1, 0, 1, 0, 2, 1, 2, 0, 1, 0, 2, 1, 0, 2, 1]}, "1": {"init": {"social_welfare": [0.65, 0.23333333333333323, 0.35, 0.39762809857141695], "degree_of_intergration": [0.65, 0.05], "number_of_colorful_edges": 0.35000000000000003}, "init_world": [0, 0, 1, 1, 1, 1, 1, 1, 2, 2, 2, 0, 0, 2, 2, 2, 0, 0, 0, 0, 1, 1, 2, 2, 2, 2, 0, 0, 0, 0, 1, 1, 2, 2, 0, 0, 0, 0, 2, 1], "final": {"social_welfare": [1.0, 0.5250000000000001, 1.0, 0.8212365698214203], "degree_of_intergration": [1.0, 1.0], "number_of_colorful_edges": 1.0}, "steps": 19, "final_world": [2, 0, 1, 0, 1, 0, 1, 0, 2, 1, 0, 1, 0, 2, 0, 2, 0, 2, 1, 0, 2, 0, 2, 0, 1, 2, 0, 2, 1, 0, 2, 0, 2, 1, 0, 2, 1, 0, 2, 1]}, "2": {"init": {"social_welfare": [0.55, 0.20833333333333331, 0.3125, 0.35020557803570507], "degree_of_intergration": [0.55, 0.075], "number_of_colorful_edges": 0.3125}, "init_world": [0, 0, 0, 0, 0, 2, 2, 2, 1, 1, 1, 1, 1, 1, 1, 1, 0, 0, 0, 2, 2, 1, 1, 1, 1, 2, 2, 0, 0, 1, 1, 1, 1, 1, 1, 2, 2, 1, 0, 2], "final": {"social_welfare": [1.0, 0.4583333333333335, 0.975, 0.7371126026785593], "degree_of_intergration": [1.0, 0.95], "number_of_colorful_edges": 0.975}, "steps": 10, "final_world": [1, 0, 2, 1, 0, 1, 0, 2, 1, 0, 1, 0, 1, 0, 1, 1, 0, 1, 0, 1, 2, 1, 2, 1, 0, 1, 2, 1, 0, 1, 2, 1, 2, 1, 2, 1, 2, 1, 0, 2]}, "3": {"init": {"social_welfare": [0.35, 0.11666666666666665, 0.175, 0.20278305749999323], "degree_of_intergration": [0.35, 0.0], "number_of_colorful_edges": 0.175}, "init_world": [2, 2, 2, 0, 0, 0, 1, 1, 1, 1, 1, 1, 2, 2, 2, 2, 0, 0, 0, 0, 0, 0, 0, 1, 1, 0, 0, 0, 0, 0, 0, 0, 0, 2, 2, 2, 2, 2, 2, 2], "final": {"social_welfare": [1.0, 0.4500000000000002, 0.975, 0.7265971067857017], "degree_of_intergration": [1.0, 0.95], "number_of_colorful_edges": 0.975}, "steps": 15, "final_world": [1, 0, 2, 0, 2, 0, 2, 0, 1, 2, 0, 1, 0, 1, 2, 1, 0, 1, 0, 2, 0, 2, 0, 2, 1, 0, 2, 0, 2, 0, 2, 0, 0, 2, 0, 2, 0, 2, 0, 1]}, "4": {"init": {"social_welfare": [0.5, 0.17499999999999993, 0.2625, 0.300205578035705], "degree_of_intergration": [0.5, 0.025], "number_of_colorful_edges": 0.2625}, "init_world": [0, 0, 1, 1, 1, 0, 0, 0, 0, 0, 0, 0, 1, 2, 2, 2, 2, 2, 2, 0, 0, 1, 1, 1, 1, 1, 2, 2, 0, 0, 0, 0, 0, 0, 2, 2, 2, 1, 1, 1], "final": {"social_welfare": [1.0, 0.4750000000000001, 1.0, 0.7581435944642745], "degree_of_intergration": [1.0, 1.0], "number_of_colorful_edges": 1.0}, "steps": 13, "final_world": [1, 0, 2, 0, 2, 0, 1, 0, 2, 0, 2, 0, 1, 2, 0, 2, 1, 0, 2, 1, 0, 1, 0, 1, 0, 1, 0, 1, 0, 1, 0, 1, 2, 0, 2, 0, 2, 1, 2, 0]}, "5": {"init": {"social_welfare": [0.35, 0.11666666666666665, 0.175, 0.20278305749999323], "degree_of_intergration": [0.35, 0.0], "number_of_colorful_edges": 0.175}, "init_world": [2, 2, 2, 0, 0, 0, 0, 0, 0, 1, 1, 1, 1, 1, 1, 1, 1, 1, 0, 0, 0, 0, 0, 2, 2, 2, 2, 1, 1, 2, 2, 2, 2, 2, 2, 0, 0, 0, 0, 0], "final": {"social_welfare": [1.0, 0.5000000000000001, 1.0, 0.7896900821428474], "degree_of_intergration": [1.0, 1.0], "number_of_colorful_edges": 1.0}, "steps": 13, "final_world": [0, 2, 1, 0, 2, 0, 1, 2, 0, 2, 0, 2, 0, 1, 0, 1, 2, 1, 0, 1, 0, 1, 0, 2, 0, 2, 1, 0, 1, 2, 0, 2, 0, 1, 2, 0, 2, 0, 2, 1]}, "6": {"init": {"social_welfare": [0.475, 0.15833333333333327, 0.2375, 0.2752055780357051], "degree_of_intergration": [0.475, 0.0], "number_of_colorful_edges": 0.2375}, "init_world": [0, 0, 0, 0, 0, 0, 1, 1, 1, 1, 2, 2, 2, 2, 2, 2, 2, 2, 2, 2, 0, 0, 1, 1, 1, 2, 2, 2, 2, 2, 1, 1, 0, 0, 0, 1, 1, 1, 0, 0], "final": {"social_welfare": [1.0, 0.43333333333333346, 1.0, 0.7055661149999863], "degree_of_intergration": [1.0, 1.0], "number_of_colorful_edges": 1.0}, "steps": 15, "final_world": [2, 0, 1, 0, 1, 0, 2, 0, 2, 0, 2, 0, 2, 0, 2, 1, 2, 0, 1, 0, 1, 0, 1, 2, 1, 2, 1, 2, 1, 2, 1, 2, 0, 2, 0, 1, 2, 1, 2, 0]}, "7": {"init": {"social_welfare": [0.575, 0.19999999999999993, 0.3, 0.3436590903571322], "degree_of_intergration": [0.575, 0.025], "number_of_colorful_edges": 0.3}, "init_world": [1, 1, 1, 1, 1, 1, 1, 1, 1, 2, 2, 0, 0, 2, 2, 0, 0, 0, 2, 2, 2, 2, 2, 0, 0, 1, 1, 1, 2, 2, 0, 0, 0, 0, 1, 1, 2, 0, 0, 0], "final": {"social_welfare": [1.0, 0.5583333333333335, 1.0, 0.8632985533928508], "degree_of_intergration": [1.0, 1.0], "number_of_colorful_edges": 1.0}, "steps": 19, "final_world": [2, 1, 0, 1, 0, 1, 0, 2, 1, 0, 1, 2, 0, 1, 2, 0, 1, 0, 2, 1, 0, 1, 2, 0, 2, 1, 0, 1, 0, 2, 0, 1, 2, 0, 2, 1, 2, 0, 1, 2]}, "8": {"init": {"social_welfare": [0.275, 0.1, 0.15, 0.1698450410714237], "degree_of_intergration": [0.275, 0.025], "number_of_colorful_edges": 0.15000000000000002}, "init_world": [1, 1, 1, 1, 0, 0, 0, 0, 0, 0, 0, 0, 2, 1, 1, 0, 0, 0, 0, 0, 0, 0, 0, 0, 0, 0, 0, 1, 1, 1, 1, 1, 1, 1, 2, 2, 2, 2, 2, 2], "final": {"social_welfare": [1.0, 0.39166666666666683, 0.925, 0.6529886355356982], "degree_of_intergration": [1.0, 0.85], "number_of_colorful_edges": 0.925}, "steps": 9, "final_world": [2, 1, 0, 1, 0, 1, 0, 1, 0, 1, 0, 0, 2, 0, 1, 0, 1, 0, 1, 0, 2, 0, 2, 0, 1, 0, 0, 1, 0, 1, 0, 1, 0, 1, 2, 0, 2, 0, 0, 2]}, "9": {"init": {"social_welfare": [0.55, 0.1916666666666666, 0.2875, 0.32917458624998985], "degree_of_intergration": [0.55, 0.025], "number_of_colorful_edges": 0.28750000000000003}, "init_world": [0, 0, 0, 0, 0, 2, 2, 2, 2, 2, 2, 2, 0, 0, 2, 2, 1, 1, 0, 0, 0, 0, 0, 0, 1, 1, 1, 1, 0, 0, 0, 0, 1, 1, 1, 2, 2, 0, 1, 1], "final": {"social_welfare": [1.0, 0.475, 0.95, 0.7581435944642745], "degree_of_intergration": [1.0, 0.9], "number_of_colorful_edges": 0.95}, "steps": 13, "final_world": [2, 0, 1, 2, 0, 1, 0, 1, 0, 2, 0, 2, 0, 0, 2, 0, 2, 1, 0, 2, 0, 2, 0, 2, 1, 0, 2, 1, 0, 1, 0, 0, 1, 0, 1, 0, 1, 0, 2, 1]}}