{"0": {"init": {"social_welfare": [0.55, 0.18333333333333326, 0.275, 0.3186590903571322], "degree_of_intergration": [0.55, 0.0], "number_of_colorful_edges": 0.275}, "init_world": [0, 0, 2, 2, 2, 1, 1, 1, 1, 1, 1, 2, 2, 2, 0, 0, 0, 0, 1, 1, 2, 2, 2, 2, 2, 2, 0, 0, 0, 0, 1, 1, 1, 1, 1, 2, 2, 2, 0, 0], "final": {"social_welfare": [1.0, 0.4083333333333334, 0.85, 0.6740196273214135], "degree_of_intergration": [1.0, 0.7], "number_of_colorful_edges": 0.85}, "steps": 6, "final_world": [1, 0, 2, 1, 2, 1, 2, 1, 2, 1, 1, 2, 1, 2, 0, 2, 0, 0, 1, 1, 2, 0, 2, 0, 2, 2, 0, 2, 0, 0, 1, 2, 1, 0, 1, 2, 1, 2, 0, 0]}, "1": {"init": {"social_welfare": [0.5, 0.1666666666666666, 0.25, 0.28969008214284747], "degree_of_intergration": [0.5, 0.0], "number_of_colorful_edges": 0.25}, "init_world": [2, 2, 2, 1, 1, 1, 1, 1, 1, 2, 2, 2, 0, 0, 1, 1, 0, 0, 2, 2, 1, 1, 1, 1, 1, 1, 2, 2, 2, 2, 0, 0, 0, 0, 0, 0, 0, 2, 2, 2], "final": {"social_welfare": [1.0, 0.3833333333333334, 0.7875, 0.6424731396428407], "degree_of_intergration": [1.0, 0.575], "number_of_colorful_edges": 0.7875}, "steps": 6, "final_world": [0, 2, 2, 1, 2, 1, 2, 1, 1, 2, 1, 2, 0, 0, 1, 1, 0, 0, 2, 2, 1, 2, 1, 0, 1, 1, 2, 1, 2, 2, 0, 1, 0, 2, 0, 1, 0, 2, 0, 2]}, "2": {"init": {"social_welfare": [0.425, 0.14999999999999997, 0.225, 0.25675206571427794], "degree_of_intergration": [0.425, 0.025], "number_of_colorful_edges": 0.225}, "init_world": [1, 1, 1, 0, 2, 2, 2, 0, 0, 0, 0, 1, 1, 1, 1, 0, 0, 0, 0, 0, 0, 2, 2, 2, 2, 2, 2, 2, 1, 1, 1, 1, 2, 2, 0, 0, 0, 0, 0, 0], "final": {"social_welfare": [1.0, 0.39166666666666683, 0.825, 0.6529886355356982], "degree_of_intergration": [1.0, 0.65], "number_of_colorful_edges": 0.825}, "steps": 7, "final_world": [0, 0, 1, 0, 2, 1, 2, 0, 1, 0, 0, 1, 0, 1, 1, 0, 2, 0, 2, 0, 0, 2, 0, 2, 0, 2, 1, 2, 1, 2, 1, 1, 2, 2, 0, 2, 0, 1, 0, 0]}, "3": {"init": {"social_welfare": [0.5, 0.1666666666666666, 0.25, 0.28969008214284747], "degree_of_intergration": [0.5, 0.0], "number_of_colorful_edges": 0.25}, "init_world": [0, 0, 0, 0, 0, 2, 2, 2, 2, 2, 1, 1, 2, 2, 2, 0, 0, 0, 0, 0, 0, 0, 2, 2, 2, 2, 0, 0, 1, 1, 1, 1, 1, 0, 0, 1, 1, 0, 0, 0], "final": {"social_welfare": [1.0, 0.36666666666666686, 0.825, 0.6214421478571254], "degree_of_intergration": [1.0, 0.65], "number_of_colorful_edges": 0.825}, "steps": 6, "final_world": [2, 0, 2, 0, 0, 2, 0, 2, 0, 2, 1, 1, 2, 0, 2, 0, 2, 0, 2, 0, 1, 0, 2, 0, 2, 2, 0, 0, 1, 0, 1, 0, 1, 0, 0, 1, 1, 0, 1, 0]}, "4": {"init": {"social_welfare": [0.525, 0.17499999999999993, 0.2625, 0.30417458624998983], "degree_of_intergration": [0.525, 0.0], "number_of_colorful_edges": 0.2625}, "init_world": [2, 2, 2, 2, 2, 2, 2, 0, 0, 0, 0, 1, 1, 1, 1, 1, 0, 0, 0, 2, 2, 2, 2, 2, 2, 2, 2, 1, 1, 2, 2, 1, 1, 1, 0, 0, 2, 2, 0, 0], "final": {"social_welfare": [1.0, 0.3833333333333335, 0.775, 0.6424731396428406], "degree_of_intergration": [1.0, 0.55], "number_of_colorful_edges": 0.775}, "steps": 6, "final_world": [2, 2, 1, 2, 1, 2, 2, 0, 2, 0, 0, 1, 2, 1, 2, 1, 0, 2, 0, 2, 0, 2, 1, 2, 0, 2, 2, 1, 1, 2, 2, 1, 2, 1, 0, 0, 2, 2, 0, 0]}, "5": {"init": {"social_welfare": [0.45, 0.14999999999999997, 0.225, 0.2607210739285627], "degree_of_intergration": [0.45, 0.0], "number_of_colorful_edges": 0.225}, "init_world": [2, 2, 2, 1, 1, 1, 1, 0, 0, 0, 0, 2, 2, 1, 1, 1, 0, 0, 0, 2, 2, 1, 1, 1, 1, 1, 1, 0, 0, 0, 0, 0, 0, 0, 0, 2, 2, 2, 2, 2], "final": {"social_welfare": [1.0, 0.36666666666666686, 0.8125, 0.6214421478571254], "degree_of_intergration": [1.0, 0.625], "number_of_colorful_edges": 0.8125}, "steps": 6, "final_world": [1, 2, 2, 1, 2, 1, 1, 0, 1, 0, 0, 2, 2, 1, 0, 1, 0, 1, 0, 2, 2, 1, 0, 1, 0, 1, 1, 0, 1, 0, 2, 0, 2, 0, 0, 2, 0, 2, 0, 2]}, "6": {"init": {"social_welfare": [0.35, 0.11666666666666665, 0.175, 0.20278305749999323], "degree_of_intergration": [0.35, 0.0], "number_of_colorful_edges": 0.175}, "init_world": [1, 1, 1, 2, 2, 2, 2, 2, 2, 1, 1, 1, 1, 1, 1, 2, 2, 2, 2, 0, 0, 0, 0, 0, 0, 0, 0, 0, 1, 1, 1, 1, 1, 1, 0, 0, 0, 2, 2, 2], "final": {"social_welfare": [1.0, 0.3750000000000001, 0.8625, 0.631957643749983], "degree_of_intergration": [1.0, 0.725], "number_of_colorful_edges": 0.8625}, "steps": 8, "final_world": [0, 0, 1, 2, 1, 2, 1, 2, 2, 1, 2, 1, 2, 1, 1, 2, 1, 2, 2, 0, 1, 0, 1, 0, 2, 0, 2, 0, 1, 0, 1, 0, 1, 1, 0, 1, 0, 2, 0, 2]}, "7": {"init": {"social_welfare": [0.425, 0.14166666666666664, 0.225, 0.24623656982142034], "degree_of_intergration": [0.425, 0.025], "number_of_colorful_edges": 0.225}, "init_world": [0, 0, 0, 0, 0, 0, 0, 0, 0, 0, 0, 0, 0, 2, 2, 2, 2, 2, 2, 1, 1, 1, 2, 2, 2, 1, 1, 1, 1, 0, 1, 1, 1, 2, 2, 1, 1, 2, 2, 2], "final": {"social_welfare": [1.0, 0.41666666666666663, 0.825, 0.6845351232142711], "degree_of_intergration": [1.0, 0.65], "number_of_colorful_edges": 0.825}, "steps": 7, "final_world": [2, 0, 2, 2, 1, 0, 2, 0, 1, 0, 1, 0, 0, 2, 0, 2, 0, 2, 2, 1, 0, 1, 2, 0, 2, 1, 0, 1, 1, 0, 1, 0, 1, 2, 2, 1, 1, 2, 0, 2]}, "8": {"init": {"social_welfare": [0.5, 0.1666666666666666, 0.25, 0.28969008214284747], "degree_of_intergration": [0.5, 0.0], "number_of_colorful_edges": 0.25}, "init_world": [0, 0, 0, 0, 2, 2, 2, 1, 1, 1, 1, 1, 1, 0, 0, 2, 2, 2, 0, 0, 0, 0, 0, 0, 2, 2, 1, 1, 0, 0, 1, 1, 1, 2, 2, 2, 2, 2, 2, 2], "final": {"social_welfare": [1.0, 0.4083333333333334, 0.7875, 0.6740196273214136], "degree_of_intergration": [1.0, 0.575], "number_of_colorful_edges": 0.7875}, "steps": 8, "final_world": [1, 2, 2, 0, 2, 0, 2, 2, 0, 1, 2, 1, 1, 0, 0, 2, 1, 2, 0, 1, 0, 2, 0, 0, 2, 2, 1, 1, 0, 0, 1, 0, 1, 2, 0, 2, 0, 2, 1, 2]}, "9": {"init": {"social_welfare": [0.45, 0.1583333333333333, 0.2375, 0.27123656982142036], "degree_of_intergration": [0.45, 0.025], "number_of_colorful_edges": 0.2375}, "init_world": [0, 0, 0, 0, 0, 0, 2, 2, 1, 1, 1, 1, 2, 2, 1, 1, 1, 2, 2, 2, 2, 2, 2, 2, 2, 2, 1, 1, 1, 0, 0, 0, 0, 0, 0, 0, 0, 1, 2, 2], "final": {"social_welfare": [1.0, 0.4333333333333334, 0.85, 0.7055661149999863], "degree_of_intergration": [1.0, 0.7], "number_of_colorful_edges": 0.85}, "steps": 7, "final_world": [0, 0, 1, 0, 2, 0, 2, 2, 1, 0, 1, 1, 2, 2, 1, 0, 1, 2, 0, 2, 1, 2, 0, 2, 0, 2, 1, 2, 1, 0, 2, 0, 2, 0, 1, 0, 0, 1, 2, 2]}}