{"0": {"init": {"social_welfare": [0.55, 0.20416666666666675, 0.2333333333333333, 0.3190998206919928], "degree_of_intergration": [0.55, 0.15, 0.0], "number_of_colorful_edges": 0.23333333333333336}, "init_world": [[0, 1, 1, 1, 1, 1, 1, 2, 0, 0, 1, 1, 0, 0, 2, 2, 2, 2, 2, 2, 2, 0, 0, 0, 0, 0, 2, 2, 2, 1, 1, 1, 2, 0, 0, 0, 0, 0, 0, 0], [0, 1, 1, 1, 1, 1, 1, 2, 0, 0, 1, 0, 0, 0, 2, 2, 2, 2, 1, 1, 2, 0, 0, 0, 0, 2, 2, 2, 2, 1, 1, 1, 2, 0, 0, 0, 0, 0, 0, 0]], "final": {"social_welfare": [1.0, 0.5458333333333333, 0.975, 0.7888756481920122], "degree_of_intergration": [1.0, 1.0, 0.925], "number_of_colorful_edges": 0.975}, "steps": 32, "final_world": [[2, 0, 2, 1, 2, 0, 1, 2, 0, 2, 0, 1, 0, 2, 1, 0, 2, 0, 2, 0, 1, 0, 2, 0, 1, 0, 2, 0, 2, 1, 0, 1, 2, 0, 1, 0, 1, 0, 2, 0], [0, 2, 1, 0, 1, 0, 2, 0, 1, 0, 1, 0, 2, 1, 0, 1, 0, 2, 0, 1, 2, 1, 0, 2, 0, 2, 0, 1, 2, 0, 2, 0, 2, 1, 0, 1, 0, 1, 0, 1]]}, "1": {"init": {"social_welfare": [0.5375, 0.21250000000000008, 0.2250000000000001, 0.3230431316518144], "degree_of_intergration": [0.5375, 0.1375, 0.0], "number_of_colorful_edges": 0.225}, "init_world": [[2, 2, 2, 2, 2, 2, 2, 2, 2, 1, 1, 2, 2, 2, 1, 1, 1, 0, 0, 0, 0, 0, 0, 0, 0, 1, 1, 1, 2, 2, 2, 0, 0, 2, 2, 0, 0, 0, 0, 0], [0, 2, 2, 2, 2, 2, 2, 2, 2, 1, 1, 2, 2, 2, 1, 1, 1, 0, 0, 0, 0, 0, 0, 0, 0, 1, 1, 0, 0, 0, 1, 1, 1, 2, 2, 0, 0, 0, 0, 0]], "final": {"social_welfare": [1.0, 0.5, 0.9916666666666666, 0.72912706875005], "degree_of_intergration": [1.0, 1.0, 0.975], "number_of_colorful_edges": 0.9916666666666667}, "steps": 32, "final_world": [[2, 0, 2, 0, 2, 0, 2, 0, 1, 0, 2, 0, 1, 2, 0, 2, 1, 0, 2, 0, 2, 0, 2, 0, 2, 0, 2, 0, 2, 1, 0, 1, 0, 1, 0, 1, 2, 0, 2, 0], [0, 2, 0, 2, 0, 2, 0, 1, 2, 1, 0, 2, 0, 2, 1, 0, 2, 1, 0, 2, 0, 1, 0, 1, 0, 2, 1, 2, 1, 0, 1, 2, 1, 2, 1, 2, 0, 2, 0, 2]]}, "2": {"init": {"social_welfare": [0.4875, 0.17916666666666672, 0.19166666666666674, 0.2757234001339551], "degree_of_intergration": [0.4875, 0.0875, 0.0], "number_of_colorful_edges": 0.19166666666666668}, "init_world": [[0, 0, 2, 2, 2, 1, 1, 1, 1, 0, 0, 0, 0, 0, 0, 0, 0, 0, 0, 2, 2, 2, 2, 2, 1, 1, 2, 2, 1, 1, 1, 1, 1, 1, 0, 2, 2, 2, 0, 0], [0, 0, 2, 2, 2, 1, 1, 1, 1, 0, 0, 0, 0, 0, 0, 0, 0, 1, 1, 2, 2, 2, 2, 2, 2, 2, 2, 2, 1, 1, 1, 1, 1, 1, 0, 2, 2, 2, 0, 0]], "final": {"social_welfare": [1.0, 0.5458333333333332, 0.9833333333333334, 0.7888756481920122], "degree_of_intergration": [1.0, 1.0, 0.95], "number_of_colorful_edges": 0.9833333333333333}, "steps": 35, "final_world": [[2, 0, 1, 0, 2, 1, 0, 2, 0, 2, 1, 0, 2, 0, 2, 1, 2, 1, 0, 1, 0, 2, 0, 2, 0, 1, 0, 2, 1, 0, 1, 0, 1, 2, 1, 2, 0, 2, 1, 0], [0, 1, 2, 1, 2, 0, 2, 0, 2, 0, 2, 1, 0, 2, 0, 2, 0, 2, 1, 2, 1, 0, 2, 0, 1, 2, 1, 2, 0, 1, 2, 1, 0, 1, 0, 1, 2, 1, 0, 2]]}, "3": {"init": {"social_welfare": [0.5875, 0.24999999999999994, 0.2583333333333332, 0.37430617412949535], "degree_of_intergration": [0.5875, 0.1875, 0.0], "number_of_colorful_edges": 0.25833333333333336}, "init_world": [[2, 2, 2, 2, 2, 0, 0, 1, 1, 1, 1, 1, 1, 1, 1, 1, 1, 2, 2, 0, 1, 2, 0, 0, 1, 1, 1, 0, 0, 0, 0, 2, 1, 0, 0, 0, 2, 2, 2, 2], [2, 2, 2, 2, 2, 0, 0, 2, 2, 1, 1, 1, 1, 1, 1, 1, 1, 2, 2, 0, 1, 2, 0, 0, 1, 1, 1, 0, 0, 0, 0, 2, 1, 1, 1, 1, 2, 2, 2, 2]], "final": {"social_welfare": [1.0, 0.5624999999999998, 0.975, 0.8106024043527256], "degree_of_intergration": [1.0, 1.0, 0.925], "number_of_colorful_edges": 0.975}, "steps": 36, "final_world": [[1, 2, 1, 0, 2, 1, 2, 1, 0, 2, 1, 2, 1, 2, 1, 2, 0, 1, 2, 1, 2, 0, 1, 2, 0, 1, 0, 2, 1, 2, 1, 0, 1, 2, 1, 0, 2, 1, 0, 2], [0, 1, 2, 1, 2, 0, 1, 0, 2, 1, 2, 1, 2, 1, 2, 0, 1, 2, 1, 0, 1, 2, 0, 0, 1, 0, 1, 0, 2, 1, 0, 2, 0, 1, 2, 1, 0, 2, 1, 2]]}, "4": {"init": {"social_welfare": [0.5, 0.1750000000000001, 0.1833333333333334, 0.269769887812528], "degree_of_intergration": [0.5, 0.05, 0.0], "number_of_colorful_edges": 0.18333333333333332}, "init_world": [[1, 1, 1, 1, 0, 0, 0, 0, 0, 1, 1, 1, 1, 1, 1, 1, 1, 1, 1, 0, 0, 0, 0, 0, 2, 2, 2, 2, 2, 2, 0, 0, 0, 0, 0, 1, 1, 2, 2, 2], [1, 1, 1, 1, 0, 0, 0, 0, 2, 2, 2, 2, 2, 1, 1, 1, 1, 1, 1, 0, 0, 0, 0, 0, 2, 2, 2, 2, 2, 2, 0, 0, 0, 0, 0, 1, 1, 2, 2, 2]], "final": {"social_welfare": [1.0, 0.5375, 0.9916666666666666, 0.7780122701116554], "degree_of_intergration": [1.0, 1.0, 0.975], "number_of_colorful_edges": 0.9916666666666667}, "steps": 39, "final_world": [[0, 2, 0, 2, 0, 2, 0, 2, 0, 1, 0, 2, 1, 0, 1, 0, 1, 0, 2, 1, 2, 0, 1, 0, 1, 0, 2, 0, 1, 2, 1, 2, 0, 2, 1, 2, 1, 0, 1, 2], [1, 0, 2, 1, 2, 0, 1, 0, 1, 2, 1, 0, 2, 1, 0, 1, 0, 2, 1, 2, 0, 1, 0, 1, 2, 1, 0, 2, 0, 1, 0, 1, 2, 1, 0, 1, 0, 1, 0, 2]]}, "5": {"init": {"social_welfare": [0.725, 0.2583333333333332, 0.26666666666666655, 0.39580165500004066], "degree_of_intergration": [0.725, 0.075, 0.0], "number_of_colorful_edges": 0.26666666666666666}, "init_world": [[2, 1, 1, 1, 2, 2, 2, 0, 1, 1, 2, 2, 0, 0, 0, 0, 0, 2, 2, 0, 0, 0, 2, 2, 2, 1, 1, 1, 2, 2, 2, 0, 0, 0, 1, 1, 1, 1, 2, 2], [2, 1, 1, 1, 2, 2, 2, 0, 1, 1, 2, 2, 0, 0, 0, 0, 0, 2, 2, 0, 0, 0, 2, 2, 2, 1, 1, 1, 2, 2, 2, 0, 0, 0, 1, 1, 0, 0, 0, 2]], "final": {"social_welfare": [1.0, 0.5416666666666666, 0.975, 0.7834439591518337], "degree_of_intergration": [1.0, 1.0, 0.925], "number_of_colorful_edges": 0.975}, "steps": 46, "final_world": [[2, 0, 2, 0, 1, 0, 2, 1, 0, 2, 0, 2, 0, 2, 0, 1, 2, 0, 2, 0, 2, 1, 2, 1, 2, 1, 2, 0, 1, 2, 1, 0, 2, 0, 2, 0, 2, 1, 2, 0], [0, 1, 0, 1, 2, 1, 2, 0, 2, 1, 2, 0, 1, 0, 2, 0, 1, 2, 0, 1, 2, 0, 1, 2, 1, 0, 1, 1, 2, 1, 0, 2, 0, 2, 1, 2, 0, 2, 0, 2]]}, "6": {"init": {"social_welfare": [0.65, 0.24166666666666664, 0.2583333333333333, 0.37125232620539234], "degree_of_intergration": [0.65, 0.125, 0.0], "number_of_colorful_edges": 0.25833333333333336}, "init_world": [[2, 2, 2, 2, 2, 0, 0, 0, 0, 1, 1, 1, 1, 0, 0, 0, 1, 1, 2, 2, 2, 2, 2, 2, 1, 1, 1, 0, 2, 2, 0, 0, 0, 1, 1, 1, 1, 1, 1, 1], [1, 0, 0, 2, 2, 0, 0, 0, 0, 1, 1, 1, 1, 0, 0, 0, 1, 1, 2, 2, 2, 0, 0, 0, 0, 1, 1, 0, 2, 2, 0, 0, 0, 1, 1, 1, 1, 1, 1, 1]], "final": {"social_welfare": [1.0, 0.5624999999999998, 0.9833333333333334, 0.8106024043527256], "degree_of_intergration": [1.0, 1.0, 0.95], "number_of_colorful_edges": 0.9833333333333333}, "steps": 37, "final_world": [[0, 2, 1, 0, 1, 2, 1, 0, 2, 1, 0, 1, 0, 1, 0, 2, 1, 0, 2, 1, 0, 1, 0, 2, 1, 0, 1, 2, 0, 1, 0, 1, 2, 1, 0, 1, 0, 1, 0, 1], [1, 0, 2, 1, 2, 0, 2, 1, 0, 2, 1, 0, 1, 0, 1, 0, 2, 1, 0, 2, 1, 0, 1, 0, 0, 2, 1, 0, 1, 2, 1, 2, 0, 2, 1, 2, 1, 2, 1, 0]]}, "7": {"init": {"social_welfare": [0.75, 0.29166666666666646, 0.3083333333333332, 0.44416503308039734], "degree_of_intergration": [0.75, 0.175, 0.0], "number_of_colorful_edges": 0.30833333333333335}, "init_world": [[1, 1, 1, 0, 0, 2, 2, 2, 2, 2, 2, 0, 0, 2, 2, 1, 0, 0, 0, 2, 2, 0, 0, 1, 1, 1, 1, 1, 1, 0, 0, 2, 2, 0, 1, 2, 1, 0, 0, 2], [1, 1, 1, 0, 0, 2, 2, 2, 2, 2, 2, 0, 0, 2, 2, 1, 0, 0, 0, 2, 2, 0, 0, 1, 1, 1, 1, 1, 1, 0, 0, 2, 2, 0, 1, 2, 1, 1, 1, 2]], "final": {"social_welfare": [1.0, 0.583333333333333, 0.975, 0.8377608495536176], "degree_of_intergration": [1.0, 1.0, 0.925], "number_of_colorful_edges": 0.975}, "steps": 42, "final_world": [[0, 2, 0, 2, 1, 0, 2, 0, 1, 2, 0, 2, 1, 0, 2, 1, 0, 2, 0, 1, 2, 1, 2, 0, 2, 0, 2, 1, 0, 2, 0, 1, 0, 1, 2, 0, 1, 2, 0, 1], [1, 0, 2, 1, 0, 2, 0, 1, 2, 1, 2, 1, 2, 1, 2, 0, 2, 1, 0, 2, 1, 0, 1, 2, 1, 2, 1, 0, 2, 0, 1, 0, 2, 0, 1, 2, 0, 1, 1, 2]]}, "8": {"init": {"social_welfare": [0.5, 0.17500000000000007, 0.20000000000000004, 0.275723400133955], "degree_of_intergration": [0.5, 0.1, 0.0], "number_of_colorful_edges": 0.2}, "init_world": [[2, 2, 1, 1, 1, 1, 1, 0, 0, 0, 0, 0, 1, 2, 2, 2, 1, 1, 1, 1, 1, 0, 0, 0, 0, 0, 2, 2, 1, 1, 1, 1, 1, 2, 2, 0, 2, 2, 2, 2], [2, 2, 1, 1, 1, 1, 1, 1, 0, 0, 0, 0, 1, 2, 2, 2, 1, 1, 1, 1, 1, 0, 0, 0, 0, 0, 2, 2, 1, 1, 1, 1, 2, 2, 2, 0, 2, 2, 2, 2]], "final": {"social_welfare": [1.0, 0.5499999999999997, 0.9833333333333334, 0.7943073372321905], "degree_of_intergration": [1.0, 1.0, 0.95], "number_of_colorful_edges": 0.9833333333333333}, "steps": 37,