{"0": {"init": {"social_welfare": [0.6375, 0.2541666666666667, 0.275, 0.3880692166071763], "degree_of_intergration": [0.6375, 0.1875, 0.0], "number_of_colorful_edges": 0.275}, "init_world": [[1, 1, 1, 1, 2, 2, 2, 2, 2, 2, 2, 0, 0, 0, 0, 0, 2, 2, 2, 2, 1, 1, 1, 1, 2, 0, 0, 2, 2, 2, 2, 2, 2, 2, 0, 0, 0, 2, 2, 2], [1, 1, 1, 1, 2, 2, 2, 2, 2, 2, 2, 0, 0, 0, 0, 0, 2, 2, 2, 2, 1, 1, 1, 1, 2, 2, 2, 1, 1, 1, 1, 1, 1, 2, 0, 0, 1, 1, 0, 0]], "final": {"social_welfare": [1.0, 0.5249999999999999, 0.975, 0.7646939591518339], "degree_of_intergration": [1.0, 1.0, 0.925], "number_of_colorful_edges": 0.975}, "steps": 33, "final_world": [[1, 2, 0, 2, 0, 1, 2, 1, 2, 1, 2, 1, 2, 1, 2, 1, 2, 1, 2, 0, 2, 0, 1, 0, 2, 1, 0, 2, 1, 2, 0, 2, 1, 2, 0, 2, 0, 2, 1, 2], [0, 1, 2, 1, 2, 2, 0, 2, 1, 2, 0, 2, 0, 2, 0, 2, 0, 2, 1, 2, 0, 1, 2, 1, 0, 2, 2, 1, 2, 1, 2, 1, 2, 1, 2, 0, 2, 1, 0, 2]]}, "1": {"init": {"social_welfare": [0.5375, 0.19583333333333341, 0.20833333333333334, 0.3013163754911008], "degree_of_intergration": [0.5375, 0.0875, 0.0], "number_of_colorful_edges": 0.20833333333333334}, "init_world": [[1, 1, 1, 0, 0, 0, 1, 1, 1, 1, 2, 1, 1, 2, 0, 0, 0, 0, 0, 0, 0, 2, 2, 2, 2, 2, 2, 1, 1, 1, 2, 2, 2, 2, 2, 2, 0, 0, 0, 1], [1, 1, 1, 0, 0, 0, 1, 1, 1, 1, 2, 1, 1, 2, 0, 0, 0, 0, 0, 0, 0, 2, 2, 2, 2, 2, 2, 1, 1, 1, 0, 0, 2, 2, 2, 2, 0, 0, 0, 1]], "final": {"social_welfare": [1.0, 0.4874999999999998, 1.0, 0.7128320016295151], "degree_of_intergration": [1.0, 1.0, 1.0], "number_of_colorful_edges": 1.0}, "steps": 35, "final_world": [[2, 1, 2, 1, 2, 0, 1, 0, 1, 2, 1, 2, 1, 2, 0, 1, 0, 1, 0, 1, 0, 1, 0, 1, 0, 2, 0, 1, 2, 1, 2, 0, 1, 2, 0, 2, 0, 2, 0, 1], [1, 0, 1, 2, 0, 2, 0, 1, 0, 1, 2, 1, 2, 0, 2, 0, 1, 0, 1, 0, 2, 0, 2, 0, 2, 1, 2, 0, 1, 2, 0, 1, 2, 1, 2, 0, 2, 0, 2, 0]]}, "2": {"init": {"social_welfare": [0.525, 0.19166666666666676, 0.2000000000000001, 0.2934297535714576], "degree_of_intergration": [0.525, 0.075, 0.0], "number_of_colorful_edges": 0.2}, "init_world": [[1, 1, 1, 0, 0, 0, 0, 0, 1, 1, 1, 1, 2, 2, 2, 2, 2, 2, 2, 2, 0, 1, 1, 1, 2, 0, 0, 0, 0, 0, 0, 2, 2, 1, 1, 1, 1, 2, 2, 1], [1, 1, 1, 0, 0, 0, 0, 0, 1, 1, 1, 1, 2, 2, 2, 2, 2, 2, 2, 2, 0, 0, 0, 0, 2, 0, 0, 0, 0, 0, 0, 2, 2, 1, 1, 1, 1, 2, 2, 1]], "final": {"social_welfare": [1.0, 0.5166666666666667, 1.0, 0.7508538249107636], "degree_of_intergration": [1.0, 1.0, 1.0], "number_of_colorful_edges": 1.0}, "steps": 36, "final_world": [[0, 1, 2, 0, 1, 0, 1, 0, 1, 0, 1, 0, 2, 1, 0, 1, 2, 0, 2, 1, 2, 1, 0, 1, 2, 1, 2, 1, 2, 0, 2, 0, 2, 1, 2, 1, 0, 1, 2, 1], [1, 0, 1, 2, 0, 1, 0, 2, 0, 1, 2, 1, 0, 2, 1, 2, 0, 2, 0, 2, 0, 2, 1, 2, 0, 2, 0, 2, 0, 2, 0, 2, 1, 0, 1, 0, 1, 2, 1, 0]]}, "3": {"init": {"social_welfare": [0.6375, 0.22083333333333338, 0.23333333333333334, 0.3416389481250356], "degree_of_intergration": [0.6375, 0.0625, 0.0], "number_of_colorful_edges": 0.23333333333333334}, "init_world": [[0, 0, 2, 2, 2, 2, 0, 0, 0, 0, 0, 2, 2, 0, 0, 1, 1, 1, 1, 1, 1, 1, 1, 1, 1, 0, 0, 2, 2, 2, 0, 0, 0, 1, 1, 1, 2, 2, 0, 0], [0, 0, 2, 2, 2, 2, 0, 0, 0, 0, 0, 2, 2, 0, 0, 1, 1, 1, 2, 2, 1, 1, 1, 1, 1, 0, 0, 2, 2, 2, 2, 2, 2, 1, 1, 1, 2, 2, 0, 0]], "final": {"social_welfare": [1.0, 0.5166666666666666, 0.9916666666666668, 0.7508538249107636], "degree_of_intergration": [1.0, 1.0, 0.975], "number_of_colorful_edges": 0.9916666666666667}, "steps": 40, "final_world": [[2, 0, 2, 0, 2, 0, 2, 1, 0, 2, 0, 2, 0, 1, 0, 1, 0, 2, 0, 1, 0, 1, 0, 1, 0, 1, 0, 2, 0, 2, 0, 2, 0, 1, 2, 0, 1, 2, 1, 0], [0, 2, 1, 2, 1, 2, 0, 2, 1, 0, 2, 0, 1, 0, 1, 2, 1, 0, 2, 0, 1, 0, 1, 2, 1, 0, 2, 1, 2, 1, 2, 1, 2, 2, 0, 1, 2, 1, 0, 2]]}, "4": {"init": {"social_welfare": [0.7, 0.24999999999999994, 0.25833333333333336, 0.3830051673214678], "degree_of_intergration": [0.7, 0.075, 0.0], "number_of_colorful_edges": 0.2583333333333333}, "init_world": [[1, 1, 2, 2, 0, 0, 2, 2, 2, 2, 1, 1, 1, 1, 0, 0, 0, 0, 2, 2, 1, 1, 1, 2, 2, 2, 2, 1, 1, 1, 0, 0, 0, 2, 2, 0, 0, 0, 0, 1], [1, 1, 2, 2, 0, 0, 2, 2, 2, 2, 1, 1, 1, 1, 0, 0, 0, 0, 2, 2, 1, 1, 1, 1, 1, 0, 0, 0, 1, 1, 0, 0, 0, 2, 2, 0, 0, 0, 0, 1]], "final": {"social_welfare": [1.0, 0.5499999999999999, 0.9916666666666666, 0.7943073372321905], "degree_of_intergration": [1.0, 1.0, 0.975], "number_of_colorful_edges": 0.9916666666666667}, "steps": 39, "final_world": [[0, 2, 0, 2, 1, 0, 1, 0, 2, 0, 1, 2, 1, 2, 0, 1, 0, 1, 0, 2, 1, 0, 1, 2, 0, 1, 0, 1, 0, 1, 0, 1, 2, 0, 1, 0, 1, 0, 2, 1], [2, 1, 2, 1, 0, 2, 0, 2, 1, 2, 0, 1, 2, 1, 2, 0, 1, 0, 2, 0, 2, 1, 0, 1, 2, 0, 2, 0, 1, 2, 1, 0, 1, 2, 0, 2, 0, 2, 0, 1]]}, "5": {"init": {"social_welfare": [0.6625, 0.24999999999999994, 0.26666666666666666, 0.3830822590848572], "degree_of_intergration": [0.6625, 0.1375, 0.0], "number_of_colorful_edges": 0.26666666666666666}, "init_world": [[1, 1, 1, 1, 2, 2, 1, 1, 1, 2, 2, 2, 0, 0, 0, 0, 1, 2, 2, 1, 0, 2, 2, 0, 0, 0, 0, 0, 1, 1, 1, 1, 2, 2, 2, 2, 1, 0, 0, 1], [1, 1, 1, 1, 2, 2, 1, 1, 1, 2, 2, 2, 0, 0, 0, 1, 1, 2, 2, 1, 0, 2, 2, 0, 0, 0, 0, 0, 1, 1, 1, 2, 2, 2, 2, 2, 1, 0, 0, 1]], "final": {"social_welfare": [1.0, 0.5249999999999998, 0.9750000000000002, 0.7617172029911203], "degree_of_intergration": [1.0, 1.0, 0.925], "number_of_colorful_edges": 0.975}, "steps": 35, "final_world": [[2, 1, 2, 1, 0, 2, 1, 2, 1, 2, 1, 2, 0, 1, 2, 0, 1, 0, 2, 1, 2, 1, 2, 0, 1, 0, 1, 0, 1, 2, 0, 1, 2, 1, 2, 0, 1, 2, 0, 1], [1, 2, 1, 0, 1, 0, 2, 1, 2, 1, 2, 1, 2, 0, 0, 1, 0, 1, 0, 2, 0, 2, 1, 2, 0, 1, 0, 2, 0, 1, 1, 2, 0, 2, 0, 2, 1, 0, 1, 2]]}, "6": {"init": {"social_welfare": [0.675, 0.25, 0.25833333333333336, 0.3810720577232517], "degree_of_intergration": [0.675, 0.1, 0.0], "number_of_colorful_edges": 0.25833333333333336}, "init_world": [[0, 0, 1, 1, 0, 0, 0, 0, 2, 2, 2, 1, 0, 0, 1, 2, 2, 2, 2, 1, 1, 1, 1, 2, 2, 1, 1, 1, 1, 1, 2, 2, 0, 0, 0, 0, 0, 0, 0, 0], [0, 0, 1, 1, 0, 0, 0, 0, 2, 2, 2, 1, 0, 0, 1, 2, 2, 2, 2, 1, 1, 1, 1, 2, 2, 1, 1, 1, 1, 1, 2, 2, 2, 2, 2, 1, 1, 1, 0, 0]], "final": {"social_welfare": [1.0, 0.5041666666666668, 1.0, 0.7345587577902284], "degree_of_intergration": [1.0, 1.0, 1.0], "number_of_colorful_edges": 1.0}, "steps": 36, "final_world": [[2, 0, 2, 1, 0, 1, 0, 1, 0, 1, 0, 1, 2, 0, 1, 2, 0, 2, 0, 2, 0, 1, 0, 1, 0, 1, 0, 1, 0, 2, 0, 2, 0, 2, 0, 2, 1, 0, 1, 0], [0, 2, 0, 2, 1, 0, 1, 0, 1, 2, 1, 2, 0, 1, 2, 1, 2, 1, 2, 0, 1, 2, 1, 2, 1, 2, 1, 0, 2, 1, 2, 1, 2, 1, 2, 1, 2, 1, 0, 1]]}, "7": {"init": {"social_welfare": [0.575, 0.2083333333333334, 0.225, 0.3219994850893169], "degree_of_intergration": [0.575, 0.1, 0.0], "number_of_colorful_edges": 0.22499999999999998}, "init_world": [[0, 2, 2, 1, 1, 2, 2, 1, 1, 1, 1, 1, 1, 2, 2, 2, 2, 0, 0, 0, 0, 0, 0, 0, 0, 2, 2, 2, 0, 0, 0, 0, 0, 0, 1, 2, 2, 0, 0, 1], [0, 0, 2, 1, 1, 2, 2, 1, 1, 1, 1, 1, 1, 2, 2, 2, 2, 0, 0, 0, 0, 0, 0, 0, 0, 2, 2, 2, 0, 0, 0, 0, 0, 0, 1, 2, 2, 0, 0, 1]], "final": {"social_welfare": [1.0, 0.5166666666666667, 0.9916666666666666, 0.7508538249107636], "degree_of_intergration": [1.0, 1.0, 0.975], "number_of_colorful_edges": 0.9916666666666667}, "steps": 34, "final_world": [[0, 1, 0, 0, 2, 0, 2, 0, 2, 1, 0, 2, 0, 2, 0, 2, 1, 0, 1, 0, 2, 0, 1, 0, 1, 2, 0, 2, 0, 1, 0, 2, 0, 1, 0, 1, 2, 0, 1, 2], [2, 0, 2, 1, 0, 2, 0, 2, 1, 0, 1, 0, 2, 0, 2, 0, 2, 1, 0, 2, 0, 1, 0, 2, 0, 1, 2, 0, 1, 0, 2, 0, 1, 0, 1, 2, 0, 2, 0, 1]]}, "8": {"init": {"social_welfare": [0.6875, 0.2375, 0.24166666666666664, 0.3642551673214678], "degree_of_intergration": [0.6875, 0.0375, 0.0], "number_of_colorful_edges": 0.24166666666666667}, "init_world": [[0, 1, 1, 1, 0, 0, 0, 0, 1, 1, 0, 0, 0, 0, 2, 2, 1, 1, 1, 2, 2, 1, 1, 0, 0, 0, 0, 0, 0, 2, 2, 1, 1, 1, 1, 1, 1, 0, 0, 0], [0, 1, 1, 1, 0, 0, 0, 0, 1, 1, 0, 0, 0, 0, 2, 2, 1, 1, 1, 2, 2, 1, 1, 0, 0, 0, 0, 0, 0, 2, 2, 2, 2, 2, 2, 2, 2, 0, 0, 0]], "final": {"social_welfare": [1.0, 0.4708333333333331, 1.0, 0.6911052454688015], "degree_of_intergration": [1.0, 1.0, 1.0], "number_of_colorful_edges": 1.0}, "steps": 29,