{"0": {"init": {"social_welfare": [0.5625, 0.2000000000000001, 0.2166666666666667, 0.3101695522098521], "degree_of_intergration": [0.5625, 0.0875, 0.0], "number_of_colorful_edges": 0.21666666666666667}, "init_world": [[0, 0, 0, 0, 2, 2, 2, 1, 1, 1, 1, 0, 2, 2, 0, 0, 0, 1, 1, 1, 1, 1, 1, 1, 1, 1, 2, 2, 0, 0, 0, 0, 1, 1, 0, 0, 2, 2, 2, 2], [0, 0, 0, 0, 2, 2, 2, 1, 1, 1, 1, 0, 0, 2, 0, 0, 0, 1, 1, 1, 1, 1, 1, 1, 1, 1, 1, 1, 0, 0, 0, 0, 1, 1, 0, 0, 2, 2, 2, 2]], "final": {"social_welfare": [1.0, 0.4458333333333334, 0.6833333333333333, 0.6778640262723697], "degree_of_intergration": [1.0, 0.725, 0.325], "number_of_colorful_edges": 0.6833333333333335}, "steps": 12, "final_world": [[1, 1, 2, 1, 1, 0, 2, 1, 0, 1, 1, 0, 2, 2, 0, 1, 0, 1, 0, 1, 2, 1, 0, 1, 0, 1, 2, 2, 0, 1, 0, 0, 1, 1, 0, 0, 2, 1, 2, 2], [0, 0, 1, 0, 2, 2, 2, 1, 1, 2, 1, 0, 0, 2, 0, 0, 0, 1, 1, 0, 1, 2, 1, 0, 1, 0, 1, 1, 0, 0, 1, 0, 1, 1, 0, 0, 2, 2, 1, 2]]}, "1": {"init": {"social_welfare": [0.5375, 0.20416666666666675, 0.225, 0.3151565097321712], "degree_of_intergration": [0.5375, 0.1375, 0.0], "number_of_colorful_edges": 0.225}, "init_world": [[0, 0, 0, 2, 2, 1, 1, 1, 1, 1, 1, 1, 1, 1, 2, 2, 2, 2, 2, 2, 1, 0, 1, 1, 1, 0, 0, 1, 1, 0, 0, 0, 0, 2, 2, 1, 0, 0, 0, 0], [0, 0, 0, 2, 2, 0, 0, 1, 1, 1, 1, 1, 1, 1, 2, 2, 2, 2, 2, 2, 1, 0, 1, 1, 1, 1, 1, 1, 1, 0, 0, 0, 0, 2, 2, 1, 0, 0, 0, 0]], "final": {"social_welfare": [1.0, 0.4083333333333331, 0.7333333333333332, 0.6468393618750455], "degree_of_intergration": [1.0, 0.825, 0.375], "number_of_colorful_edges": 0.7333333333333333}, "steps": 11, "final_world": [[1, 0, 2, 0, 0, 1, 1, 0, 1, 2, 1, 2, 1, 1, 2, 1, 2, 1, 2, 2, 1, 0, 1, 0, 1, 0, 0, 1, 1, 0, 1, 0, 0, 2, 2, 1, 0, 1, 0, 0], [0, 1, 0, 2, 2, 0, 0, 1, 0, 1, 0, 1, 2, 1, 2, 2, 1, 2, 1, 2, 1, 0, 1, 1, 2, 1, 1, 0, 1, 0, 0, 1, 0, 2, 2, 1, 0, 0, 2, 0]]}, "2": {"init": {"social_welfare": [0.5375, 0.18750000000000008, 0.20000000000000004, 0.29045299741074404], "degree_of_intergration": [0.5375, 0.0625, 0.0], "number_of_colorful_edges": 0.2}, "init_world": [[0, 0, 1, 1, 1, 1, 1, 1, 2, 2, 2, 2, 2, 2, 2, 2, 0, 0, 0, 0, 0, 0, 1, 1, 1, 1, 1, 1, 0, 0, 1, 1, 1, 0, 0, 1, 1, 2, 2, 2], [0, 0, 0, 1, 1, 1, 1, 1, 2, 2, 2, 2, 2, 2, 2, 2, 0, 0, 0, 0, 0, 0, 2, 2, 1, 1, 1, 1, 0, 0, 1, 1, 1, 0, 0, 1, 1, 2, 2, 2]], "final": {"social_welfare": [1.0, 0.3999999999999997, 0.7000000000000003, 0.6196038249107642], "degree_of_intergration": [1.0, 0.6875, 0.4125], "number_of_colorful_edges": 0.7}, "steps": 10, "final_world": [[0, 0, 1, 2, 1, 2, 1, 1, 2, 1, 2, 1, 2, 0, 2, 2, 0, 2, 0, 1, 0, 0, 1, 1, 0, 1, 2, 1, 0, 0, 1, 0, 1, 0, 0, 1, 1, 2, 1, 2], [0, 1, 0, 1, 2, 1, 2, 1, 2, 2, 1, 2, 1, 2, 0, 2, 0, 0, 2, 0, 1, 0, 2, 2, 1, 0, 1, 1, 0, 0, 1, 1, 1, 0, 0, 1, 1, 2, 2, 2]]}, "3": {"init": {"social_welfare": [0.4375, 0.17083333333333336, 0.1833333333333334, 0.26099380285716606], "degree_of_intergration": [0.4375, 0.1125, 0.0], "number_of_colorful_edges": 0.18333333333333332}, "init_world": [[0, 0, 0, 0, 0, 0, 0, 0, 0, 0, 0, 1, 1, 1, 1, 1, 1, 1, 2, 2, 2, 1, 1, 1, 2, 2, 2, 2, 2, 2, 2, 1, 1, 2, 2, 0, 0, 0, 1, 1], [2, 0, 0, 0, 0, 0, 0, 0, 0, 0, 0, 1, 1, 1, 1, 1, 1, 1, 2, 2, 2, 1, 1, 1, 2, 2, 2, 2, 2, 2, 2, 1, 1, 0, 0, 0, 0, 0, 0, 2]], "final": {"social_welfare": [1.0, 0.42499999999999954, 0.7833333333333334, 0.6477288249107642], "degree_of_intergration": [1.0, 0.8125, 0.5375], "number_of_colorful_edges": 0.7833333333333333}, "steps": 12, "final_world": [[0, 1, 0, 1, 0, 1, 0, 2, 0, 1, 0, 1, 0, 1, 0, 1, 0, 1, 2, 0, 2, 1, 0, 1, 2, 0, 2, 0, 2, 0, 2, 1, 1, 2, 2, 0, 2, 0, 1, 1], [2, 0, 2, 0, 2, 0, 1, 0, 1, 0, 0, 1, 1, 0, 1, 0, 1, 1, 2, 2, 2, 1, 1, 1, 2, 2, 0, 2, 0, 2, 2, 1, 1, 0, 0, 2, 0, 2, 0, 2]]}, "4": {"init": {"social_welfare": [0.4875, 0.16666666666666674, 0.1750000000000001, 0.2579399549330631], "degree_of_intergration": [0.4875, 0.0375, 0.0], "number_of_colorful_edges": 0.175}, "init_world": [[1, 1, 1, 2, 2, 0, 0, 0, 0, 0, 0, 0, 1, 1, 1, 1, 1, 2, 2, 2, 1, 1, 1, 1, 1, 0, 0, 1, 1, 1, 1, 2, 2, 2, 2, 2, 2, 2, 2, 0], [0, 1, 1, 2, 2, 0, 0, 0, 0, 0, 0, 0, 1, 1, 1, 1, 1, 2, 2, 2, 1, 1, 1, 1, 1, 0, 0, 1, 1, 1, 1, 2, 2, 2, 2, 2, 2, 2, 2, 0]], "final": {"social_welfare": [1.0, 0.3916666666666663, 0.7000000000000002, 0.6132055810714779], "degree_of_intergration": [1.0, 0.7125, 0.3875], "number_of_colorful_edges": 0.7}, "steps": 11, "final_world": [[2, 0, 1, 2, 2, 0, 1, 0, 1, 0, 1, 0, 1, 0, 1, 0, 1, 2, 1, 2, 1, 2, 1, 2, 1, 0, 0, 1, 2, 1, 1, 2, 1, 2, 1, 2, 0, 2, 2, 0], [0, 1, 1, 2, 2, 0, 0, 2, 0, 1, 0, 0, 1, 1, 0, 1, 1, 2, 2, 2, 1, 1, 2, 1, 1, 0, 0, 1, 1, 2, 1, 2, 2, 1, 2, 1, 2, 1, 2, 0]]}, "5": {"init": {"social_welfare": [0.5125, 0.18750000000000006, 0.2000000000000001, 0.2870315097321712], "degree_of_intergration": [0.5125, 0.075, 0.0125], "number_of_colorful_edges": 0.19999999999999993}, "init_world": [[2, 2, 2, 2, 2, 2, 2, 1, 1, 1, 2, 2, 2, 2, 1, 1, 2, 2, 1, 0, 0, 1, 1, 1, 1, 1, 0, 0, 0, 0, 0, 1, 1, 1, 0, 0, 0, 0, 2, 2], [2, 2, 2, 2, 2, 2, 2, 1, 1, 1, 0, 2, 2, 2, 2, 2, 2, 2, 1, 0, 0, 1, 1, 1, 1, 1, 0, 0, 0, 0, 0, 1, 1, 1, 0, 0, 0, 0, 2, 2]], "final": {"social_welfare": [1.0, 0.4375000000000001, 0.7833333333333334, 0.6684890262723695], "degree_of_intergration": [1.0, 0.825, 0.525], "number_of_colorful_edges": 0.7833333333333333}, "steps": 15, "final_world": [[1, 2, 1, 2, 1, 2, 1, 2, 2, 2, 2, 0, 2, 1, 2, 1, 2, 0, 2, 2, 2, 1, 2, 1, 2, 1, 0, 2, 0, 1, 0, 1, 0, 1, 0, 2, 0, 0, 2, 2], [2, 0, 2, 1, 2, 0, 2, 1, 1, 1, 0, 2, 0, 2, 0, 2, 1, 2, 1, 0, 0, 1, 1, 2, 1, 1, 0, 0, 2, 0, 0, 1, 1, 1, 0, 0, 2, 0, 2, 1]]}, "6": {"init": {"social_welfare": [0.475, 0.17916666666666675, 0.20000000000000004, 0.2762452234152038], "degree_of_intergration": [0.475, 0.1125, 0.0125], "number_of_colorful_edges": 0.2}, "init_world": [[0, 0, 0, 0, 0, 1, 1, 1, 1, 1, 1, 2, 0, 0, 1, 1, 1, 1, 0, 0, 2, 2, 2, 2, 2, 2, 1, 1, 1, 1, 0, 0, 2, 2, 2, 2, 0, 0, 0, 0], [0, 0, 0, 0, 0, 2, 1, 1, 1, 1, 1, 2, 0, 0, 1, 1, 1, 1, 1, 0, 2, 2, 2, 2, 2, 2, 1, 1, 1, 1, 0, 0, 2, 2, 2, 2, 2, 0, 0, 0]], "final": {"social_welfare": [1.0, 0.3791666666666665, 0.7, 0.5983988920312996], "degree_of_intergration": [1.0, 0.7125, 0.3875], "number_of_colorful_edges": 0.7}, "steps": 10, "final_world": [[1, 0, 1, 0, 0, 1, 0, 1, 0, 1, 1, 2, 0, 0, 1, 2, 1, 1, 0, 0, 2, 1, 2, 1, 2, 2, 1, 2, 1, 1, 0, 0, 2, 0, 2, 2, 0, 2, 0, 0], [0, 1, 0, 1, 0, 2, 1, 0, 1, 0, 1, 2, 0, 0, 1, 1, 2, 1, 1, 0, 2, 2, 1, 2, 1, 2, 1, 1, 2, 1, 0, 0, 2, 2, 0, 2, 2, 0, 2, 0]]}, "7": {"init": {"social_welfare": [0.575, 0.20000000000000012, 0.22499999999999995, 0.31411286316967374], "degree_of_intergration": [0.575, 0.1, 0.0], "number_of_colorful_edges": 0.22499999999999998}, "init_world": [[1, 1, 1, 0, 0, 0, 0, 0, 0, 0, 0, 0, 0, 1, 1, 1, 1, 2, 1, 1, 2, 2, 0, 0, 0, 0, 2, 2, 2, 2, 2, 2, 2, 2, 1, 1, 1, 0, 0, 0], [1, 1, 1, 0, 0, 0, 0, 0, 0, 2, 2, 0, 0, 1, 1, 1, 1, 2, 1, 1, 1, 1, 1, 1, 0, 0, 2, 2, 2, 2, 2, 2, 2, 2, 1, 1, 1, 0, 0, 0]], "final": {"social_welfare": [1.0, 0.4291666666666666, 0.7000000000000001, 0.66357916051344], "degree_of_intergration": [1.0, 0.775, 0.325], "number_of_colorful_edges": 0.7}, "steps": 11, "final_world": [[2, 2, 2, 0, 1, 0, 1, 0, 2, 0, 0, 2, 0, 1, 0, 1, 1, 2, 1, 1, 2, 2, 0, 0, 2, 0, 2, 0, 2, 0, 2, 0, 2, 2, 1, 0, 1, 0, 1, 0], [1, 1, 1, 0, 0, 1, 0, 1, 0, 2, 2, 0, 0, 1, 1, 0, 1, 2, 1, 0, 1, 1, 1, 1, 0, 0, 2, 2, 1, 2, 0, 2, 1, 2, 1, 1, 1, 0, 0, 0]]}, "8": {"init": {"social_welfare": [0.5625, 0.2000000000000001, 0.20833333333333334, 0.3071927960491386], "degree_of_intergration": [0.5625, 0.0625, 0.0], "number_of_colorful_edges": 0.20833333333333334}, "init_world": [[0, 0, 0, 2, 2, 2, 2, 2, 0, 0, 1, 1, 1, 1, 1, 1, 1, 1, 1, 0, 0, 0, 0, 0, 1, 1, 0, 0, 1, 1, 2, 2, 1, 1, 1, 2, 2, 2, 2, 2], [0, 0, 0, 2, 2, 2, 2, 2, 0, 0, 1, 1, 1, 1, 1, 1, 1, 1, 1, 0, 0, 0, 0, 2, 2, 1, 0, 0, 1, 1, 2, 2, 1, 1, 1, 2, 2, 2, 2, 2]], "final": {"social_welfare": [1.0, 0.39166666666666633, 0.6583333333333334, 0.6102288249107642], "degree_of_intergration": [1.0, 0.625, 0.35], "number_of_colorful_edges": 0.6583333333333333}, "steps": 9,