{"0": {"init": {"social_welfare": [0.925, 0.40000000000000024, 0.7, 0.6515971067857016], "degree_of_intergration": [0.925, 0.475], "number_of_colorful_edges": 0.7}, "init_world": [2, 0, 1, 2, 0, 2, 2, 2, 0, 0, 1, 2, 0, 2, 1, 0, 2, 0, 1, 2, 2, 2, 1, 1, 2, 1, 2, 1, 1, 2, 1, 1, 1, 2, 2, 0, 2, 2, 0, 0], "final": {"social_welfare": [0.975, 0.4333333333333334, 0.8, 0.7015971067857016], "degree_of_intergration": [0.975, 0.625], "number_of_colorful_edges": 0.8}, "steps": 1, "final_world": [2, 0, 1, 2, 0, 2, 1, 2, 0, 0, 1, 2, 0, 2, 1, 0, 2, 0, 1, 2, 2, 2, 1, 1, 2, 1, 2, 1, 1, 2, 1, 2, 1, 2, 2, 0, 2, 2, 0, 0]}, "1": {"init": {"social_welfare": [0.85, 0.375, 0.6125, 0.6081435944642746], "degree_of_intergration": [0.85, 0.375], "number_of_colorful_edges": 0.6125}, "init_world": [1, 0, 1, 2, 2, 1, 1, 1, 0, 0, 1, 2, 2, 1, 0, 2, 2, 0, 1, 1, 1, 2, 1, 0, 2, 1, 1, 1, 1, 1, 0, 0, 0, 1, 0, 2, 1, 0, 1, 1], "final": {"social_welfare": [0.9, 0.4000000000000001, 0.7125, 0.6476280985714169], "degree_of_intergration": [0.9, 0.525], "number_of_colorful_edges": 0.7125}, "steps": 1, "final_world": [1, 0, 1, 2, 2, 1, 0, 1, 0, 0, 1, 2, 2, 1, 0, 2, 2, 0, 1, 1, 1, 2, 1, 0, 2, 1, 1, 1, 1, 1, 0, 1, 0, 1, 0, 2, 1, 0, 1, 1]}, "2": {"init": {"social_welfare": [0.875, 0.33333333333333354, 0.625, 0.5595351232142711], "degree_of_intergration": [0.875, 0.375], "number_of_colorful_edges": 0.625}, "init_world": [0, 1, 1, 1, 2, 2, 1, 0, 2, 2, 2, 2, 0, 1, 2, 0, 0, 1, 0, 1, 0, 0, 2, 2, 2, 0, 0, 2, 0, 0, 0, 1, 0, 1, 0, 0, 2, 0, 2, 2], "final": {"social_welfare": [1.0, 0.40833333333333355, 0.825, 0.6740196273214135], "degree_of_intergration": [1.0, 0.65], "number_of_colorful_edges": 0.825}, "steps": 2, "final_world": [0, 1, 2, 1, 2, 2, 1, 0, 2, 1, 2, 2, 0, 1, 2, 0, 0, 1, 0, 1, 0, 0, 2, 0, 2, 0, 0, 2, 0, 2, 0, 1, 0, 1, 0, 0, 2, 0, 2, 2]}, "3": {"init": {"social_welfare": [0.875, 0.3500000000000001, 0.575, 0.5805661149999863], "degree_of_intergration": [0.875, 0.275], "number_of_colorful_edges": 0.575}, "init_world": [0, 0, 2, 1, 0, 2, 2, 0, 1, 0, 0, 0, 2, 0, 0, 1, 0, 2, 2, 1, 1, 1, 0, 0, 2, 1, 1, 0, 2, 2, 2, 2, 0, 2, 2, 2, 0, 0, 1, 1], "final": {"social_welfare": [0.925, 0.38333333333333347, 0.675, 0.6305661149999864], "degree_of_intergration": [0.925, 0.425], "number_of_colorful_edges": 0.675}, "steps": 1, "final_world": [0, 0, 2, 1, 0, 2, 2, 0, 1, 0, 1, 0, 2, 0, 0, 1, 0, 2, 2, 1, 0, 1, 0, 0, 2, 1, 1, 0, 2, 2, 2, 2, 0, 2, 2, 2, 0, 0, 1, 1]}, "4": {"init": {"social_welfare": [0.9, 0.34166666666666684, 0.6375, 0.5740196273214135], "degree_of_intergration": [0.9, 0.375], "number_of_colorful_edges": 0.6375}, "init_world": [2, 1, 2, 2, 0, 2, 1, 1, 1, 2, 1, 2, 2, 2, 0, 1, 1, 2, 0, 0, 0, 1, 1, 2, 0, 1, 1, 2, 1, 2, 1, 1, 1, 0, 1, 1, 0, 1, 1, 0], "final": {"social_welfare": [1.0, 0.4000000000000002, 0.8375, 0.6635041314285559], "degree_of_intergration": [1.0, 0.675], "number_of_colorful_edges": 0.8375}, "steps": 2, "final_world": [2, 1, 2, 2, 0, 2, 1, 2, 1, 2, 1, 2, 1, 2, 0, 1, 1, 2, 0, 1, 0, 1, 1, 2, 0, 1, 1, 2, 1, 2, 1, 0, 1, 0, 1, 1, 0, 1, 1, 0]}, "5": {"init": {"social_welfare": [0.95, 0.3833333333333334, 0.725, 0.6345351232142711], "degree_of_intergration": [0.95, 0.5], "number_of_colorful_edges": 0.725}, "init_world": [2, 0, 0, 0, 1, 2, 0, 2, 0, 1, 1, 0, 1, 0, 1, 0, 0, 1, 1, 0, 2, 1, 0, 0, 2, 0, 2, 0, 1, 0, 0, 1, 1, 2, 0, 0, 0, 1, 1, 0], "final": {"social_welfare": [0.95, 0.3833333333333334, 0.725, 0.6345351232142711], "degree_of_intergration": [0.95, 0.5], "number_of_colorful_edges": 0.725}, "steps": 0, "final_world": [2, 0, 0, 0, 1, 2, 0, 2, 0, 1, 1, 0, 1, 0, 1, 0, 0, 1, 1, 0, 2, 1, 0, 0, 2, 0, 2, 0, 1, 0, 0, 1, 1, 2, 0, 0, 0, 1, 1, 0]}, "6": {"init": {"social_welfare": [0.925, 0.34166666666666684, 0.6375, 0.5779886355356982], "degree_of_intergration": [0.925, 0.35], "number_of_colorful_edges": 0.6375}, "init_world": [1, 2, 1, 0, 1, 1, 0, 0, 0, 0, 1, 1, 2, 2, 1, 0, 0, 1, 1, 2, 0, 0, 2, 0, 0, 1, 0, 0, 1, 0, 1, 0, 1, 2, 1, 1, 1, 0, 0, 2], "final": {"social_welfare": [1.0, 0.37500000000000017, 0.7375, 0.631957643749983], "degree_of_intergration": [1.0, 0.475], "number_of_colorful_edges": 0.7375}, "steps": 1, "final_world": [1, 2, 1, 0, 1, 1, 0, 1, 0, 0, 1, 1, 2, 2, 1, 0, 0, 1, 1, 2, 0, 0, 2, 0, 0, 1, 0, 0, 1, 0, 1, 0, 1, 2, 1, 0, 1, 0, 0, 2]}, "7": {"init": {"social_welfare": [0.85, 0.35000000000000003, 0.6375, 0.5765971067857016], "degree_of_intergration": [0.85, 0.425], "number_of_colorful_edges": 0.6375}, "init_world": [0, 0, 0, 0, 0, 1, 2, 0, 0, 0, 1, 0, 1, 0, 0, 2, 2, 0, 1, 0, 0, 2, 1, 2, 1, 1, 0, 2, 0, 0, 0, 1, 2, 0, 0, 2, 0, 1, 1, 0], "final": {"social_welfare": [0.85, 0.35000000000000003, 0.6375, 0.5765971067857016], "degree_of_intergration": [0.85, 0.425], "number_of_colorful_edges": 0.6375}, "steps": 0, "final_world": [0, 0, 0, 0, 0, 1, 2, 0, 0, 0, 1, 0, 1, 0, 0, 2, 2, 0, 1, 0, 0, 2, 1, 2, 1, 1, 0, 2, 0, 0, 0, 1, 2, 0, 0, 2, 0, 1, 1, 0]}, "8": {"init": {"social_welfare": [0.95, 0.41666666666666685, 0.725, 0.6765971067857016], "degree_of_intergration": [0.95, 0.5], "number_of_colorful_edges": 0.725}, "init_world": [2, 1, 1, 0, 2, 1, 2, 2, 1, 2, 0, 2, 0, 1, 2, 0, 0, 1, 1, 2, 2, 2, 0, 2, 0, 1, 2, 1, 0, 0, 1, 2, 2, 2, 0, 0, 1, 1, 2, 0], "final": {"social_welfare": [0.95, 0.41666666666666685, 0.725, 0.6765971067857016], "degree_of_intergration": [0.95, 0.5], "number_of_colorful_edges": 0.725}, "steps": 0, "final_world": [2, 1, 1, 0, 2, 1, 2, 2, 1, 2, 0, 2, 0, 1, 2, 0, 0, 1, 1, 2, 2, 2, 0, 2, 0, 1, 2, 1, 0, 0, 1, 2, 2, 2, 0, 0, 1, 1, 2, 0]}, "9": {"init": {"social_welfare": [0.8, 0.30000000000000004, 0.5375, 0.5055661149999864], "degree_of_intergration": [0.8, 0.275], "number_of_colorful_edges": 0.5375000000000001}, "init_world": [0, 2, 1, 1, 1, 0, 0, 0, 2, 1, 1, 0, 0, 0, 1, 1, 2, 2, 0, 2, 0, 2, 0, 0, 0, 1, 0, 2, 2, 2, 2, 2, 2, 1, 2, 2, 1, 1, 0, 1], "final": {"social_welfare": [1.0, 0.40833333333333355, 0.8375, 0.6740196273214135], "degree_of_intergration": [1.0, 0.675], "number_of_colorful_edges": 0.8375}, "steps": 3, "final_world": [0, 2, 1, 0, 1, 0, 1, 0, 2, 1, 1, 0, 2, 0, 1, 1, 2, 2, 0, 2, 0, 2, 0, 2, 0, 1, 0, 2, 0, 2, 0, 2, 2, 1, 2, 2, 1, 1, 0, 1]}}