{"0": {"init": {"social_welfare": [0.9, 0.38333333333333347, 0.6625, 0.6265971067857017], "degree_of_intergration": [0.9, 0.425], "number_of_colorful_edges": 0.6625}, "init_world": [0, 0, 0, 1, 2, 1, 2, 0, 0, 2, 1, 0, 1, 1, 2, 1, 1, 1, 0, 2, 1, 0, 2, 2, 2, 1, 1, 2, 2, 0, 2, 2, 0, 1, 2, 1, 2, 2, 0, 0], "final": {"social_welfare": [1.0, 0.49166666666666653, 0.9, 0.7791745862499897], "degree_of_intergration": [1.0, 0.8], "number_of_colorful_edges": 0.9}, "steps": 4, "final_world": [1, 2, 0, 1, 2, 1, 2, 1, 0, 2, 1, 0, 1, 0, 2, 1, 0, 1, 0, 2, 1, 0, 1, 2, 0, 2, 1, 2, 2, 0, 2, 2, 0, 1, 2, 1, 2, 2, 0, 0]}, "1": {"init": {"social_welfare": [0.9, 0.38333333333333347, 0.75, 0.6265971067857017], "degree_of_intergration": [0.9, 0.6], "number_of_colorful_edges": 0.75}, "init_world": [2, 2, 1, 2, 0, 2, 1, 2, 0, 2, 0, 1, 0, 0, 0, 0, 0, 2, 0, 1, 2, 0, 2, 2, 0, 2, 1, 1, 1, 2, 2, 0, 2, 0, 2, 2, 1, 2, 1, 0], "final": {"social_welfare": [1.0, 0.4666666666666666, 0.9, 0.7476280985714168], "degree_of_intergration": [1.0, 0.8], "number_of_colorful_edges": 0.9}, "steps": 2, "final_world": [0, 2, 1, 2, 0, 2, 1, 2, 0, 2, 0, 1, 0, 1, 2, 0, 0, 2, 0, 1, 2, 0, 2, 2, 0, 2, 1, 0, 1, 2, 2, 0, 2, 0, 2, 2, 1, 2, 1, 0]}, "2": {"init": {"social_welfare": [0.85, 0.3666666666666668, 0.7375, 0.5976280985714169], "degree_of_intergration": [0.85, 0.625], "number_of_colorful_edges": 0.7375}, "init_world": [0, 0, 0, 2, 1, 2, 1, 0, 2, 1, 1, 2, 2, 2, 2, 0, 2, 1, 2, 0, 1, 0, 1, 0, 1, 1, 2, 0, 2, 0, 2, 0, 2, 0, 2, 2, 2, 2, 0, 1], "final": {"social_welfare": [0.95, 0.4833333333333332, 0.925, 0.7607210739285626], "degree_of_intergration": [0.95, 0.9], "number_of_colorful_edges": 0.925}, "steps": 3, "final_world": [2, 1, 0, 2, 1, 2, 1, 0, 2, 0, 1, 2, 0, 1, 2, 0, 2, 1, 2, 0, 1, 0, 1, 0, 2, 1, 2, 0, 2, 0, 2, 0, 2, 0, 2, 2, 2, 2, 0, 1]}, "3": {"init": {"social_welfare": [0.8, 0.33333333333333337, 0.55, 0.5476280985714169], "degree_of_intergration": [0.8, 0.3], "number_of_colorful_edges": 0.55}, "init_world": [0, 0, 2, 1, 2, 2, 2, 2, 2, 1, 0, 0, 2, 2, 2, 2, 2, 1, 1, 2, 2, 0, 1, 1, 2, 0, 0, 0, 1, 0, 2, 1, 0, 1, 2, 2, 1, 1, 1, 0], "final": {"social_welfare": [0.95, 0.4749999999999999, 0.9, 0.750205578035705], "degree_of_intergration": [0.95, 0.85], "number_of_colorful_edges": 0.9}, "steps": 5, "final_world": [1, 0, 2, 1, 2, 0, 2, 1, 2, 1, 2, 0, 1, 2, 2, 2, 2, 0, 1, 0, 2, 0, 2, 1, 2, 0, 2, 0, 1, 0, 2, 1, 0, 1, 2, 2, 1, 2, 1, 0]}, "4": {"init": {"social_welfare": [0.875, 0.3500000000000001, 0.65, 0.5805661149999863], "degree_of_intergration": [0.875, 0.425], "number_of_colorful_edges": 0.65}, "init_world": [2, 2, 0, 0, 2, 2, 1, 1, 2, 1, 0, 2, 0, 0, 0, 2, 0, 2, 0, 1, 0, 2, 1, 1, 1, 1, 2, 0, 0, 2, 0, 0, 0, 0, 1, 0, 2, 0, 2, 2], "final": {"social_welfare": [0.95, 0.4749999999999998, 0.875, 0.7502055780357051], "degree_of_intergration": [0.95, 0.8], "number_of_colorful_edges": 0.875}, "steps": 4, "final_world": [0, 2, 1, 0, 2, 2, 0, 1, 2, 1, 0, 2, 0, 1, 0, 2, 0, 2, 0, 1, 0, 2, 1, 0, 2, 1, 2, 1, 0, 2, 0, 0, 0, 0, 1, 0, 2, 0, 2, 2]}, "5": {"init": {"social_welfare": [0.925, 0.3666666666666668, 0.7125, 0.6095351232142712], "degree_of_intergration": [0.925, 0.5], "number_of_colorful_edges": 0.7125}, "init_world": [1, 0, 1, 0, 1, 1, 2, 2, 1, 1, 2, 2, 0, 1, 2, 1, 0, 1, 1, 0, 1, 0, 2, 0, 0, 2, 0, 2, 1, 0, 1, 2, 2, 2, 1, 2, 2, 2, 2, 0], "final": {"social_welfare": [0.95, 0.49166666666666653, 0.9, 0.7712365698214202], "degree_of_intergration": [0.95, 0.85], "number_of_colorful_edges": 0.9}, "steps": 4, "final_world": [2, 0, 1, 0, 2, 1, 2, 1, 0, 1, 2, 1, 0, 1, 2, 1, 0, 2, 1, 0, 1, 0, 2, 1, 0, 2, 0, 2, 1, 0, 1, 2, 2, 2, 1, 2, 2, 2, 1, 0]}, "6": {"init": {"social_welfare": [0.85, 0.36666666666666675, 0.7125, 0.5976280985714169], "degree_of_intergration": [0.85, 0.575], "number_of_colorful_edges": 0.7124999999999999}, "init_world": [2, 1, 2, 0, 1, 1, 1, 1, 2, 1, 2, 0, 2, 0, 2, 0, 0, 0, 1, 2, 0, 0, 0, 1, 2, 1, 2, 0, 0, 0, 0, 1, 1, 0, 1, 0, 1, 0, 2, 1], "final": {"social_welfare": [0.95, 0.4500000000000002, 0.9, 0.7186590903571322], "degree_of_intergration": [0.95, 0.85], "number_of_colorful_edges": 0.9}, "steps": 3, "final_world": [0, 1, 2, 0, 1, 0, 1, 0, 2, 1, 2, 0, 2, 0, 2, 0, 1, 0, 1, 2, 1, 0, 2, 1, 2, 1, 2, 0, 0, 0, 0, 1, 1, 0, 1, 0, 1, 0, 2, 1]}, "7": {"init": {"social_welfare": [0.925, 0.4000000000000001, 0.7125, 0.6515971067857016], "degree_of_intergration": [0.925, 0.5], "number_of_colorful_edges": 0.7125}, "init_world": [1, 0, 1, 2, 2, 2, 1, 0, 0, 2, 1, 0, 0, 1, 2, 1, 2, 0, 2, 0, 1, 0, 2, 0, 0, 2, 2, 0, 0, 0, 0, 2, 1, 2, 2, 1, 2, 0, 1, 1], "final": {"social_welfare": [1.0, 0.5000000000000001, 0.9, 0.7896900821428473], "degree_of_intergration": [1.0, 0.8], "number_of_colorful_edges": 0.9}, "steps": 3, "final_world": [2, 0, 1, 2, 0, 2, 1, 2, 0, 2, 1, 0, 0, 1, 2, 1, 2, 0, 2, 0, 1, 0, 2, 0, 0, 1, 2, 0, 2, 0, 0, 2, 1, 0, 2, 1, 2, 0, 1, 1]}, "8": {"init": {"social_welfare": [0.8, 0.35000000000000003, 0.6, 0.5686590903571321], "degree_of_intergration": [0.8, 0.4], "number_of_colorful_edges": 0.6000000000000001}, "init_world": [0, 1, 0, 1, 2, 2, 2, 0, 2, 1, 1, 0, 2, 2, 2, 1, 2, 0, 0, 0, 0, 1, 0, 2, 1, 0, 0, 0, 1, 2, 0, 0, 2, 2, 0, 2, 1, 1, 1, 1], "final": {"social_welfare": [1.0, 0.4833333333333332, 0.9625, 0.7686590903571322], "degree_of_intergration": [1.0, 0.925], "number_of_colorful_edges": 0.9625}, "steps": 5, "final_world": [0, 1, 0, 1, 2, 0, 2, 0, 2, 0, 1, 0, 2, 0, 2, 1, 2, 0, 2, 1, 0, 1, 0, 2, 1, 0, 2, 0, 1, 2, 1, 0, 1, 2, 0, 2, 0, 2, 1, 1]}, "9": {"init": {"social_welfare": [0.8, 0.3083333333333334, 0.5625, 0.516081610892844], "degree_of_intergration": [0.8, 0.325], "number_of_colorful_edges": 0.5625}, "init_world": [0, 2, 2, 2, 0, 2, 2, 2, 1, 2, 1, 1, 1, 2, 0, 1, 0, 0, 1, 1, 0, 1, 1, 2, 0, 1, 1, 2, 0, 0, 0, 2, 0, 0, 0, 0, 0, 0, 1, 0], "final": {"social_welfare": [0.925, 0.4000000000000001, 0.8125, 0.6515971067857016], "degree_of_intergration": [0.925, 0.7], "number_of_colorful_edges": 0.8125}, "steps": 3, "final_world": [0, 2, 1, 2, 0, 2, 0, 2, 1, 2, 1, 2, 1, 2, 0, 1, 0, 0, 1, 1, 0, 1, 0, 2, 0, 1, 1, 2, 0, 2, 0, 2, 1, 0, 0, 0, 0, 0, 1, 0]}}