{"0": {"init": {"social_welfare": [0.825, 0.30833333333333335, 0.5875, 0.5200506191071288], "degree_of_intergration": [0.825, 0.35], "number_of_colorful_edges": 0.5874999999999999}, "init_world": [2, 0, 2, 1, 2, 2, 2, 1, 1, 1, 0, 1, 1, 0, 1, 1, 0, 1, 2, 2, 2, 2, 1, 2, 1, 1, 0, 1, 1, 0, 0, 0, 2, 1, 2, 0, 0, 0, 0, 1], "final": {"social_welfare": [0.975, 0.4833333333333332, 0.925, 0.7646900821428473], "degree_of_intergration": [0.975, 0.875], "number_of_colorful_edges": 0.925}, "steps": 5, "final_world": [1, 0, 2, 1, 2, 1, 2, 1, 2, 1, 0, 2, 1, 0, 2, 1, 0, 1, 2, 0, 1, 2, 1, 2, 0, 1, 0, 1, 1, 0, 2, 0, 2, 1, 2, 1, 0, 0, 0, 1]}, "1": {"init": {"social_welfare": [0.7, 0.3000000000000001, 0.4875, 0.4896900821428474], "degree_of_intergration": [0.7, 0.275], "number_of_colorful_edges": 0.4875}, "init_world": [0, 1, 2, 0, 0, 0, 0, 2, 1, 0, 2, 0, 0, 0, 1, 0, 2, 2, 2, 2, 1, 1, 1, 2, 2, 2, 1, 2, 2, 2, 2, 1, 0, 0, 1, 1, 1, 0, 0, 0], "final": {"social_welfare": [1.0, 0.4666666666666668, 0.9375, 0.7476280985714169], "degree_of_intergration": [1.0, 0.875], "number_of_colorful_edges": 0.9375}, "steps": 5, "final_world": [0, 1, 2, 0, 2, 0, 0, 2, 1, 0, 2, 0, 1, 0, 1, 0, 2, 0, 2, 0, 1, 0, 1, 2, 1, 2, 1, 2, 0, 2, 2, 1, 2, 0, 1, 2, 1, 0, 2, 0]}, "2": {"init": {"social_welfare": [0.9, 0.3500000000000002, 0.675, 0.5845351232142711], "degree_of_intergration": [0.9, 0.45], "number_of_colorful_edges": 0.675}, "init_world": [2, 0, 1, 0, 1, 0, 2, 1, 2, 2, 1, 0, 0, 2, 1, 2, 1, 2, 1, 2, 2, 1, 1, 1, 1, 2, 1, 1, 1, 0, 1, 1, 1, 0, 1, 1, 0, 0, 1, 1], "final": {"social_welfare": [0.9, 0.4166666666666668, 0.775, 0.6686590903571321], "degree_of_intergration": [0.9, 0.65], "number_of_colorful_edges": 0.775}, "steps": 2, "final_world": [2, 0, 1, 0, 1, 0, 2, 1, 0, 2, 1, 2, 0, 2, 1, 2, 1, 2, 1, 0, 2, 1, 1, 1, 1, 2, 1, 1, 1, 0, 1, 1, 1, 0, 1, 1, 2, 0, 1, 1]}, "3": {"init": {"social_welfare": [0.85, 0.3916666666666667, 0.65, 0.6291745862499898], "degree_of_intergration": [0.85, 0.45], "number_of_colorful_edges": 0.65}, "init_world": [2, 2, 1, 1, 1, 1, 2, 0, 2, 1, 0, 2, 1, 0, 0, 1, 2, 2, 2, 1, 0, 2, 0, 2, 1, 0, 0, 0, 1, 2, 0, 0, 0, 1, 1, 2, 1, 1, 1, 2], "final": {"social_welfare": [1.0, 0.5166666666666666, 0.95, 0.8107210739285626], "degree_of_intergration": [1.0, 0.9], "number_of_colorful_edges": 0.95}, "steps": 4, "final_world": [0, 2, 1, 2, 0, 1, 2, 0, 2, 1, 0, 2, 1, 2, 0, 1, 2, 1, 2, 1, 0, 2, 0, 2, 1, 0, 1, 0, 1, 2, 1, 0, 0, 1, 1, 2, 1, 0, 1, 2]}, "4": {"init": {"social_welfare": [0.85, 0.3583333333333334, 0.6125, 0.5871126026785592], "degree_of_intergration": [0.85, 0.375], "number_of_colorful_edges": 0.6125}, "init_world": [0, 2, 2, 2, 2, 0, 1, 2, 1, 1, 1, 0, 2, 2, 1, 0, 0, 0, 2, 2, 2, 0, 0, 2, 1, 0, 2, 2, 2, 1, 1, 2, 1, 2, 0, 0, 2, 0, 1, 0], "final": {"social_welfare": [0.975, 0.5083333333333333, 0.9, 0.7962365698214203], "degree_of_intergration": [0.975, 0.825], "number_of_colorful_edges": 0.9}, "steps": 4, "final_world": [0, 2, 1, 0, 2, 0, 1, 2, 1, 2, 1, 0, 2, 2, 1, 0, 2, 0, 2, 0, 2, 1, 0, 2, 1, 0, 2, 2, 2, 0, 1, 2, 1, 2, 0, 0, 2, 0, 1, 2]}, "5": {"init": {"social_welfare": [0.9, 0.3666666666666668, 0.6875, 0.6055661149999864], "degree_of_intergration": [0.9, 0.475], "number_of_colorful_edges": 0.6875}, "init_world": [2, 0, 2, 1, 2, 0, 2, 2, 0, 2, 2, 1, 0, 2, 0, 0, 0, 1, 2, 1, 2, 1, 1, 1, 0, 1, 2, 1, 1, 2, 0, 1, 1, 2, 2, 2, 2, 0, 2, 2], "final": {"social_welfare": [0.95, 0.4166666666666667, 0.825, 0.6765971067857016], "degree_of_intergration": [0.95, 0.7], "number_of_colorful_edges": 0.825}, "steps": 2, "final_world": [1, 0, 2, 1, 2, 0, 2, 2, 0, 2, 2, 1, 0, 2, 0, 1, 0, 1, 2, 1, 2, 1, 0, 1, 0, 1, 2, 1, 1, 2, 0, 2, 1, 2, 2, 2, 2, 0, 2, 2]}, "6": {"init": {"social_welfare": [0.925, 0.4499999999999999, 0.75, 0.7146900821428475], "degree_of_intergration": [0.925, 0.575], "number_of_colorful_edges": 0.75}, "init_world": [2, 0, 1, 2, 1, 1, 2, 0, 2, 1, 2, 1, 0, 2, 2, 2, 0, 1, 2, 0, 1, 2, 0, 0, 0, 1, 2, 1, 0, 0, 1, 2, 1, 1, 1, 0, 2, 2, 1, 1], "final": {"social_welfare": [0.975, 0.4916666666666664, 0.9, 0.775205578035705], "degree_of_intergration": [0.975, 0.825], "number_of_colorful_edges": 0.9}, "steps": 2, "final_world": [2, 0, 1, 2, 1, 1, 2, 0, 2, 1, 2, 1, 0, 2, 0, 2, 0, 1, 2, 0, 1, 2, 0, 2, 0, 1, 2, 1, 2, 0, 1, 2, 1, 1, 1, 0, 2, 0, 1, 1]}, "7": {"init": {"social_welfare": [0.95, 0.3750000000000001, 0.7, 0.6240196273214135], "degree_of_intergration": [0.95, 0.45], "number_of_colorful_edges": 0.7}, "init_world": [0, 2, 2, 1, 2, 2, 1, 0, 2, 0, 1, 2, 2, 1, 2, 2, 0, 2, 0, 2, 2, 2, 0, 0, 1, 1, 2, 1, 0, 0, 0, 2, 1, 2, 2, 0, 1, 0, 1, 1], "final": {"social_welfare": [1.0, 0.4666666666666669, 0.9, 0.7476280985714169], "degree_of_intergration": [1.0, 0.8], "number_of_colorful_edges": 0.9}, "steps": 3, "final_world": [0, 1, 2, 1, 2, 2, 1, 0, 2, 0, 1, 2, 2, 1, 2, 1, 0, 2, 0, 2, 0, 2, 0, 0, 2, 1, 2, 1, 0, 2, 0, 2, 1, 2, 2, 0, 1, 0, 2, 1]}, "8": {"init": {"social_welfare": [0.925, 0.3500000000000002, 0.6625, 0.5885041314285558], "degree_of_intergration": [0.925, 0.4], "number_of_colorful_edges": 0.6625000000000001}, "init_world": [1, 2, 1, 2, 2, 1, 2, 0, 2, 0, 1, 1, 2, 2, 2, 2, 1, 2, 0, 2, 0, 1, 1, 0, 0, 2, 1, 1, 2, 1, 2, 2, 1, 2, 2, 2, 1, 1, 2, 2], "final": {"social_welfare": [0.925, 0.36666666666666686, 0.7, 0.6095351232142712], "degree_of_intergration": [0.925, 0.475], "number_of_colorful_edges": 0.7}, "steps": 1, "final_world": [0, 2, 1, 2, 2, 1, 2, 0, 2, 0, 1, 1, 2, 2, 2, 2, 1, 2, 0, 2, 0, 1, 1, 0, 1, 2, 1, 1, 2, 1, 2, 2, 1, 2, 2, 2, 1, 1, 2, 2]}, "9": {"init": {"social_welfare": [0.875, 0.34166666666666673, 0.625, 0.5700506191071288], "degree_of_intergration": [0.875, 0.375], "number_of_colorful_edges": 0.625}, "init_world": [0, 2, 0, 0, 1, 1, 0, 1, 1, 1, 1, 1, 2, 2, 0, 0, 0, 0, 1, 0, 2, 0, 1, 2, 2, 0, 2, 2, 0, 0, 2, 0, 1, 1, 0, 2, 0, 1, 0, 1], "final": {"social_welfare": [1.0, 0.4999999999999999, 0.9625, 0.7896900821428474], "degree_of_intergration": [1.0, 0.925], "number_of_colorful_edges": 0.9625}, "steps": 6, "final_world": [1, 2, 0, 2, 0, 1, 0, 1, 0, 2, 1, 0, 1, 2, 0, 1, 2, 0, 1, 0, 2, 0, 1, 0, 2, 0, 2, 0, 1, 0, 2, 0, 1, 1, 0, 2, 0, 1, 0, 1]}}