{"0": {"init": {"social_welfare": [0.925, 0.4291666666666668, 0.5666666666666667, 0.6562914536384349], "degree_of_intergration": [0.925, 0.6, 0.175], "number_of_colorful_edges": 0.5666666666666667}, "init_world": [[2, 2, 2, 0, 2, 2, 1, 1, 2, 2, 2, 0, 0, 2, 1, 0, 1, 2, 0, 0, 1, 2, 1, 1, 1, 1, 2, 2, 2, 1, 1, 1, 2, 2, 1, 0, 0, 0, 0, 0], [1, 2, 2, 1, 0, 1, 0, 2, 2, 0, 0, 2, 1, 2, 2, 2, 1, 2, 0, 0, 1, 0, 0, 0, 0, 1, 1, 1, 2, 0, 1, 2, 1, 2, 2, 2, 0, 0, 0, 1]], "final": {"social_welfare": [0.95, 0.4416666666666669, 0.6166666666666667, 0.6745196303571861], "degree_of_intergration": [0.95, 0.65, 0.25], "number_of_colorful_edges": 0.6166666666666667}, "steps": 1, "final_world": [[2, 1, 2, 0, 2, 2, 1, 1, 2, 2, 2, 0, 0, 2, 1, 0, 1, 2, 0, 0, 1, 2, 1, 1, 1, 1, 2, 2, 2, 1, 2, 1, 2, 2, 1, 0, 0, 0, 0, 0], [1, 2, 2, 1, 0, 1, 0, 2, 2, 0, 0, 2, 1, 2, 2, 2, 1, 2, 0, 0, 1, 0, 0, 0, 0, 1, 1, 1, 2, 0, 1, 2, 1, 2, 2, 2, 0, 0, 0, 1]]}, "1": {"init": {"social_welfare": [0.95, 0.45, 0.6166666666666667, 0.6868713865178994], "degree_of_intergration": [0.95, 0.675, 0.225], "number_of_colorful_edges": 0.6166666666666667}, "init_world": [[2, 2, 2, 1, 1, 1, 0, 0, 1, 2, 0, 0, 0, 1, 1, 2, 0, 0, 2, 2, 0, 0, 1, 1, 0, 0, 0, 0, 1, 0, 2, 0, 0, 1, 2, 0, 1, 2, 0, 2], [0, 0, 2, 0, 2, 0, 0, 0, 0, 2, 0, 2, 0, 0, 0, 2, 1, 2, 0, 0, 0, 1, 1, 1, 1, 1, 2, 2, 1, 1, 0, 2, 1, 1, 0, 1, 0, 1, 1, 2]], "final": {"social_welfare": [1.0, 0.4666666666666665, 0.6666666666666665, 0.713952739955402], "degree_of_intergration": [1.0, 0.725, 0.275], "number_of_colorful_edges": 0.6666666666666666}, "steps": 1, "final_world": [[2, 2, 2, 1, 1, 1, 0, 0, 1, 2, 0, 0, 0, 1, 1, 2, 0, 0, 2, 2, 0, 0, 1, 1, 0, 0, 0, 0, 1, 0, 2, 0, 0, 1, 2, 0, 1, 2, 0, 2], [0, 0, 2, 0, 2, 0, 1, 0, 0, 2, 0, 2, 0, 0, 0, 2, 1, 2, 0, 0, 0, 1, 0, 1, 1, 1, 2, 2, 1, 1, 0, 2, 1, 1, 0, 1, 0, 1, 1, 2]]}, "2": {"init": {"social_welfare": [0.95, 0.5000000000000002, 0.6999999999999997, 0.7550284111607535], "degree_of_intergration": [0.95, 0.8125, 0.3375], "number_of_colorful_edges": 0.7}, "init_world": [[2, 0, 1, 1, 1, 2, 1, 0, 0, 1, 1, 0, 2, 0, 0, 1, 2, 2, 0, 2, 1, 1, 1, 0, 2, 2, 2, 2, 0, 1, 1, 1, 0, 2, 1, 2, 0, 2, 0, 1], [1, 0, 2, 0, 2, 1, 0, 0, 1, 2, 0, 2, 2, 1, 2, 0, 2, 1, 1, 0, 0, 1, 1, 0, 0, 0, 2, 0, 0, 0, 1, 2, 2, 1, 0, 2, 0, 1, 2, 2]], "final": {"social_welfare": [1.0, 0.5416666666666669, 0.7999999999999997, 0.8057696303571854], "degree_of_intergration": [1.0, 0.9, 0.5], "number_of_colorful_edges": 0.8}, "steps": 2, "final_world": [[2, 0, 1, 1, 1, 2, 1, 0, 0, 1, 1, 0, 2, 0, 0, 1, 2, 2, 0, 2, 1, 2, 1, 0, 2, 2, 1, 2, 0, 1, 0, 1, 0, 2, 1, 2, 0, 2, 0, 1], [1, 0, 2, 0, 2, 1, 0, 0, 1, 2, 0, 2, 2, 1, 2, 0, 2, 1, 1, 0, 0, 1, 1, 0, 0, 0, 2, 0, 1, 0, 1, 2, 2, 1, 0, 2, 0, 1, 2, 2]]}, "3": {"init": {"social_welfare": [0.9875, 0.4999999999999999, 0.683333333333333, 0.74750942899558], "degree_of_intergration": [0.9875, 0.775, 0.2875], "number_of_colorful_edges": 0.6833333333333335}, "init_world": [[0, 0, 2, 2, 1, 0, 2, 1, 2, 1, 2, 1, 2, 1, 1, 0, 0, 2, 1, 0, 0, 2, 0, 2, 0, 0, 0, 1, 0, 2, 2, 2, 0, 0, 1, 1, 1, 1, 0, 0], [1, 2, 1, 2, 1, 2, 0, 1, 2, 0, 1, 2, 1, 0, 2, 2, 1, 2, 2, 2, 0, 0, 0, 2, 1, 2, 2, 0, 0, 0, 1, 2, 0, 2, 0, 2, 2, 2, 0, 1]], "final": {"social_welfare": [0.9875, 0.4999999999999999, 0.683333333333333, 0.74750942899558], "degree_of_intergration": [0.9875, 0.775, 0.2875], "number_of_colorful_edges": 0.6833333333333335}, "steps": 0, "final_world": [[0, 0, 2, 2, 1, 0, 2, 1, 2, 1, 2, 1, 2, 1, 1, 0, 0, 2, 1, 0, 0, 2, 0, 2, 0, 0, 0, 1, 0, 2, 2, 2, 0, 0, 1, 1, 1, 1, 0, 0], [1, 2, 1, 2, 1, 2, 0, 1, 2, 0, 1, 2, 1, 0, 2, 2, 1, 2, 2, 2, 0, 0, 0, 2, 1, 2, 2, 0, 0, 0, 1, 2, 0, 2, 0, 2, 2, 2, 0, 1]]}, "4": {"init": {"social_welfare": [0.975, 0.4666666666666665, 0.6499999999999997, 0.7135080084375426], "degree_of_intergration": [0.975, 0.7125, 0.2625], "number_of_colorful_edges": 0.65}, "init_world": [[1, 1, 1, 1, 0, 2, 1, 2, 1, 1, 0, 0, 0, 0, 2, 1, 2, 0, 1, 0, 1, 1, 2, 0, 0, 1, 1, 0, 2, 0, 1, 0, 0, 0, 0, 1, 2, 0, 1, 2], [1, 0, 0, 1, 1, 1, 0, 1, 2, 2, 1, 2, 2, 0, 1, 1, 1, 1, 1, 2, 2, 1, 2, 1, 0, 0, 1, 0, 1, 2, 2, 1, 2, 2, 1, 2, 2, 1, 1, 1]], "final": {"social_welfare": [0.975, 0.4666666666666665, 0.6499999999999997, 0.7135080084375426], "degree_of_intergration": [0.975, 0.7125, 0.2625], "number_of_colorful_edges": 0.65}, "steps": 0, "final_world": [[1, 1, 1, 1, 0, 2, 1, 2, 1, 1, 0, 0, 0, 0, 2, 1, 2, 0, 1, 0, 1, 1, 2, 0, 0, 1, 1, 0, 2, 0, 1, 0, 0, 0, 0, 1, 2, 0, 1, 2], [1, 0, 0, 1, 1, 1, 0, 1, 2, 2, 1, 2, 2, 0, 1, 1, 1, 1, 1, 2, 2, 1, 2, 1, 0, 0, 1, 0, 1, 2, 2, 1, 2, 2, 1, 2, 2, 1, 1, 1]]}, "5": {"init": {"social_welfare": [0.9875, 0.5208333333333333, 0.7833333333333332, 0.7716911180357584], "degree_of_intergration": [0.9875, 0.8625, 0.5], "number_of_colorful_edges": 0.7833333333333333}, "init_world": [[0, 0, 2, 0, 2, 2, 1, 2, 2, 2, 1, 2, 1, 0, 0, 1, 0, 1, 0, 1, 2, 2, 1, 0, 2, 0, 1, 2, 0, 1, 0, 2, 0, 2, 2, 2, 1, 0, 1, 0], [2, 2, 1, 0, 1, 0, 1, 0, 1, 0, 2, 1, 2, 2, 2, 0, 1, 0, 0, 1, 2, 0, 1, 0, 0, 1, 2, 0, 1, 2, 1, 0, 1, 2, 2, 0, 1, 1, 2, 1]], "final": {"social_welfare": [0.9875, 0.5208333333333333, 0.7833333333333332, 0.7716911180357584], "degree_of_intergration": [0.9875, 0.8625, 0.5], "number_of_colorful_edges": 0.7833333333333333}, "steps": 0, "final_world": [[0, 0, 2, 0, 2, 2, 1, 2, 2, 2, 1, 2, 1, 0, 0, 1, 0, 1, 0, 1, 2, 2, 1, 0, 2, 0, 1, 2, 0, 1, 0, 2, 0, 2, 2, 2, 1, 0, 1, 0], [2, 2, 1, 0, 1, 0, 1, 0, 1, 0, 2, 1, 2, 2, 2, 0, 1, 0, 0, 1, 2, 0, 1, 0, 0, 1, 2, 0, 1, 2, 1, 0, 1, 2, 2, 0, 1, 1, 2, 1]]}, "6": {"init": {"social_welfare": [0.9625, 0.45833333333333337, 0.6666666666666667, 0.6972129413170076], "degree_of_intergration": [0.9625, 0.7125, 0.325], "number_of_colorful_edges": 0.6666666666666666}, "init_world": [[2, 1, 0, 2, 1, 1, 1, 2, 1, 2, 2, 2, 0, 1, 0, 2, 2, 1, 0, 0, 2, 2, 2, 1, 1, 2, 2, 2, 2, 1, 2, 2, 2, 1, 1, 2, 1, 2, 2, 1], [0, 2, 1, 2, 1, 0, 2, 0, 2, 1, 0, 0, 2, 0, 2, 0, 0, 2, 2, 2, 2, 2, 0, 2, 1, 1, 1, 2, 2, 0, 0, 0, 0, 2, 0, 2, 2, 0, 0, 0]], "final": {"social_welfare": [0.9625, 0.45833333333333337, 0.6666666666666667, 0.6972129413170076], "degree_of_intergration": [0.9625, 0.7125, 0.325], "number_of_colorful_edges": 0.6666666666666666}, "steps": 0, "final_world": [[2, 1, 0, 2, 1, 1, 1, 2, 1, 2, 2, 2, 0, 1, 0, 2, 2, 1, 0, 0, 2, 2, 2, 1, 1, 2, 2, 2, 2, 1, 2, 2, 2, 1, 1, 2, 1, 2, 2, 1], [0, 2, 1, 2, 1, 0, 2, 0, 2, 1, 0, 0, 2, 0, 2, 0, 0, 2, 2, 2, 2, 2, 0, 2, 1, 1, 1, 2, 2, 0, 0, 0, 0, 2, 0, 2, 2, 0, 0, 0]]}, "7": {"init": {"social_welfare": [0.9125, 0.4583333333333332, 0.6416666666666665, 0.6918583440402184], "degree_of_intergration": [0.9125, 0.7, 0.3125], "number_of_colorful_edges": 0.6416666666666667}, "init_world": [[1, 2, 1, 0, 1, 2, 0, 1, 0, 0, 0, 2, 1, 0, 0, 2, 0, 2, 1, 1, 0, 0, 0, 0, 2, 1, 0, 1, 1, 1, 1, 2, 2, 2, 0, 1, 1, 1, 1, 2], [0, 2, 0, 1, 1, 1, 2, 0, 2, 1, 2, 1, 2, 2, 2, 1, 1, 2, 1, 1, 2, 0, 0, 1, 2, 2, 0, 0, 2, 1, 0, 2, 2, 2, 2, 0, 2, 2, 1, 2]], "final": {"social_welfare": [0.9875, 0.4999999999999999, 0.7416666666666666, 0.7504861851562936], "degree_of_intergration": [0.9875, 0.8, 0.4375], "number_of_colorful_edges": 0.7416666666666667}, "steps": 2, "final_world": [[1, 2, 1, 0, 1, 2, 0, 1, 0, 0, 0, 2, 1, 0, 0, 2, 0, 2, 1, 1, 0, 1, 0, 0, 2, 1, 0, 1, 1, 0, 1, 2, 1, 2, 0, 1, 1, 1, 1, 2], [0, 2, 0, 1, 2, 1, 2, 0, 2, 1, 2, 1, 2, 2, 2, 1, 1, 2, 1, 1, 2, 0, 0, 1, 2, 2, 0, 0, 2, 1, 0, 2, 2, 2, 2, 0, 2, 2, 1, 2]]}, "8": {"init": {"social_welfare": [0.9625, 0.46666666666666695, 0.6749999999999997, 0.7184949659598618], "degree_of_intergration": [0.9625, 0.775, 0.2875], "number_of_colorful_edges": 0.675}, "init_world": [[0, 2, 2, 0, 1, 2, 0, 2, 2, 1, 1, 0, 1, 1, 1, 1, 2, 1, 0, 2, 2, 1, 2, 2, 2, 2, 0, 0, 1, 1, 1, 0, 1, 2, 1, 0, 2, 1, 2, 2], [2, 1, 2, 1, 0, 0, 1, 1, 0, 2, 0, 2, 2, 2, 1, 2, 2, 2, 2, 0, 1, 0, 0, 0, 1, 2, 0, 2, 0, 1, 0, 0, 2, 2, 1, 1, 1, 0, 0, 2]], "final": {"social_welfare": [0.9875, 0.47500000000000026, 0.7249999999999998, 0.7283146974777212], "degree_of_intergration": [0.9875, 0.825, 0.3625], "number_of_colorful_edges": 0.725},