{"0": {"init": {"social_welfare": [0.975, 0.4958333333333333, 0.7416666666666666, 0.7425995632366506], "degree_of_intergration": [0.975, 0.7875, 0.4625], "number_of_colorful_edges": 0.7416666666666667}, "init_world": [[0, 0, 2, 1, 1, 2, 1, 2, 0, 2, 1, 0, 0, 1, 2, 0, 0, 2, 0, 0, 2, 1, 0, 0, 1, 0, 0, 1, 0, 2, 1, 1, 2, 1, 1, 1, 2, 1, 2, 1], [0, 0, 1, 0, 2, 0, 2, 2, 0, 1, 2, 0, 1, 2, 1, 0, 1, 1, 1, 0, 1, 2, 1, 1, 1, 2, 1, 2, 1, 0, 2, 1, 1, 0, 1, 1, 1, 0, 0, 2]], "final": {"social_welfare": [1.0, 0.5291666666666667, 0.925, 0.7745907824330825], "degree_of_intergration": [1.0, 0.95, 0.825], "number_of_colorful_edges": 0.925}, "steps": 8, "final_world": [[2, 1, 2, 1, 0, 2, 1, 0, 1, 2, 1, 0, 0, 1, 2, 1, 0, 2, 0, 1, 2, 1, 0, 0, 2, 1, 0, 1, 0, 2, 0, 1, 2, 1, 1, 0, 2, 1, 2, 1], [1, 0, 1, 0, 2, 0, 2, 1, 0, 1, 2, 0, 1, 2, 1, 0, 1, 0, 1, 0, 1, 2, 1, 1, 0, 2, 1, 2, 1, 0, 2, 0, 1, 0, 1, 1, 1, 0, 0, 2]]}, "1": {"init": {"social_welfare": [0.925, 0.4458333333333334, 0.6416666666666665, 0.6795065878795048], "degree_of_intergration": [0.925, 0.7, 0.3], "number_of_colorful_edges": 0.6416666666666667}, "init_world": [[0, 1, 2, 2, 0, 0, 0, 1, 2, 0, 0, 2, 1, 1, 1, 2, 0, 0, 2, 0, 0, 0, 0, 1, 0, 1, 1, 0, 1, 0, 0, 2, 0, 0, 0, 2, 0, 2, 0, 0], [0, 2, 1, 1, 0, 1, 1, 1, 0, 1, 2, 0, 2, 1, 1, 1, 1, 2, 0, 0, 0, 0, 2, 1, 2, 1, 0, 2, 1, 0, 2, 0, 0, 1, 2, 2, 1, 1, 0, 1]], "final": {"social_welfare": [1.0, 0.5291666666666667, 0.8166666666666664, 0.7820326728348664], "degree_of_intergration": [1.0, 0.875, 0.575], "number_of_colorful_edges": 0.8166666666666667}, "steps": 5, "final_world": [[2, 1, 0, 2, 1, 2, 0, 1, 2, 0, 0, 2, 1, 0, 1, 2, 0, 0, 2, 0, 1, 0, 0, 1, 0, 1, 1, 0, 1, 0, 0, 2, 0, 0, 0, 2, 0, 2, 0, 0], [0, 2, 1, 1, 0, 1, 1, 1, 0, 1, 2, 0, 2, 1, 0, 1, 1, 2, 0, 1, 0, 0, 2, 0, 2, 1, 0, 2, 1, 0, 2, 0, 0, 1, 2, 0, 1, 1, 0, 1]]}, "2": {"init": {"social_welfare": [0.975, 0.4916666666666667, 0.6833333333333332, 0.7416330084375424], "degree_of_intergration": [0.975, 0.75, 0.325], "number_of_colorful_edges": 0.6833333333333335}, "init_world": [[1, 2, 0, 0, 0, 0, 2, 0, 1, 1, 0, 1, 0, 1, 0, 2, 2, 2, 1, 2, 1, 0, 0, 0, 1, 2, 0, 0, 2, 1, 0, 0, 0, 2, 1, 1, 1, 2, 0, 1], [0, 1, 1, 2, 0, 2, 2, 0, 1, 1, 1, 0, 2, 1, 2, 2, 0, 1, 0, 2, 0, 2, 1, 2, 0, 1, 1, 2, 0, 1, 0, 2, 2, 1, 1, 2, 1, 1, 0, 0]], "final": {"social_welfare": [1.0, 0.5874999999999998, 0.9416666666666668, 0.8446809166741527], "degree_of_intergration": [1.0, 1.0, 0.825], "number_of_colorful_edges": 0.9416666666666667}, "steps": 10, "final_world": [[1, 2, 0, 0, 1, 0, 1, 0, 2, 1, 0, 1, 0, 2, 0, 1, 2, 0, 1, 0, 1, 0, 2, 0, 1, 2, 0, 1, 2, 0, 2, 1, 0, 2, 0, 1, 0, 2, 1, 2], [0, 1, 1, 2, 0, 1, 2, 0, 1, 0, 1, 0, 2, 1, 2, 2, 0, 1, 0, 2, 0, 2, 1, 2, 0, 1, 1, 2, 0, 1, 0, 2, 2, 0, 1, 2, 1, 1, 0, 1]]}, "3": {"init": {"social_welfare": [0.9875, 0.5041666666666665, 0.7, 0.7574062522768287], "degree_of_intergration": [0.9875, 0.7875, 0.325], "number_of_colorful_edges": 0.7}, "init_world": [[2, 1, 0, 2, 0, 0, 0, 2, 2, 0, 0, 1, 0, 1, 1, 0, 0, 0, 0, 1, 0, 1, 1, 1, 0, 0, 1, 1, 2, 1, 2, 2, 2, 0, 1, 2, 2, 2, 0, 2], [1, 0, 2, 2, 1, 1, 2, 2, 1, 2, 2, 2, 0, 1, 2, 1, 2, 2, 1, 1, 2, 0, 2, 1, 1, 0, 0, 2, 0, 2, 0, 2, 1, 0, 2, 1, 0, 2, 1, 0]], "final": {"social_welfare": [0.9875, 0.5541666666666665, 0.8999999999999998, 0.8062143618750447], "degree_of_intergration": [0.9875, 0.9875, 0.725], "number_of_colorful_edges": 0.9}, "steps": 9, "final_world": [[0, 1, 0, 1, 0, 2, 0, 1, 2, 1, 0, 1, 0, 2, 1, 2, 1, 0, 0, 2, 0, 1, 0, 2, 0, 2, 1, 0, 2, 1, 2, 2, 2, 0, 1, 0, 1, 2, 0, 2], [1, 0, 2, 0, 2, 1, 2, 2, 1, 2, 1, 2, 0, 1, 2, 1, 2, 2, 1, 1, 2, 0, 2, 1, 1, 0, 0, 2, 0, 2, 0, 2, 1, 0, 2, 1, 0, 2, 1, 0]]}, "4": {"init": {"social_welfare": [0.9375, 0.4208333333333332, 0.6749999999999998, 0.6478830084375428], "degree_of_intergration": [0.9375, 0.725, 0.3625], "number_of_colorful_edges": 0.675}, "init_world": [[1, 0, 1, 2, 2, 0, 2, 2, 0, 0, 1, 2, 1, 2, 2, 2, 2, 2, 2, 0, 1, 2, 0, 1, 0, 1, 0, 0, 0, 2, 2, 2, 0, 1, 0, 2, 2, 1, 1, 1], [0, 1, 0, 1, 2, 2, 1, 2, 2, 0, 2, 1, 0, 0, 2, 2, 0, 2, 1, 2, 1, 0, 2, 0, 1, 1, 1, 1, 0, 0, 0, 1, 1, 0, 1, 0, 2, 2, 1, 0]], "final": {"social_welfare": [1.0, 0.5499999999999998, 0.9666666666666666, 0.7972840933929042], "degree_of_intergration": [1.0, 1.0, 0.9], "number_of_colorful_edges": 0.9666666666666667}, "steps": 10, "final_world": [[2, 0, 1, 2, 1, 0, 2, 1, 0, 2, 1, 2, 1, 2, 1, 0, 2, 1, 2, 0, 1, 2, 0, 1, 0, 1, 2, 0, 2, 1, 2, 2, 0, 1, 0, 2, 0, 1, 2, 1], [0, 1, 0, 1, 0, 2, 1, 0, 2, 0, 2, 1, 2, 0, 2, 2, 0, 2, 1, 2, 1, 0, 2, 0, 1, 2, 1, 2, 0, 2, 0, 1, 2, 0, 1, 0, 2, 0, 1, 0]]}, "5": {"init": {"social_welfare": [0.9625, 0.4750000000000001, 0.6499999999999998, 0.7174513193973644], "degree_of_intergration": [0.9625, 0.725, 0.2625], "number_of_colorful_edges": 0.65}, "init_world": [[0, 2, 0, 1, 0, 2, 0, 0, 0, 1, 2, 0, 1, 2, 2, 0, 2, 2, 0, 2, 1, 2, 1, 0, 0, 2, 0, 1, 2, 2, 2, 2, 0, 1, 2, 1, 1, 0, 2, 1], [1, 1, 0, 1, 0, 0, 1, 2, 0, 2, 2, 1, 1, 0, 0, 2, 0, 0, 0, 1, 1, 2, 2, 0, 0, 1, 2, 2, 0, 0, 2, 1, 1, 1, 1, 1, 1, 0, 1, 2]], "final": {"social_welfare": [1.0, 0.575, 0.8749999999999998, 0.8432696303571854], "degree_of_intergration": [1.0, 0.9625, 0.6625], "number_of_colorful_edges": 0.875}, "steps": 9, "final_world": [[0, 2, 1, 2, 1, 2, 0, 1, 2, 1, 2, 0, 1, 2, 1, 0, 1, 2, 1, 2, 0, 2, 1, 2, 0, 2, 0, 1, 2, 2, 1, 2, 0, 1, 2, 0, 2, 0, 2, 1], [1, 1, 0, 1, 0, 0, 1, 2, 0, 2, 0, 1, 1, 0, 0, 2, 0, 0, 0, 1, 1, 0, 2, 0, 0, 1, 2, 2, 0, 0, 2, 0, 1, 2, 0, 1, 1, 0, 1, 2]]}, "6": {"init": {"social_welfare": [0.9625, 0.4916666666666667, 0.6999999999999997, 0.7362013193973642], "degree_of_intergration": [0.9625, 0.8, 0.3375], "number_of_colorful_edges": 0.7}, "init_world": [[0, 0, 1, 2, 0, 1, 2, 1, 2, 0, 1, 1, 1, 2, 2, 2, 0, 1, 1, 1, 2, 0, 0, 0, 1, 0, 2, 2, 0, 1, 1, 1, 2, 0, 2, 0, 2, 2, 2, 1], [2, 2, 1, 2, 1, 0, 1, 2, 2, 1, 2, 0, 0, 0, 2, 1, 2, 2, 2, 0, 1, 0, 1, 0, 2, 1, 0, 0, 1, 1, 1, 2, 0, 2, 0, 0, 1, 1, 2, 1]], "final": {"social_welfare": [1.0, 0.5666666666666667, 0.9500000000000002, 0.8204992276339744], "degree_of_intergration": [1.0, 1.0, 0.85], "number_of_colorful_edges": 0.95}, "steps": 10, "final_world": [[0, 2, 1, 2, 0, 1, 2, 1, 2, 0, 1, 2, 1, 2, 1, 2, 0, 1, 0, 1, 2, 1, 2, 0, 1, 0, 1, 2, 0, 1, 2, 1, 2, 0, 2, 1, 2, 0, 2, 1], [2, 1, 0, 2, 1, 0, 1, 0, 2, 1, 2, 1, 2, 0, 2, 1, 2, 0, 2, 0, 1, 0, 1, 0, 2, 1, 2, 0, 2, 0, 1, 2, 0, 2, 0, 0, 1, 1, 0, 1]]}, "7": {"init": {"social_welfare": [0.925, 0.4083333333333333, 0.6083333333333334, 0.6440167892411106], "degree_of_intergration": [0.925, 0.7125, 0.1875], "number_of_colorful_edges": 0.6083333333333333}, "init_world": [[0, 0, 1, 0, 0, 0, 0, 2, 2, 0, 2, 0, 2, 2, 0, 1, 1, 1, 2, 2, 2, 1, 1, 1, 2, 2, 2, 0, 1, 1, 2, 2, 0, 0, 2, 2, 0, 2, 2, 0], [1, 0, 0, 1, 1, 0, 1, 0, 0, 1, 1, 2, 1, 1, 0, 2, 1, 1, 1, 1, 1, 0, 1, 2, 2, 2, 0, 1, 1, 2, 2, 0, 0, 2, 1, 0, 2, 0, 0, 1]], "final": {"social_welfare": [1.0, 0.5874999999999999, 0.9666666666666668, 0.8461692947545094], "degree_of_intergration": [1.0, 1.0, 0.9], "number_of_colorful_edges": 0.9666666666666667}, "steps": 13, "final_world": [[2, 0, 1, 2, 0, 1, 0, 1, 2, 0, 2, 0, 1, 2, 0, 1, 0, 1, 0, 2, 0, 1, 2, 1, 2, 1, 2, 0, 2, 1, 0, 2, 1, 0, 2, 1, 0, 1, 2, 0], [0, 2, 0, 1, 2, 0, 1, 2, 0, 2, 1, 2, 0, 1, 0, 2, 1, 2, 1, 1, 2, 0, 1, 2, 1, 2, 0, 1, 1, 0, 2, 1, 0, 2, 1, 0, 2, 0, 0, 1]]}, "8": {"init": {"social_welfare": [0.9125, 0.39583333333333326, 0.5916666666666666, 0.6208016550000404], "degree_of_intergration": [0.9125, 0.625, 0.2375], "number_of_colorful_edges": 0.5916666666666667}, "init_world": [[1, 2, 2, 2, 2, 2, 1, 2, 0, 2, 2, 0, 1, 1, 2, 2, 2, 2, 0, 2, 1, 0, 1, 0, 1, 1, 1, 2, 2, 1, 1, 0, 0, 0, 0, 1, 1, 2, 1, 2], [1, 1, 2, 2, 1, 1, 1, 0, 2, 2, 2, 1, 0, 2, 2, 2, 1, 0, 1, 1, 1, 0, 0, 1, 0, 0, 1, 1, 0, 2, 1, 1, 0, 1, 2, 2, 1, 0, 1, 1]], "final": {"social_welfare": [1.0, 0.5458333333333332, 0.85, 0.8067361851562934], "degree_of_intergration": [1.0, 0.9125, 0.6375], "number_of_colorful_edges": 0.85}, "steps": 9,