{"0": {"init": {"social_welfare": [0.95, 0.46249999999999974, 0.6250000000000001, 0.6927478070759372], "degree_of_intergration": [0.95, 0.6125, 0.3125], "number_of_colorful_edges": 0.625}, "init_world": [[1, 0, 2, 1, 1, 0, 1, 2, 2, 0, 0, 1, 1, 1, 0, 2, 0, 0, 0, 1, 2, 0, 2, 0, 0, 2, 1, 2, 1, 1, 0, 1, 0, 2, 2, 0, 1, 1, 0, 2], [0, 1, 1, 1, 1, 2, 1, 2, 2, 0, 1, 1, 2, 1, 2, 1, 0, 0, 2, 1, 1, 1, 1, 1, 2, 2, 2, 2, 0, 1, 0, 0, 2, 2, 2, 1, 0, 2, 1, 2]], "final": {"social_welfare": [0.975, 0.49166666666666653, 0.675, 0.7327027399554018], "degree_of_intergration": [0.975, 0.7, 0.35], "number_of_colorful_edges": 0.675}, "steps": 1, "final_world": [[1, 0, 2, 1, 1, 0, 1, 2, 2, 0, 0, 1, 1, 1, 0, 2, 0, 1, 0, 1, 2, 0, 2, 0, 0, 2, 1, 2, 1, 1, 0, 1, 0, 2, 2, 0, 1, 1, 0, 2], [0, 1, 1, 0, 1, 2, 1, 2, 2, 0, 1, 1, 2, 1, 2, 1, 0, 0, 2, 1, 1, 1, 1, 1, 2, 2, 2, 2, 0, 1, 0, 0, 2, 2, 2, 1, 0, 2, 1, 2]]}, "1": {"init": {"social_welfare": [0.975, 0.47916666666666663, 0.675, 0.7268263193973641], "degree_of_intergration": [0.975, 0.75, 0.3], "number_of_colorful_edges": 0.675}, "init_world": [[2, 2, 1, 1, 1, 2, 2, 0, 0, 1, 0, 1, 1, 2, 2, 1, 1, 2, 0, 2, 2, 0, 2, 1, 0, 0, 2, 0, 1, 1, 0, 1, 0, 1, 1, 0, 0, 2, 1, 1], [2, 0, 1, 0, 2, 2, 2, 2, 1, 0, 2, 0, 0, 2, 1, 0, 1, 1, 1, 0, 2, 2, 2, 0, 2, 0, 2, 2, 1, 0, 0, 2, 2, 0, 0, 2, 1, 0, 1, 0]], "final": {"social_welfare": [0.975, 0.47916666666666663, 0.675, 0.7268263193973641], "degree_of_intergration": [0.975, 0.75, 0.3], "number_of_colorful_edges": 0.675}, "steps": 0, "final_world": [[2, 2, 1, 1, 1, 2, 2, 0, 0, 1, 0, 1, 1, 2, 2, 1, 1, 2, 0, 2, 2, 0, 2, 1, 0, 0, 2, 0, 1, 1, 0, 1, 0, 1, 1, 0, 0, 2, 1, 1], [2, 0, 1, 0, 2, 2, 2, 2, 1, 0, 2, 0, 0, 2, 1, 0, 1, 1, 1, 0, 2, 2, 2, 0, 2, 0, 2, 2, 1, 0, 0, 2, 2, 0, 0, 2, 1, 0, 1, 0]]}, "2": {"init": {"social_welfare": [0.9375, 0.4208333333333334, 0.6583333333333334, 0.6478830084375428], "degree_of_intergration": [0.9375, 0.6875, 0.35], "number_of_colorful_edges": 0.6583333333333333}, "init_world": [[1, 0, 2, 2, 2, 1, 1, 1, 2, 0, 2, 1, 0, 2, 0, 0, 2, 1, 1, 1, 1, 2, 2, 0, 0, 1, 1, 2, 2, 2, 2, 0, 2, 0, 2, 2, 0, 2, 2, 1], [1, 1, 2, 2, 1, 0, 0, 0, 1, 1, 1, 2, 0, 2, 1, 2, 1, 1, 1, 2, 1, 2, 1, 2, 1, 0, 2, 0, 2, 2, 0, 2, 0, 1, 0, 2, 2, 2, 1, 2]], "final": {"social_welfare": [1.0, 0.45000000000000007, 0.7583333333333333, 0.6907376057143317], "degree_of_intergration": [1.0, 0.8125, 0.4625], "number_of_colorful_edges": 0.7583333333333333}, "steps": 2, "final_world": [[1, 0, 2, 1, 2, 1, 1, 1, 2, 0, 2, 1, 0, 2, 0, 0, 2, 1, 2, 1, 1, 2, 2, 0, 0, 1, 1, 2, 1, 2, 2, 0, 2, 0, 2, 2, 0, 2, 2, 1], [1, 1, 2, 2, 1, 0, 0, 0, 1, 1, 1, 2, 0, 2, 1, 2, 1, 2, 1, 2, 1, 2, 1, 2, 1, 0, 2, 0, 2, 2, 0, 2, 0, 1, 0, 2, 2, 2, 1, 2]]}, "3": {"init": {"social_welfare": [0.975, 0.4916666666666667, 0.7333333333333331, 0.7431213865178992], "degree_of_intergration": [0.975, 0.8375, 0.3875], "number_of_colorful_edges": 0.7333333333333333}, "init_world": [[0, 2, 2, 0, 1, 1, 2, 1, 2, 1, 0, 0, 1, 0, 1, 1, 1, 0, 2, 2, 1, 2, 0, 0, 0, 1, 1, 2, 0, 2, 0, 2, 1, 2, 2, 1, 0, 1, 0, 2], [2, 1, 0, 2, 0, 2, 0, 0, 1, 2, 0, 1, 1, 0, 2, 1, 0, 0, 2, 1, 2, 1, 0, 1, 2, 2, 0, 1, 0, 0, 1, 0, 2, 2, 1, 1, 0, 2, 2, 2]], "final": {"social_welfare": [1.0, 0.5125, 0.783333333333333, 0.7692361851562937], "degree_of_intergration": [1.0, 0.875, 0.475], "number_of_colorful_edges": 0.7833333333333333}, "steps": 1, "final_world": [[0, 2, 2, 0, 1, 1, 2, 1, 2, 1, 0, 0, 1, 0, 1, 2, 1, 0, 2, 2, 1, 2, 0, 0, 0, 1, 1, 2, 0, 2, 0, 2, 1, 2, 2, 1, 0, 1, 0, 2], [2, 1, 0, 2, 0, 2, 0, 0, 1, 2, 0, 1, 1, 0, 2, 1, 0, 0, 2, 1, 2, 1, 0, 1, 2, 2, 0, 1, 0, 0, 1, 0, 2, 2, 1, 1, 0, 2, 2, 1]]}, "4": {"init": {"social_welfare": [0.95, 0.4625, 0.6333333333333333, 0.6972129413170076], "degree_of_intergration": [0.95, 0.6875, 0.2625], "number_of_colorful_edges": 0.6333333333333333}, "init_world": [[0, 1, 1, 2, 1, 1, 2, 0, 1, 0, 0, 2, 1, 1, 0, 0, 1, 2, 0, 2, 2, 1, 2, 0, 1, 0, 2, 1, 2, 1, 0, 0, 0, 2, 1, 2, 2, 0, 0, 1], [2, 0, 0, 1, 0, 1, 1, 1, 1, 2, 2, 2, 1, 1, 1, 0, 2, 1, 0, 1, 1, 0, 2, 0, 1, 1, 2, 2, 0, 0, 2, 0, 0, 0, 0, 0, 2, 0, 0, 0]], "final": {"social_welfare": [0.975, 0.4833333333333333, 0.6833333333333332, 0.7263044961161155], "degree_of_intergration": [0.975, 0.7625, 0.3125], "number_of_colorful_edges": 0.6833333333333333}, "steps": 1, "final_world": [[0, 1, 1, 2, 1, 1, 2, 0, 1, 0, 0, 2, 1, 1, 0, 0, 1, 2, 0, 2, 2, 1, 2, 0, 1, 0, 2, 1, 2, 1, 0, 1, 0, 2, 1, 2, 2, 0, 0, 1], [2, 0, 0, 1, 0, 1, 1, 1, 1, 2, 2, 2, 1, 0, 1, 0, 2, 1, 0, 1, 1, 0, 2, 0, 1, 1, 2, 2, 0, 0, 2, 0, 0, 0, 0, 0, 2, 0, 0, 0]]}, "5": {"init": {"social_welfare": [0.975, 0.44166666666666654, 0.5916666666666668, 0.6838946303571859], "degree_of_intergration": [0.975, 0.65, 0.15], "number_of_colorful_edges": 0.5916666666666667}, "init_world": [[1, 1, 0, 0, 2, 1, 2, 1, 1, 1, 2, 0, 1, 0, 0, 0, 1, 1, 0, 1, 0, 2, 2, 2, 1, 0, 0, 2, 2, 0, 2, 2, 2, 0, 1, 1, 1, 0, 2, 0], [1, 1, 2, 2, 2, 1, 2, 1, 2, 2, 1, 0, 2, 2, 2, 0, 0, 0, 0, 1, 2, 0, 1, 2, 1, 0, 0, 0, 0, 0, 2, 1, 1, 1, 2, 1, 0, 1, 2, 0]], "final": {"social_welfare": [1.0, 0.4583333333333332, 0.6416666666666665, 0.7075544961161155], "degree_of_intergration": [1.0, 0.7125, 0.2125], "number_of_colorful_edges": 0.6416666666666667}, "steps": 1, "final_world": [[1, 1, 0, 0, 2, 1, 2, 1, 1, 1, 2, 0, 1, 0, 0, 0, 1, 1, 0, 1, 0, 2, 2, 2, 1, 0, 0, 2, 2, 0, 2, 2, 2, 0, 1, 0, 1, 0, 2, 0], [1, 1, 2, 2, 2, 1, 2, 1, 2, 2, 1, 0, 2, 2, 2, 0, 0, 0, 0, 1, 2, 0, 1, 2, 1, 0, 1, 0, 0, 0, 2, 1, 1, 1, 2, 1, 0, 1, 2, 0]]}, "6": {"init": {"social_welfare": [0.975, 0.5000000000000002, 0.6833333333333332, 0.7480312522768289], "degree_of_intergration": [0.975, 0.7625, 0.3125], "number_of_colorful_edges": 0.6833333333333333}, "init_world": [[2, 0, 1, 1, 1, 2, 1, 1, 1, 1, 2, 2, 2, 0, 1, 0, 0, 1, 2, 0, 1, 2, 1, 2, 2, 0, 0, 2, 0, 1, 2, 0, 1, 1, 0, 2, 1, 0, 1, 0], [0, 2, 0, 2, 1, 0, 0, 2, 0, 0, 0, 2, 0, 1, 1, 2, 0, 1, 0, 2, 1, 1, 0, 0, 0, 1, 0, 0, 0, 0, 1, 1, 1, 0, 2, 2, 1, 0, 2, 0]], "final": {"social_welfare": [1.0, 0.5125000000000002, 0.7333333333333332, 0.7632826728348665], "degree_of_intergration": [1.0, 0.8, 0.4], "number_of_colorful_edges": 0.7333333333333333}, "steps": 1, "final_world": [[2, 0, 1, 1, 1, 2, 1, 1, 1, 1, 2, 0, 2, 0, 1, 0, 0, 1, 2, 0, 1, 2, 1, 2, 2, 0, 0, 2, 0, 1, 2, 0, 1, 1, 0, 2, 1, 0, 1, 0], [0, 2, 0, 2, 1, 0, 0, 2, 0, 0, 0, 2, 0, 1, 1, 2, 0, 1, 0, 2, 1, 1, 0, 0, 0, 1, 0, 0, 2, 0, 1, 1, 1, 0, 2, 2, 1, 0, 2, 0]]}, "7": {"init": {"social_welfare": [0.9625, 0.46250000000000024, 0.6166666666666666, 0.7041330084375426], "degree_of_intergration": [0.9625, 0.6875, 0.2], "number_of_colorful_edges": 0.6166666666666667}, "init_world": [[0, 2, 1, 0, 1, 0, 1, 0, 1, 1, 1, 1, 0, 0, 0, 2, 1, 1, 1, 1, 0, 1, 2, 1, 0, 1, 0, 0, 2, 0, 2, 0, 1, 0, 0, 2, 0, 2, 0, 1], [1, 2, 2, 0, 1, 2, 2, 0, 0, 0, 0, 1, 2, 0, 1, 2, 1, 2, 0, 1, 1, 2, 2, 1, 0, 2, 2, 2, 2, 2, 2, 0, 1, 0, 0, 1, 0, 0, 1, 1]], "final": {"social_welfare": [0.9875, 0.47083333333333366, 0.6666666666666667, 0.7184178741964723], "degree_of_intergration": [0.9875, 0.7375, 0.275], "number_of_colorful_edges": 0.6666666666666666}, "steps": 1, "final_world": [[0, 2, 1, 0, 1, 0, 1, 0, 1, 1, 1, 1, 0, 2, 0, 2, 1, 1, 1, 1, 0, 1, 2, 1, 0, 1, 0, 0, 2, 0, 2, 0, 1, 0, 0, 2, 0, 2, 0, 1], [1, 2, 2, 0, 1, 2, 2, 0, 0, 0, 0, 1, 2, 0, 1, 2, 1, 2, 0, 1, 1, 2, 2, 1, 0, 2, 2, 2, 0, 2, 2, 0, 1, 0, 0, 1, 0, 0, 1, 1]]}, "8": {"init": {"social_welfare": [0.9625, 0.4833333333333334, 0.6666666666666665, 0.728314697477721], "degree_of_intergration": [0.9625, 0.7375, 0.3], "number_of_colorful_edges": 0.6666666666666666}, "init_world": [[2, 1, 1, 2, 0, 1, 1, 2, 0, 1, 1, 1, 1, 1, 0, 2, 0, 1, 0, 2, 0, 2, 0, 1, 2, 1, 1, 2, 1, 0, 1, 0, 2, 2, 0, 2, 1, 1, 1, 0], [2, 2, 0, 2, 0, 0, 2, 2, 0, 1, 2, 1, 1, 0, 0, 1, 2, 2, 2, 1, 0, 1, 1, 0, 1, 2, 1, 0, 0, 0, 2, 2, 2, 0, 1, 1, 1, 0, 0, 2]], "final": {"social_welfare": [1.0, 0.5, 0.7166666666666665, 0.7544294961161154], "degree_of_intergration": [1.0, 0.7875, 0.3625], "number_of_colorful_edges": 0.7166666666666667}, "steps": 1,