{"0": {"init": {"social_welfare": [0.975, 0.4708333333333332, 0.6749999999999997, 0.7263815878795049], "degree_of_intergration": [0.975, 0.7875, 0.2625], "number_of_colorful_edges": 0.675}, "init_world": [[0, 1, 2, 0, 1, 0, 0, 1, 1, 2, 2, 2, 1, 1, 1, 2, 2, 0, 1, 1, 0, 2, 2, 1, 1, 1, 0, 0, 0, 0, 2, 0, 1, 2, 1, 1, 0, 0, 2, 0], [2, 2, 0, 1, 2, 1, 1, 0, 0, 1, 0, 0, 1, 0, 1, 2, 0, 2, 2, 1, 0, 0, 2, 0, 1, 0, 2, 2, 2, 1, 2, 1, 2, 0, 1, 0, 2, 2, 2, 2]], "final": {"social_welfare": [1.0, 0.5416666666666665, 0.9833333333333336, 0.7864207153125473], "degree_of_intergration": [1.0, 1.0, 0.95], "number_of_colorful_edges": 0.9833333333333333}, "steps": 13, "final_world": [[2, 1, 2, 0, 1, 2, 0, 2, 1, 2, 1, 2, 0, 1, 0, 1, 2, 0, 1, 0, 1, 2, 0, 1, 2, 1, 0, 1, 0, 0, 2, 0, 1, 2, 0, 1, 0, 1, 2, 0], [1, 2, 0, 1, 2, 1, 2, 0, 2, 1, 2, 0, 1, 0, 1, 2, 0, 2, 0, 1, 2, 0, 2, 0, 1, 0, 2, 0, 2, 1, 0, 1, 2, 0, 1, 0, 2, 2, 1, 2]]}, "1": {"init": {"social_welfare": [0.9625, 0.4625, 0.6749999999999998, 0.7130632769196834], "degree_of_intergration": [0.9625, 0.7875, 0.275], "number_of_colorful_edges": 0.675}, "init_world": [[1, 2, 1, 0, 1, 2, 2, 0, 0, 2, 0, 2, 1, 2, 0, 2, 1, 1, 0, 2, 2, 2, 1, 0, 0, 2, 1, 1, 0, 0, 2, 2, 1, 2, 2, 1, 0, 2, 1, 2], [0, 2, 1, 1, 0, 1, 1, 1, 0, 1, 1, 0, 1, 0, 2, 0, 0, 1, 0, 0, 2, 2, 2, 1, 2, 0, 0, 2, 0, 0, 0, 1, 2, 2, 0, 0, 0, 2, 1, 2]], "final": {"social_welfare": [0.9875, 0.5166666666666667, 0.9333333333333333, 0.760305916674153], "degree_of_intergration": [0.9875, 0.9875, 0.825], "number_of_colorful_edges": 0.9333333333333333}, "steps": 11, "final_world": [[1, 0, 1, 0, 1, 2, 1, 0, 1, 2, 0, 2, 0, 2, 0, 2, 1, 0, 1, 2, 0, 2, 1, 0, 1, 2, 1, 0, 1, 0, 2, 2, 1, 0, 2, 1, 0, 2, 0, 2], [0, 2, 0, 1, 0, 1, 0, 1, 0, 1, 2, 0, 1, 0, 2, 0, 2, 1, 0, 1, 2, 2, 2, 1, 2, 1, 0, 2, 0, 2, 0, 1, 2, 2, 0, 2, 0, 2, 1, 2]]}, "2": {"init": {"social_welfare": [0.975, 0.4458333333333333, 0.6666666666666666, 0.684861185156294], "degree_of_intergration": [0.975, 0.725, 0.3], "number_of_colorful_edges": 0.6666666666666666}, "init_world": [[1, 0, 2, 1, 0, 2, 0, 0, 0, 0, 1, 0, 1, 1, 1, 2, 1, 2, 2, 2, 0, 2, 0, 0, 0, 0, 0, 2, 2, 2, 0, 0, 1, 2, 1, 1, 0, 0, 2, 0], [1, 2, 2, 0, 1, 0, 1, 1, 1, 2, 0, 1, 0, 0, 0, 2, 0, 2, 2, 1, 1, 1, 1, 2, 2, 2, 2, 0, 2, 0, 1, 1, 2, 1, 2, 1, 1, 0, 2, 2]], "final": {"social_welfare": [1.0, 0.5208333333333333, 0.9833333333333334, 0.7577738920312987], "degree_of_intergration": [1.0, 1.0, 0.95], "number_of_colorful_edges": 0.9833333333333333}, "steps": 12, "final_world": [[2, 0, 2, 1, 0, 2, 0, 1, 2, 0, 1, 0, 1, 0, 1, 0, 1, 2, 1, 2, 0, 2, 0, 1, 0, 2, 0, 2, 0, 2, 0, 2, 1, 2, 1, 0, 2, 1, 2, 0], [1, 2, 1, 0, 1, 0, 1, 2, 1, 2, 0, 1, 0, 2, 0, 2, 0, 0, 2, 1, 2, 0, 1, 2, 1, 0, 2, 0, 2, 0, 1, 0, 2, 1, 2, 1, 1, 0, 1, 2]]}, "3": {"init": {"social_welfare": [0.9625, 0.4708333333333333, 0.6666666666666664, 0.7209498988393264], "degree_of_intergration": [0.9625, 0.7625, 0.275], "number_of_colorful_edges": 0.6666666666666666}, "init_world": [[2, 0, 2, 2, 1, 1, 1, 2, 2, 1, 0, 2, 0, 1, 0, 0, 0, 0, 1, 1, 0, 1, 1, 0, 1, 1, 0, 2, 2, 0, 1, 0, 1, 1, 0, 0, 1, 1, 1, 0], [2, 0, 0, 0, 2, 0, 1, 2, 1, 2, 2, 1, 1, 1, 1, 0, 2, 1, 1, 1, 2, 1, 0, 2, 2, 0, 2, 1, 2, 0, 1, 0, 1, 2, 1, 2, 0, 2, 1, 1]], "final": {"social_welfare": [1.0, 0.5416666666666665, 0.9333333333333333, 0.7968393618750447], "degree_of_intergration": [1.0, 0.9875, 0.8125], "number_of_colorful_edges": 0.9333333333333333}, "steps": 11, "final_world": [[1, 0, 1, 2, 1, 2, 0, 1, 2, 1, 0, 2, 0, 1, 0, 1, 0, 2, 0, 1, 0, 2, 1, 0, 1, 1, 0, 2, 1, 2, 1, 0, 2, 1, 0, 0, 1, 0, 1, 0], [2, 1, 0, 1, 2, 0, 1, 2, 1, 0, 2, 1, 1, 0, 1, 0, 2, 1, 2, 1, 2, 1, 0, 1, 2, 0, 2, 1, 2, 0, 1, 0, 1, 2, 1, 2, 0, 2, 1, 1]]}, "4": {"init": {"social_welfare": [0.975, 0.4833333333333334, 0.7166666666666663, 0.7322580084375424], "degree_of_intergration": [0.975, 0.8, 0.375], "number_of_colorful_edges": 0.7166666666666667}, "init_world": [[2, 0, 2, 2, 1, 2, 2, 2, 0, 1, 0, 2, 2, 1, 1, 0, 2, 0, 0, 2, 0, 0, 1, 1, 1, 2, 1, 1, 2, 1, 2, 2, 1, 0, 1, 0, 1, 1, 0, 1], [2, 1, 2, 1, 2, 0, 2, 2, 0, 1, 2, 1, 2, 1, 0, 2, 1, 0, 2, 1, 1, 1, 0, 2, 2, 0, 2, 2, 0, 2, 2, 2, 0, 1, 2, 2, 0, 0, 2, 2]], "final": {"social_welfare": [0.9875, 0.5458333333333334, 0.9083333333333334, 0.8042812522768287], "degree_of_intergration": [0.9875, 0.9875, 0.75], "number_of_colorful_edges": 0.9083333333333333}, "steps": 9, "final_world": [[2, 0, 1, 2, 1, 2, 1, 0, 2, 1, 0, 2, 2, 2, 1, 0, 2, 2, 0, 2, 0, 2, 1, 2, 1, 2, 0, 1, 2, 0, 1, 2, 1, 0, 1, 0, 2, 1, 0, 1], [1, 1, 2, 1, 2, 0, 2, 2, 0, 1, 2, 1, 2, 1, 0, 2, 1, 0, 2, 1, 2, 1, 0, 1, 2, 0, 2, 2, 0, 2, 0, 2, 0, 1, 2, 2, 1, 0, 2, 2]]}, "5": {"init": {"social_welfare": [0.9625, 0.47500000000000026, 0.7583333333333331, 0.7159629413170074], "degree_of_intergration": [0.9625, 0.825, 0.4875], "number_of_colorful_edges": 0.7583333333333333}, "init_world": [[0, 2, 0, 2, 0, 2, 0, 2, 1, 1, 2, 1, 2, 1, 0, 2, 0, 2, 0, 2, 2, 0, 2, 0, 1, 2, 0, 1, 0, 0, 0, 0, 0, 2, 1, 2, 0, 1, 2, 2], [1, 1, 2, 0, 2, 1, 1, 2, 1, 2, 2, 2, 1, 2, 0, 1, 0, 0, 1, 0, 1, 1, 0, 1, 2, 0, 2, 0, 2, 2, 0, 2, 1, 2, 2, 2, 2, 2, 2, 1]], "final": {"social_welfare": [1.0, 0.5374999999999999, 0.9500000000000002, 0.7824774043527257], "degree_of_intergration": [1.0, 0.9875, 0.8625], "number_of_colorful_edges": 0.95}, "steps": 7, "final_world": [[0, 2, 0, 2, 0, 2, 0, 1, 2, 1, 2, 1, 2, 1, 0, 2, 0, 2, 0, 2, 2, 0, 2, 0, 1, 2, 0, 1, 0, 1, 2, 1, 0, 2, 1, 2, 0, 1, 0, 2], [2, 1, 2, 0, 2, 0, 1, 2, 1, 2, 0, 2, 1, 2, 0, 1, 2, 0, 1, 0, 1, 2, 0, 1, 2, 0, 2, 0, 2, 2, 0, 2, 1, 0, 2, 2, 1, 2, 2, 1]]}, "6": {"init": {"social_welfare": [0.95, 0.4708333333333332, 0.6416666666666665, 0.7170065878795047], "degree_of_intergration": [0.95, 0.725, 0.25], "number_of_colorful_edges": 0.6416666666666667}, "init_world": [[0, 2, 2, 1, 2, 1, 1, 1, 1, 1, 1, 1, 1, 1, 1, 0, 1, 1, 2, 2, 2, 2, 0, 2, 0, 1, 1, 2, 0, 2, 1, 1, 2, 0, 2, 0, 1, 2, 2, 1], [1, 0, 1, 1, 2, 2, 2, 0, 0, 1, 0, 2, 1, 0, 1, 2, 0, 1, 1, 1, 2, 0, 1, 2, 0, 0, 1, 2, 1, 2, 0, 2, 1, 0, 2, 2, 2, 0, 1, 1]], "final": {"social_welfare": [0.9875, 0.5666666666666664, 0.8749999999999998, 0.8269745632366501], "degree_of_intergration": [0.9875, 0.9625, 0.675], "number_of_colorful_edges": 0.875}, "steps": 9, "final_world": [[0, 1, 2, 1, 2, 1, 2, 1, 1, 2, 1, 2, 0, 1, 2, 0, 1, 0, 2, 0, 1, 2, 0, 1, 0, 2, 1, 2, 0, 2, 1, 1, 2, 1, 2, 0, 1, 2, 2, 1], [2, 0, 1, 1, 1, 2, 1, 2, 0, 1, 0, 2, 1, 0, 1, 2, 0, 1, 1, 1, 2, 0, 1, 2, 1, 0, 1, 2, 1, 2, 0, 2, 1, 0, 1, 2, 2, 0, 1, 1]]}, "7": {"init": {"social_welfare": [0.9375, 0.44583333333333314, 0.6249999999999999, 0.6774963865178996], "degree_of_intergration": [0.9375, 0.6625, 0.275], "number_of_colorful_edges": 0.625}, "init_world": [[2, 0, 2, 2, 0, 0, 2, 1, 1, 0, 1, 1, 1, 0, 2, 1, 1, 2, 1, 2, 0, 2, 1, 0, 2, 2, 0, 1, 2, 2, 0, 2, 0, 0, 2, 2, 1, 0, 0, 2], [2, 1, 1, 0, 0, 0, 2, 2, 1, 1, 1, 1, 0, 0, 1, 1, 0, 0, 2, 1, 0, 0, 0, 1, 0, 2, 1, 0, 1, 2, 2, 2, 2, 1, 1, 0, 2, 0, 2, 2]], "final": {"social_welfare": [1.0, 0.5749999999999997, 0.9416666666666668, 0.832850983794688], "degree_of_intergration": [1.0, 1.0, 0.825], "number_of_colorful_edges": 0.9416666666666667}, "steps": 12, "final_world": [[1, 0, 2, 1, 0, 2, 0, 1, 2, 0, 1, 0, 1, 0, 2, 0, 1, 2, 1, 2, 0, 2, 1, 0, 2, 1, 0, 1, 2, 0, 0, 2, 0, 0, 2, 2, 1, 2, 0, 2], [0, 2, 1, 0, 1, 0, 2, 0, 1, 1, 2, 1, 0, 2, 1, 2, 0, 0, 2, 1, 2, 0, 2, 1, 0, 2, 1, 0, 1, 2, 2, 1, 2, 1, 1, 0, 2, 0, 2, 1]]}, "8": {"init": {"social_welfare": [0.9625, 0.4916666666666667, 0.7249999999999998, 0.743643209799148], "degree_of_intergration": [0.9625, 0.85, 0.3625], "number_of_colorful_edges": 0.725}, "init_world": [[1, 2, 0, 2, 1, 1, 0, 2, 1, 2, 2, 1, 2, 0, 0, 1, 0, 2, 0, 1, 0, 1, 2, 1, 0, 0, 1, 2, 2, 1, 0, 2, 0, 2, 0, 1, 2, 1, 2, 2], [0, 0, 1, 0, 0, 2, 2, 0, 0, 0, 1, 2, 2, 2, 1, 0, 0, 2, 2, 0, 1, 1, 2, 0, 0, 1, 2, 0, 1, 0, 2, 2, 2, 2, 2, 1, 2, 2, 0, 2]], "final": {"social_welfare": [1.0, 0.55, 0.8833333333333331, 0.8062143618750447], "degree_of_intergration": [1.0, 0.9625, 0.6875], "number_of_colorful_edges": 0.8833333333333333}, "steps": 5,