{"0": {"init": {"social_welfare": [0.95, 0.4958333333333333, 0.6749999999999998, 0.7406664536384342], "degree_of_intergration": [0.95, 0.7375, 0.3375], "number_of_colorful_edges": 0.675}, "init_world": [[2, 0, 1, 2, 2, 1, 0, 2, 1, 1, 0, 1, 1, 1, 1, 1, 1, 1, 0, 1, 1, 1, 0, 2, 0, 0, 0, 0, 0, 1, 2, 2, 2, 1, 2, 2, 0, 1, 1, 1], [1, 2, 2, 2, 1, 0, 0, 2, 0, 0, 2, 1, 0, 2, 0, 2, 1, 0, 2, 2, 0, 1, 2, 2, 2, 0, 1, 2, 1, 0, 2, 0, 0, 0, 0, 1, 2, 0, 1, 2]], "final": {"social_welfare": [1.0, 0.5458333333333332, 0.9666666666666668, 0.796317538593796], "degree_of_intergration": [1.0, 1.0, 0.9], "number_of_colorful_edges": 0.9666666666666667}, "steps": 10, "final_world": [[2, 0, 2, 1, 2, 1, 0, 2, 1, 1, 0, 2, 1, 0, 1, 1, 0, 1, 0, 1, 2, 1, 0, 2, 0, 1, 0, 1, 0, 1, 1, 2, 0, 1, 0, 2, 0, 1, 2, 1], [1, 2, 0, 2, 1, 0, 2, 0, 2, 0, 2, 1, 0, 2, 0, 2, 1, 0, 1, 2, 0, 1, 2, 1, 2, 0, 1, 2, 1, 0, 2, 0, 2, 0, 2, 1, 2, 0, 1, 2]]}, "1": {"init": {"social_welfare": [0.9875, 0.4666666666666669, 0.6749999999999999, 0.7085210509152235], "degree_of_intergration": [0.9875, 0.7125, 0.325], "number_of_colorful_edges": 0.6750000000000002}, "init_world": [[2, 0, 1, 2, 1, 2, 0, 1, 1, 2, 2, 2, 0, 2, 0, 2, 1, 2, 0, 0, 2, 0, 0, 1, 1, 1, 1, 2, 1, 0, 0, 0, 2, 0, 0, 0, 2, 1, 1, 2], [2, 0, 1, 1, 2, 0, 1, 0, 2, 1, 0, 0, 0, 0, 2, 0, 0, 1, 0, 0, 1, 1, 2, 1, 2, 0, 0, 1, 2, 2, 1, 0, 0, 0, 2, 2, 2, 0, 1, 1]], "final": {"social_welfare": [1.0, 0.5208333333333334, 0.9916666666666668, 0.7577738920312986], "degree_of_intergration": [1.0, 1.0, 0.975], "number_of_colorful_edges": 0.9916666666666667}, "steps": 13, "final_world": [[0, 2, 1, 2, 1, 2, 0, 1, 0, 2, 0, 2, 0, 2, 0, 2, 1, 2, 1, 0, 2, 0, 1, 0, 1, 0, 1, 2, 1, 0, 1, 0, 2, 1, 0, 1, 0, 1, 0, 2], [2, 1, 0, 1, 2, 0, 1, 0, 2, 1, 2, 0, 2, 0, 2, 1, 0, 1, 0, 2, 0, 1, 2, 1, 2, 1, 0, 1, 0, 2, 0, 2, 0, 0, 2, 0, 2, 0, 1, 0]]}, "2": {"init": {"social_welfare": [1.0, 0.4708333333333332, 0.6916666666666667, 0.7193844289955804], "degree_of_intergration": [1.0, 0.7375, 0.3375], "number_of_colorful_edges": 0.6916666666666667}, "init_world": [[1, 2, 1, 0, 0, 2, 2, 1, 0, 1, 2, 2, 1, 0, 0, 1, 0, 0, 0, 2, 2, 0, 2, 1, 0, 0, 2, 1, 1, 2, 0, 0, 0, 1, 2, 2, 2, 1, 0, 2], [2, 0, 2, 0, 2, 0, 1, 0, 0, 2, 2, 0, 2, 2, 0, 0, 2, 2, 2, 0, 0, 0, 1, 0, 1, 2, 2, 1, 1, 0, 0, 1, 0, 1, 1, 0, 1, 2, 0, 1]], "final": {"social_welfare": [1.0, 0.5291666666666666, 0.9416666666666668, 0.7790559166741529], "degree_of_intergration": [1.0, 1.0, 0.825], "number_of_colorful_edges": 0.9416666666666667}, "steps": 10, "final_world": [[1, 2, 1, 2, 0, 1, 2, 1, 0, 1, 0, 2, 1, 0, 2, 1, 0, 2, 0, 2, 2, 0, 2, 1, 2, 0, 2, 0, 1, 0, 2, 0, 2, 1, 2, 0, 2, 1, 0, 2], [2, 0, 2, 0, 2, 0, 1, 0, 1, 0, 2, 0, 2, 2, 0, 0, 2, 0, 2, 0, 1, 0, 1, 0, 1, 2, 0, 1, 0, 2, 0, 1, 0, 0, 1, 0, 1, 2, 0, 1]]}, "3": {"init": {"social_welfare": [0.95, 0.4749999999999998, 0.6416666666666663, 0.7179731426786129], "degree_of_intergration": [0.95, 0.725, 0.25], "number_of_colorful_edges": 0.6416666666666667}, "init_world": [[1, 1, 0, 2, 1, 1, 0, 2, 0, 2, 2, 2, 1, 2, 0, 0, 2, 1, 0, 2, 1, 0, 0, 2, 2, 0, 0, 0, 0, 1, 1, 0, 0, 2, 0, 1, 1, 2, 2, 1], [1, 0, 0, 1, 1, 1, 1, 0, 1, 0, 1, 2, 2, 0, 1, 1, 0, 0, 1, 2, 0, 2, 2, 2, 1, 1, 0, 1, 2, 2, 1, 0, 1, 2, 0, 1, 2, 2, 0, 1]], "final": {"social_welfare": [1.0, 0.5458333333333332, 0.933333333333333, 0.8007826728348665], "degree_of_intergration": [1.0, 1.0, 0.8], "number_of_colorful_edges": 0.9333333333333333}, "steps": 10, "final_world": [[0, 1, 0, 2, 1, 2, 0, 2, 0, 2, 0, 2, 1, 2, 0, 0, 2, 1, 0, 2, 1, 0, 2, 1, 2, 0, 1, 2, 0, 1, 0, 1, 0, 2, 1, 2, 1, 1, 2, 1], [1, 0, 2, 1, 2, 1, 1, 0, 1, 0, 1, 0, 2, 0, 1, 1, 0, 0, 1, 2, 0, 2, 1, 2, 1, 1, 0, 1, 2, 0, 1, 0, 1, 2, 0, 1, 0, 2, 0, 2]]}, "4": {"init": {"social_welfare": [0.9375, 0.4583333333333333, 0.6416666666666665, 0.6997449659598617], "degree_of_intergration": [0.9375, 0.725, 0.2625], "number_of_colorful_edges": 0.6416666666666667}, "init_world": [[2, 1, 0, 2, 1, 2, 1, 2, 1, 2, 2, 0, 1, 0, 1, 2, 0, 0, 1, 2, 0, 0, 0, 2, 2, 1, 2, 0, 1, 1, 2, 2, 2, 1, 2, 0, 1, 2, 1, 1], [0, 1, 1, 0, 0, 1, 0, 1, 1, 2, 1, 1, 1, 0, 2, 2, 2, 1, 2, 2, 2, 0, 0, 0, 1, 1, 0, 1, 1, 2, 0, 1, 1, 1, 1, 0, 0, 2, 1, 1]], "final": {"social_welfare": [1.0, 0.5291666666666668, 0.8916666666666664, 0.7835210509152233], "degree_of_intergration": [1.0, 0.9625, 0.7125], "number_of_colorful_edges": 0.8916666666666667}, "steps": 9, "final_world": [[2, 1, 0, 2, 1, 2, 1, 0, 2, 1, 2, 0, 1, 2, 1, 2, 1, 0, 1, 2, 0, 2, 0, 1, 2, 1, 2, 0, 0, 1, 2, 1, 2, 1, 2, 0, 1, 1, 0, 1], [0, 2, 1, 0, 0, 1, 0, 1, 1, 2, 1, 2, 1, 0, 2, 0, 2, 1, 2, 0, 2, 0, 2, 0, 1, 1, 0, 1, 1, 2, 0, 1, 1, 2, 1, 1, 0, 2, 1, 1]]}, "5": {"init": {"social_welfare": [0.9875, 0.5166666666666666, 0.6833333333333331, 0.7751896974777208], "degree_of_intergration": [0.9875, 0.8125, 0.25], "number_of_colorful_edges": 0.6833333333333333}, "init_world": [[0, 1, 0, 1, 0, 2, 1, 1, 2, 0, 0, 2, 1, 1, 0, 0, 1, 1, 2, 2, 1, 1, 2, 2, 1, 2, 1, 2, 2, 0, 2, 1, 0, 2, 2, 0, 1, 1, 2, 2], [2, 2, 2, 1, 1, 2, 1, 0, 0, 1, 1, 0, 2, 2, 2, 2, 2, 2, 0, 0, 1, 0, 1, 0, 1, 2, 0, 1, 2, 2, 2, 2, 1, 1, 0, 1, 2, 1, 1, 1]], "final": {"social_welfare": [1.0, 0.5208333333333333, 0.975, 0.7622390262723691], "degree_of_intergration": [1.0, 1.0, 0.925], "number_of_colorful_edges": 0.975}, "steps": 13, "final_world": [[0, 1, 0, 1, 0, 1, 2, 1, 0, 2, 0, 2, 1, 2, 0, 2, 0, 1, 2, 1, 2, 1, 2, 2, 1, 2, 1, 2, 1, 0, 2, 1, 0, 1, 2, 0, 1, 2, 1, 2], [2, 0, 1, 2, 1, 2, 1, 0, 2, 1, 2, 0, 2, 1, 2, 0, 2, 2, 1, 0, 1, 0, 1, 0, 2, 1, 0, 1, 2, 2, 1, 2, 1, 2, 0, 1, 2, 1, 2, 1]]}, "6": {"init": {"social_welfare": [1.0, 0.49583333333333324, 0.7249999999999999, 0.7519745632366505], "degree_of_intergration": [1.0, 0.8, 0.375], "number_of_colorful_edges": 0.725}, "init_world": [[1, 0, 0, 2, 0, 1, 0, 2, 1, 0, 1, 1, 0, 1, 0, 0, 2, 2, 0, 0, 1, 0, 0, 2, 1, 1, 0, 0, 0, 2, 0, 1, 0, 1, 0, 1, 1, 1, 1, 1], [0, 1, 2, 0, 0, 2, 1, 1, 1, 0, 1, 2, 1, 2, 1, 2, 0, 1, 2, 1, 1, 2, 0, 0, 2, 2, 2, 1, 2, 1, 2, 0, 2, 2, 0, 2, 0, 0, 0, 0]], "final": {"social_welfare": [1.0, 0.5499999999999999, 0.9500000000000002, 0.8062143618750447], "degree_of_intergration": [1.0, 1.0, 0.85], "number_of_colorful_edges": 0.95}, "steps": 10, "final_world": [[2, 0, 1, 2, 0, 1, 0, 2, 0, 1, 0, 1, 0, 1, 2, 0, 1, 2, 0, 0, 1, 0, 1, 2, 1, 0, 0, 1, 0, 2, 0, 1, 0, 1, 0, 1, 0, 1, 0, 1], [0, 1, 2, 0, 1, 2, 1, 0, 1, 0, 1, 2, 1, 2, 1, 2, 0, 1, 2, 1, 0, 2, 0, 0, 2, 1, 2, 0, 2, 1, 2, 0, 2, 2, 0, 2, 1, 0, 1, 0]]}, "7": {"init": {"social_welfare": [0.9, 0.41666666666666663, 0.5833333333333334, 0.6410400330803971], "degree_of_intergration": [0.9, 0.65, 0.2], "number_of_colorful_edges": 0.5833333333333334}, "init_world": [[2, 2, 1, 1, 1, 0, 2, 1, 2, 2, 2, 1, 0, 1, 0, 0, 2, 0, 2, 2, 2, 1, 1, 1, 2, 2, 2, 2, 1, 0, 1, 2, 2, 2, 1, 0, 0, 1, 1, 2], [0, 1, 1, 2, 2, 1, 2, 0, 1, 0, 1, 0, 1, 1, 0, 0, 0, 2, 2, 2, 1, 1, 1, 1, 2, 0, 2, 0, 1, 0, 1, 1, 2, 0, 1, 1, 2, 1, 0, 0]], "final": {"social_welfare": [1.0, 0.5125000000000001, 0.9583333333333334, 0.7483988920312987], "degree_of_intergration": [1.0, 0.9875, 0.8875], "number_of_colorful_edges": 0.9583333333333334}, "steps": 12, "final_world": [[0, 1, 2, 1, 1, 0, 1, 1, 2, 1, 2, 1, 0, 1, 2, 0, 2, 0, 2, 1, 2, 1, 2, 1, 0, 2, 0, 2, 1, 2, 1, 2, 1, 2, 1, 0, 1, 2, 1, 2], [2, 0, 1, 0, 2, 1, 2, 0, 1, 0, 1, 0, 1, 2, 0, 2, 0, 2, 1, 2, 1, 2, 1, 0, 2, 0, 2, 0, 1, 0, 2, 1, 2, 0, 1, 1, 2, 1, 0, 1]]}, "8": {"init": {"social_welfare": [0.9875, 0.5499999999999998, 0.7666666666666664, 0.8067361851562934], "degree_of_intergration": [0.9875, 0.85, 0.4625], "number_of_colorful_edges": 0.7666666666666667}, "init_world": [[2, 1, 0, 2, 0, 2, 2, 0, 2, 1, 0, 0, 2, 1, 2, 0, 0, 0, 2, 1, 0, 2, 1, 1, 2, 1, 0, 2, 2, 0, 0, 0, 1, 2, 1, 2, 0, 1, 2, 1], [2, 2, 0, 2, 1, 1, 1, 1, 0, 2, 2, 1, 1, 2, 1, 0, 2, 1, 2, 0, 1, 0, 1, 1, 1, 0, 2, 1, 1, 2, 1, 2, 2, 2, 0, 1, 1, 2, 1, 0]], "final": {"social_welfare": [1.0, 0.5375, 0.9750000000000003, 0.780989026272369], "degree_of_intergration": [1.0, 1.0, 0.925], "number_of_colorful_edges": 0.975}, "steps": 9,