{"0": {"init": {"social_welfare": [0.7125, 0.6124999999999997, 0.29166666666666663, 0.42348192348218133], "degree_of_intergration": [0.7125, 0.1625, 0.0], "number_of_colorful_edges": 0.2916666666666667}, "final": {"social_welfare": [1.0, 0.716666666666666, 0.5916666666666667, 0.6112724714732618], "degree_of_intergration": [1.0, 0.6, 0.175], "number_of_colorful_edges": 0.5916666666666667}, "steps": 6}, "1": {"init": {"social_welfare": [0.5, 0.5, 0.1750000000000001, 0.2589065097321711], "degree_of_intergration": [0.5, 0.025, 0.0], "number_of_colorful_edges": 0.175}, "final": {"social_welfare": [1.0, 0.7499999999999991, 0.6750000000000006, 0.6353770687500506], "degree_of_intergration": [1.0, 0.65, 0.375], "number_of_colorful_edges": 0.675}, "steps": 10}, "2": {"init": {"social_welfare": [0.5625, 0.5291666666666667, 0.2083333333333334, 0.30176110700896014], "degree_of_intergration": [0.5625, 0.05, 0.0125], "number_of_colorful_edges": 0.20833333333333334}, "final": {"social_welfare": [1.0, 0.7333333333333326, 0.6583333333333338, 0.6196038249107643], "degree_of_intergration": [1.0, 0.6125, 0.3625], "number_of_colorful_edges": 0.6583333333333333}, "steps": 11}, "3": {"init": {"social_welfare": [0.4625, 0.5041666666666665, 0.1833333333333334, 0.2629269124553822], "degree_of_intergration": [0.4625, 0.0875, 0.0], "number_of_colorful_edges": 0.18333333333333332}, "final": {"social_welfare": [1.0, 0.7541666666666659, 0.7333333333333332, 0.6512274043527265], "degree_of_intergration": [1.0, 0.8, 0.4], "number_of_colorful_edges": 0.7333333333333333}, "steps": 11}, "4": {"init": {"social_welfare": [0.5375, 0.5291666666666666, 0.2083333333333334, 0.30131637549110085], "degree_of_intergration": [0.5375, 0.0875, 0.0], "number_of_colorful_edges": 0.20833333333333334}, "final": {"social_welfare": [1.0, 0.7541666666666659, 0.7000000000000001, 0.6556925385937967], "degree_of_intergration": [1.0, 0.75, 0.35], "number_of_colorful_edges": 0.7}, "steps": 11}, "5": {"init": {"social_welfare": [0.3875, 0.4708333333333331, 0.15000000000000002, 0.2136740713393067], "degree_of_intergration": [0.3875, 0.0625, 0.0], "number_of_colorful_edges": 0.15}, "final": {"social_welfare": [1.0, 0.7374999999999994, 0.75, 0.6280122701116561], "degree_of_intergration": [1.0, 0.7875, 0.4625], "number_of_colorful_edges": 0.75}, "steps": 12}, "6": {"init": {"social_welfare": [0.5, 0.4999999999999997, 0.19166666666666674, 0.26486002205359827], "degree_of_intergration": [0.5, 0.075, 0.0], "number_of_colorful_edges": 0.19166666666666668}, "final": {"social_welfare": [1.0, 0.7374999999999993, 0.7166666666666669, 0.6280122701116561], "degree_of_intergration": [1.0, 0.75, 0.4], "number_of_colorful_edges": 0.7166666666666667}, "steps": 11}, "7": {"init": {"social_welfare": [0.4875, 0.5041666666666667, 0.17500000000000007, 0.2618832658928847], "degree_of_intergration": [0.4875, 0.0375, 0.0], "number_of_colorful_edges": 0.175}, "final": {"social_welfare": [1.0, 0.7624999999999994, 0.7000000000000003, 0.6516721358705857], "degree_of_intergration": [1.0, 0.7, 0.4], "number_of_colorful_edges": 0.7}, "steps": 11}, "8": {"init": {"social_welfare": [0.7125, 0.5833333333333333, 0.2583333333333334, 0.38397172212057584], "degree_of_intergration": [0.7125, 0.0625, 0.0], "number_of_colorful_edges": 0.25833333333333336}, "final": {"social_welfare": [1.0, 0.7249999999999993, 0.5583333333333333, 0.6057636906696938], "degree_of_intergration": [1.0, 0.4875, 0.1875], "number_of_colorful_edges": 0.5583333333333333}, "steps": 6}, "9": {"init": {"social_welfare": [0.55, 0.5166666666666666, 0.2000000000000001, 0.28747624125003046], "degree_of_intergration": [0.55, 0.05, 0.0], "number_of_colorful_edges": 0.20000000000000004}, "final": {"social_welfare": [1.0, 0.7458333333333326, 0.6750000000000004, 0.638875648192013], "degree_of_intergration": [1.0, 0.6875, 0.3375], "number_of_colorful_edges": 0.675}, "steps": 10}}