{"0": {"init": {"social_welfare": [0.325, 0.44999999999999984, 0.12500000000000003, 0.17870609598216095], "degree_of_intergration": [0.325, 0.0375, 0.0125], "number_of_colorful_edges": 0.125}, "final": {"social_welfare": [1.0, 0.7874999999999994, 0.9833333333333334, 0.6723552454688018], "degree_of_intergration": [1.0, 1.0, 0.95], "number_of_colorful_edges": 0.9833333333333333}, "steps": 27}, "1": {"init": {"social_welfare": [0.55, 0.5166666666666667, 0.18333333333333343, 0.28152272892860336], "degree_of_intergration": [0.55, 0.0, 0.0], "number_of_colorful_edges": 0.18333333333333332}, "final": {"social_welfare": [1.0, 0.8291666666666663, 0.9916666666666666, 0.7266721358705853], "degree_of_intergration": [1.0, 1.0, 0.975], "number_of_colorful_edges": 0.9916666666666667}, "steps": 36}, "2": {"init": {"social_welfare": [0.5375, 0.5291666666666667, 0.2166666666666667, 0.3042931316518144], "degree_of_intergration": [0.5375, 0.1125, 0.0], "number_of_colorful_edges": 0.21666666666666667}, "final": {"social_welfare": [1.0, 0.8374999999999997, 0.9666666666666665, 0.7405122701116555], "degree_of_intergration": [1.0, 1.0, 0.9], "number_of_colorful_edges": 0.9666666666666667}, "steps": 28}, "3": {"init": {"social_welfare": [0.5375, 0.5124999999999997, 0.2000000000000001, 0.28256637549110086], "degree_of_intergration": [0.5375, 0.0625, 0.0], "number_of_colorful_edges": 0.2}, "final": {"social_welfare": [1.0, 0.8249999999999995, 0.9916666666666668, 0.7197520687500503], "degree_of_intergration": [1.0, 1.0, 0.975], "number_of_colorful_edges": 0.9916666666666667}, "steps": 28}, "4": {"init": {"social_welfare": [0.5625, 0.5291666666666667, 0.2166666666666667, 0.3062262412500305], "degree_of_intergration": [0.5625, 0.0875, 0.0], "number_of_colorful_edges": 0.21666666666666667}, "final": {"social_welfare": [1.0, 0.8541666666666663, 0.9916666666666666, 0.7577738920312986], "degree_of_intergration": [1.0, 1.0, 0.975], "number_of_colorful_edges": 0.9916666666666667}, "steps": 33}, "5": {"init": {"social_welfare": [0.45, 0.4916666666666667, 0.17500000000000007, 0.24715366861609572], "degree_of_intergration": [0.45, 0.075, 0.0], "number_of_colorful_edges": 0.175}, "final": {"social_welfare": [1.0, 0.7749999999999992, 0.9750000000000002, 0.6605253125893371], "degree_of_intergration": [1.0, 1.0, 0.925], "number_of_colorful_edges": 0.975}, "steps": 30}, "6": {"init": {"social_welfare": [0.35, 0.44999999999999973, 0.12500000000000003, 0.18212758366073384], "degree_of_intergration": [0.35, 0.025, 0.0], "number_of_colorful_edges": 0.125}, "final": {"social_welfare": [1.0, 0.7958333333333327, 0.9916666666666666, 0.6817302454688016], "degree_of_intergration": [1.0, 1.0, 0.975], "number_of_colorful_edges": 0.9916666666666667}, "steps": 26}, "7": {"init": {"social_welfare": [0.45, 0.49166666666666686, 0.17500000000000004, 0.2456652905357389], "degree_of_intergration": [0.45, 0.0625, 0.0125], "number_of_colorful_edges": 0.17499999999999996}, "final": {"social_welfare": [1.0, 0.8166666666666661, 0.9916666666666666, 0.7103770687500502], "degree_of_intergration": [1.0, 1.0, 0.975], "number_of_colorful_edges": 0.9916666666666667}, "steps": 27}, "8": {"init": {"social_welfare": [0.475, 0.5083333333333335, 0.1916666666666667, 0.2693251562946686], "degree_of_intergration": [0.475, 0.0875, 0.0125], "number_of_colorful_edges": 0.19166666666666668}, "final": {"social_welfare": [1.0, 0.8541666666666664, 0.9916666666666666, 0.7562855139509419], "degree_of_intergration": [1.0, 1.0, 0.975], "number_of_colorful_edges": 0.9916666666666667}, "steps": 29}, "9": {"init": {"social_welfare": [0.6875, 0.6208333333333332, 0.3, 0.432412191964322], "degree_of_intergration": [0.6875, 0.2125, 0.0], "number_of_colorful_edges": 0.3}, "final": {"social_welfare": [1.0, 0.8249999999999995, 0.9833333333333334, 0.7227288249107638], "degree_of_intergration": [1.0, 1.0, 0.95], "number_of_colorful_edges": 0.9833333333333333}, "steps": 32}}