{"0": {"init": {"social_welfare": [0.6825, 0.5966666666666659, 0.2475, 0.38600289792568004], "degree_of_intergration": [0.6825, 0.3025, 0.005, 0.0], "number_of_colorful_edges": 0.2475}, "final": {"social_welfare": [1.0, 0.9316666666666673, 0.96875, 0.8172259164607665], "degree_of_intergration": [1.0, 1.0, 0.99, 0.885], "number_of_colorful_edges": 0.96875}, "steps": 193}, "1": {"init": {"social_welfare": [0.755, 0.6241666666666655, 0.26625, 0.4220967838062986], "degree_of_intergration": [0.755, 0.3075, 0.0025, 0.0], "number_of_colorful_edges": 0.26625}, "final": {"social_welfare": [1.0, 0.9358333333333333, 0.93125, 0.8256784784321964], "degree_of_intergration": [1.0, 1.0, 0.945, 0.78], "number_of_colorful_edges": 0.9312499999999999}, "steps": 189}, "2": {"init": {"social_welfare": [0.635, 0.5733333333333327, 0.2225, 0.3507496722415783], "degree_of_intergration": [0.635, 0.255, 0.0, 0.0], "number_of_colorful_edges": 0.2225}, "final": {"social_welfare": [1.0, 0.9191666666666672, 0.95875, 0.7992505858250512], "degree_of_intergration": [1.0, 1.0, 0.975, 0.86], "number_of_colorful_edges": 0.95875}, "steps": 181}, "3": {"init": {"social_welfare": [0.6675, 0.592499999999999, 0.23625, 0.3752427165934823], "degree_of_intergration": [0.6675, 0.275, 0.0025, 0.0], "number_of_colorful_edges": 0.23625}, "final": {"social_welfare": [1.0, 0.9458333333333334, 0.95125, 0.8384393875893393], "degree_of_intergration": [1.0, 1.0, 0.9725, 0.8325], "number_of_colorful_edges": 0.95125}, "steps": 185}, "4": {"init": {"social_welfare": [0.6675, 0.5799999999999986, 0.23125, 0.36248180743633795], "degree_of_intergration": [0.6675, 0.2525, 0.005, 0.0], "number_of_colorful_edges": 0.23125}, "final": {"social_welfare": [1.0, 0.9200000000000008, 0.955, 0.8069422386393367], "degree_of_intergration": [1.0, 1.0, 0.9775, 0.8425], "number_of_colorful_edges": 0.955}, "steps": 186}, "5": {"init": {"social_welfare": [0.7125, 0.6074999999999986, 0.25, 0.39731073981150156], "degree_of_intergration": [0.7125, 0.285, 0.0025, 0.0], "number_of_colorful_edges": 0.25}, "final": {"social_welfare": [1.0, 0.9166666666666672, 0.9475, 0.795465007303623], "degree_of_intergration": [1.0, 1.0, 0.9575, 0.8325], "number_of_colorful_edges": 0.9475}, "steps": 187}, "6": {"init": {"social_welfare": [0.7125, 0.6149999999999989, 0.26, 0.40942838453293257], "degree_of_intergration": [0.7125, 0.3275, 0.0, 0.0], "number_of_colorful_edges": 0.26}, "final": {"social_welfare": [1.0, 0.9266666666666669, 0.955, 0.8110836023750526], "degree_of_intergration": [1.0, 1.0, 0.98, 0.84], "number_of_colorful_edges": 0.955}, "steps": 198}, "7": {"init": {"social_welfare": [0.6575, 0.5783333333333327, 0.2275, 0.35809393173630144], "degree_of_intergration": [0.6575, 0.2425, 0.01, 0.0], "number_of_colorful_edges": 0.22749999999999995}, "final": {"social_welfare": [1.0, 0.9208333333333338, 0.96125, 0.8029650073036231], "degree_of_intergration": [1.0, 1.0, 0.99, 0.855], "number_of_colorful_edges": 0.96125}, "steps": 185}, "8": {"init": {"social_welfare": [0.75, 0.6216666666666658, 0.26375, 0.4185574947241375], "degree_of_intergration": [0.75, 0.305, 0.0, 0.0], "number_of_colorful_edges": 0.26375}, "final": {"social_welfare": [1.0, 0.935833333333334, 0.945, 0.8199631066036246], "degree_of_intergration": [1.0, 1.0, 0.965, 0.815], "number_of_colorful_edges": 0.945}, "steps": 201}, "9": {"init": {"social_welfare": [0.725, 0.6141666666666658, 0.25625, 0.40701569808119037], "degree_of_intergration": [0.725, 0.3, 0.0, 0.0], "number_of_colorful_edges": 0.25625}, "final": {"social_welfare": [1.0, 0.9408333333333339, 0.94625, 0.8325352139964813], "degree_of_intergration": [1.0, 1.0, 0.9725, 0.8125], "number_of_colorful_edges": 0.94625}, "steps": 183}}