{"0": {"init": {"social_welfare": [0.4, 0.1333333333333333, 0.2, 0.23175206571427798], "degree_of_intergration": [0.4, 0.0], "number_of_colorful_edges": 0.2}, "init_world": [0, 0, 0, 0, 0, 2, 2, 2, 2, 2, 2, 0, 0, 1, 1, 1, 1, 0, 0, 0, 1, 1, 1, 1, 1, 1, 2, 2, 0, 0, 0, 0, 0, 2, 2, 2, 2, 2, 2, 2], "final": {"social_welfare": [1.0, 0.4916666666666666, 1.0, 0.7791745862499898], "degree_of_intergration": [1.0, 1.0], "number_of_colorful_edges": 1.0}, "steps": 15, "final_world": [2, 0, 1, 2, 1, 2, 0, 2, 0, 2, 1, 2, 0, 2, 0, 2, 1, 0, 2, 0, 2, 0, 1, 2, 1, 0, 2, 1, 0, 1, 0, 1, 0, 2, 0, 2, 0, 2, 1, 0]}, "1": {"init": {"social_welfare": [0.75, 0.25, 0.375, 0.43453512321427123], "degree_of_intergration": [0.75, 0.0], "number_of_colorful_edges": 0.375}, "init_world": [1, 1, 2, 2, 0, 0, 0, 1, 1, 0, 0, 2, 2, 2, 1, 1, 1, 0, 0, 1, 1, 1, 1, 2, 2, 2, 2, 2, 1, 1, 0, 0, 2, 2, 2, 0, 0, 0, 1, 1], "final": {"social_welfare": [1.0, 0.49999999999999983, 1.0, 0.7896900821428474], "degree_of_intergration": [1.0, 1.0], "number_of_colorful_edges": 1.0}, "steps": 14, "final_world": [2, 1, 0, 1, 0, 2, 1, 0, 1, 0, 1, 0, 1, 2, 1, 2, 1, 2, 0, 1, 2, 0, 1, 2, 1, 2, 1, 2, 0, 1, 2, 0, 1, 0, 2, 0, 2, 0, 2, 1]}, "2": {"init": {"social_welfare": [0.475, 0.16666666666666663, 0.25, 0.2857210739285627], "degree_of_intergration": [0.475, 0.025], "number_of_colorful_edges": 0.25}, "init_world": [2, 2, 2, 0, 0, 0, 0, 1, 1, 1, 1, 1, 1, 1, 2, 2, 1, 1, 1, 0, 0, 0, 0, 0, 0, 0, 2, 2, 1, 1, 1, 1, 2, 2, 2, 1, 0, 0, 0, 0], "final": {"social_welfare": [1.0, 0.4583333333333335, 1.0, 0.7371126026785593], "degree_of_intergration": [1.0, 1.0], "number_of_colorful_edges": 1.0}, "steps": 13, "final_world": [0, 2, 1, 2, 1, 2, 0, 2, 0, 1, 0, 1, 0, 1, 0, 2, 1, 2, 1, 0, 1, 0, 1, 0, 1, 0, 2, 0, 1, 0, 1, 0, 2, 1, 2, 1, 0, 1, 2, 0]}, "3": {"init": {"social_welfare": [0.6, 0.1999999999999999, 0.3, 0.34762809857141697], "degree_of_intergration": [0.6, 0.0], "number_of_colorful_edges": 0.3}, "init_world": [0, 0, 0, 1, 1, 1, 1, 1, 1, 0, 0, 0, 0, 0, 1, 1, 0, 0, 2, 2, 1, 1, 1, 0, 0, 2, 2, 2, 2, 2, 1, 1, 1, 0, 0, 1, 1, 0, 0, 0], "final": {"social_welfare": [1.0, 0.49166666666666653, 0.9625, 0.7791745862499898], "degree_of_intergration": [1.0, 0.925], "number_of_colorful_edges": 0.9625}, "steps": 13, "final_world": [1, 0, 2, 1, 0, 1, 2, 0, 1, 0, 1, 0, 1, 2, 0, 1, 2, 0, 1, 0, 1, 0, 1, 0, 1, 0, 1, 2, 0, 2, 1, 0, 1, 0, 0, 2, 1, 0, 1, 0]}, "4": {"init": {"social_welfare": [0.475, 0.16666666666666663, 0.25, 0.2857210739285627], "degree_of_intergration": [0.475, 0.025], "number_of_colorful_edges": 0.25}, "init_world": [2, 2, 0, 0, 0, 0, 0, 0, 0, 0, 0, 2, 2, 2, 2, 2, 2, 2, 2, 1, 1, 1, 0, 0, 1, 1, 1, 1, 2, 2, 2, 2, 2, 2, 1, 1, 1, 2, 0, 0], "final": {"social_welfare": [1.0, 0.4583333333333333, 1.0, 0.7371126026785593], "degree_of_intergration": [1.0, 1.0], "number_of_colorful_edges": 1.0}, "steps": 14, "final_world": [1, 2, 0, 2, 0, 2, 0, 2, 0, 2, 0, 2, 0, 2, 0, 2, 0, 1, 2, 1, 0, 2, 0, 2, 1, 2, 0, 1, 2, 1, 2, 1, 0, 2, 1, 2, 1, 2, 1, 0]}, "5": {"init": {"social_welfare": [0.55, 0.18333333333333326, 0.275, 0.3186590903571322], "degree_of_intergration": [0.55, 0.0], "number_of_colorful_edges": 0.275}, "init_world": [0, 0, 0, 1, 1, 1, 1, 1, 2, 2, 2, 2, 2, 2, 0, 0, 0, 0, 0, 2, 2, 1, 1, 2, 2, 0, 0, 1, 1, 1, 1, 2, 2, 1, 1, 0, 0, 0, 0, 0], "final": {"social_welfare": [1.0, 0.5416666666666667, 1.0, 0.8422675616071353], "degree_of_intergration": [1.0, 1.0], "number_of_colorful_edges": 1.0}, "steps": 18, "final_world": [2, 0, 1, 0, 1, 0, 2, 1, 0, 1, 2, 0, 1, 2, 0, 1, 0, 1, 0, 2, 0, 2, 1, 0, 2, 1, 0, 1, 0, 2, 1, 0, 2, 1, 2, 0, 2, 0, 2, 1]}, "6": {"init": {"social_welfare": [0.525, 0.17499999999999993, 0.2625, 0.30417458624998983], "degree_of_intergration": [0.525, 0.0], "number_of_colorful_edges": 0.2625}, "init_world": [0, 0, 0, 0, 0, 0, 1, 1, 1, 1, 0, 0, 0, 1, 1, 1, 1, 0, 0, 2, 2, 2, 2, 2, 2, 2, 0, 0, 0, 2, 2, 0, 0, 0, 0, 0, 2, 2, 0, 0], "final": {"social_welfare": [1.0, 0.42500000000000016, 0.9, 0.6950506191071287], "degree_of_intergration": [1.0, 0.8], "number_of_colorful_edges": 0.9}, "steps": 12, "final_world": [2, 0, 1, 0, 1, 0, 2, 0, 0, 1, 0, 2, 0, 1, 0, 2, 1, 0, 0, 2, 0, 2, 0, 2, 0, 2, 0, 2, 0, 0, 2, 0, 1, 0, 1, 0, 1, 2, 0, 0]}, "7": {"init": {"social_welfare": [0.5, 0.1833333333333333, 0.275, 0.31072107392856274], "degree_of_intergration": [0.5, 0.05], "number_of_colorful_edges": 0.275}, "init_world": [0, 0, 0, 2, 2, 2, 2, 0, 0, 0, 0, 0, 1, 1, 1, 1, 1, 1, 1, 1, 1, 0, 0, 0, 2, 2, 2, 2, 1, 1, 2, 2, 2, 0, 1, 1, 0, 2, 2, 2], "final": {"social_welfare": [1.0, 0.5166666666666667, 1.0, 0.8107210739285626], "degree_of_intergration": [1.0, 1.0], "number_of_colorful_edges": 1.0}, "steps": 14, "final_world": [0, 2, 1, 2, 1, 2, 1, 0, 2, 0, 2, 0, 1, 2, 1, 2, 1, 0, 1, 2, 1, 0, 1, 0, 2, 1, 0, 2, 0, 1, 2, 0, 2, 0, 2, 1, 0, 2, 1, 0]}, "8": {"init": {"social_welfare": [0.525, 0.17499999999999993, 0.2625, 0.30417458624998983], "degree_of_intergration": [0.525, 0.0], "number_of_colorful_edges": 0.2625}, "init_world": [2, 2, 2, 2, 2, 2, 2, 2, 2, 2, 0, 0, 0, 1, 1, 1, 1, 2, 2, 0, 0, 0, 0, 1, 1, 0, 0, 0, 1, 1, 2, 2, 2, 0, 0, 0, 0, 0, 1, 1], "final": {"social_welfare": [1.0, 0.5166666666666664, 1.0, 0.8107210739285626], "degree_of_intergration": [1.0, 1.0], "number_of_colorful_edges": 1.0}, "steps": 13, "final_world": [0, 2, 1, 2, 1, 2, 0, 1, 0, 2, 0, 2, 0, 1, 2, 0, 1, 2, 1, 0, 2, 1, 0, 2, 1, 0, 2, 0, 1, 0, 2, 0, 2, 0, 2, 0, 2, 0, 2, 1]}, "9": {"init": {"social_welfare": [0.575, 0.20833333333333331, 0.3125, 0.3541745862499898], "degree_of_intergration": [0.575, 0.05], "number_of_colorful_edges": 0.3125}, "init_world": [2, 2, 1, 1, 1, 1, 0, 0, 2, 2, 2, 2, 1, 1, 0, 0, 0, 2, 2, 2, 2, 2, 0, 0, 0, 0, 0, 0, 1, 1, 1, 2, 2, 1, 0, 2, 2, 2, 2, 2], "final": {"social_welfare": [1.0, 0.4833333333333335, 0.9625, 0.7686590903571322], "degree_of_intergration": [1.0, 0.925], "number_of_colorful_edges": 0.9625}, "steps": 10, "final_world": [0, 2, 1, 0, 2, 1, 2, 1, 2, 1, 0, 2, 1, 2, 0, 2, 0, 2, 0, 2, 0, 2, 0, 2, 0, 1, 2, 0, 1, 2, 1, 2, 2, 1, 0, 2, 1, 2, 0, 2]}}