{"0": {"init": {"social_welfare": [0.9375, 0.7708333333333328, 0.6, 0.6755632769196834], "degree_of_intergration": [0.9375, 0.6875, 0.175], "number_of_colorful_edges": 0.6}, "final": {"social_welfare": [1.0, 0.8249999999999995, 0.9750000000000002, 0.7242172029911206], "degree_of_intergration": [1.0, 1.0, 0.925], "number_of_colorful_edges": 0.975}, "steps": 21}, "1": {"init": {"social_welfare": [0.925, 0.7916666666666663, 0.6833333333333333, 0.6883597645982562], "degree_of_intergration": [0.925, 0.7375, 0.3875], "number_of_colorful_edges": 0.6833333333333335}, "final": {"social_welfare": [1.0, 0.8416666666666666, 1.0, 0.7399904468304068], "degree_of_intergration": [1.0, 1.0, 1.0], "number_of_colorful_edges": 1.0}, "steps": 22}, "2": {"init": {"social_welfare": [0.9875, 0.7999999999999994, 0.7166666666666666, 0.7100094289955805], "degree_of_intergration": [0.9875, 0.7875, 0.375], "number_of_colorful_edges": 0.7166666666666667}, "final": {"social_welfare": [1.0, 0.8583333333333332, 1.0, 0.7617172029911203], "degree_of_intergration": [1.0, 1.0, 1.0], "number_of_colorful_edges": 1.0}, "steps": 25}, "3": {"init": {"social_welfare": [0.975, 0.7916666666666663, 0.6499999999999997, 0.7071097645982563], "degree_of_intergration": [0.975, 0.7375, 0.2375], "number_of_colorful_edges": 0.65}, "final": {"social_welfare": [1.0, 0.8166666666666662, 1.0, 0.7074003125893367], "degree_of_intergration": [1.0, 1.0, 1.0], "number_of_colorful_edges": 1.0}, "steps": 25}, "4": {"init": {"social_welfare": [0.95, 0.7791666666666662, 0.6583333333333334, 0.6799513193973643], "degree_of_intergration": [0.95, 0.725, 0.3], "number_of_colorful_edges": 0.6583333333333333}, "final": {"social_welfare": [1.0, 0.8249999999999996, 1.0, 0.7182636906696934], "degree_of_intergration": [1.0, 1.0, 1.0], "number_of_colorful_edges": 1.0}, "steps": 23}, "5": {"init": {"social_welfare": [0.95, 0.7958333333333331, 0.6583333333333331, 0.7046548317187912], "degree_of_intergration": [0.95, 0.7375, 0.2875], "number_of_colorful_edges": 0.6583333333333333}, "final": {"social_welfare": [1.0, 0.8499999999999996, 0.9916666666666668, 0.7508538249107636], "degree_of_intergration": [1.0, 1.0, 0.975], "number_of_colorful_edges": 0.9916666666666667}, "steps": 24}, "6": {"init": {"social_welfare": [0.95, 0.8041666666666665, 0.6416666666666668, 0.7110530755580776], "degree_of_intergration": [0.95, 0.7, 0.275], "number_of_colorful_edges": 0.6416666666666667}, "final": {"social_welfare": [1.0, 0.8541666666666663, 1.0, 0.7562855139509419], "degree_of_intergration": [1.0, 1.0, 1.0], "number_of_colorful_edges": 1.0}, "steps": 29}, "7": {"init": {"social_welfare": [0.975, 0.8291666666666664, 0.6749999999999996, 0.7440879413170072], "degree_of_intergration": [0.975, 0.725, 0.325], "number_of_colorful_edges": 0.675}, "final": {"social_welfare": [1.0, 0.8416666666666666, 0.9916666666666668, 0.7399904468304068], "degree_of_intergration": [1.0, 1.0, 0.975], "number_of_colorful_edges": 0.9916666666666667}, "steps": 23}, "8": {"init": {"social_welfare": [0.9625, 0.7791666666666662, 0.6333333333333333, 0.6868713865178996], "degree_of_intergration": [0.9625, 0.7, 0.2375], "number_of_colorful_edges": 0.6333333333333333}, "final": {"social_welfare": [1.0, 0.804166666666666, 1.0, 0.6911052454688017], "degree_of_intergration": [1.0, 1.0, 1.0], "number_of_colorful_edges": 1.0}, "steps": 23}, "9": {"init": {"social_welfare": [0.9875, 0.8291666666666664, 0.6749999999999997, 0.7480312522768289], "degree_of_intergration": [0.9875, 0.75, 0.2875], "number_of_colorful_edges": 0.675}, "final": {"social_welfare": [1.0, 0.8749999999999998, 0.9833333333333334, 0.7849323372321907], "degree_of_intergration": [1.0, 1.0, 0.95], "number_of_colorful_edges": 0.9833333333333333}, "steps": 22}}