{"0": {"init": {"social_welfare": [0.9875, 0.8166666666666661, 0.6666666666666665, 0.7317361851562938], "degree_of_intergration": [0.9875, 0.7625, 0.25], "number_of_colorful_edges": 0.6666666666666666}, "final": {"social_welfare": [1.0, 0.7124999999999992, 0.6166666666666665, 0.5939337577902293], "degree_of_intergration": [1.0, 0.575, 0.275], "number_of_colorful_edges": 0.6166666666666667}, "steps": 8}, "1": {"init": {"social_welfare": [0.975, 0.7791666666666661, 0.625, 0.6803960509152238], "degree_of_intergration": [0.975, 0.65, 0.25], "number_of_colorful_edges": 0.625}, "final": {"social_welfare": [1.0, 0.7541666666666659, 0.6750000000000003, 0.6452738920312994], "degree_of_intergration": [1.0, 0.6875, 0.3375], "number_of_colorful_edges": 0.675}, "steps": 11}, "2": {"init": {"social_welfare": [0.9625, 0.7916666666666662, 0.6916666666666663, 0.7016780755580778], "degree_of_intergration": [0.9625, 0.7875, 0.325], "number_of_colorful_edges": 0.6916666666666667}, "final": {"social_welfare": [1.0, 0.7374999999999993, 0.675, 0.6220587577902291], "degree_of_intergration": [1.0, 0.6625, 0.3625], "number_of_colorful_edges": 0.675}, "steps": 9}, "3": {"init": {"social_welfare": [0.975, 0.7916666666666663, 0.6999999999999998, 0.6952027399554019], "degree_of_intergration": [0.975, 0.7125, 0.4125], "number_of_colorful_edges": 0.7}, "final": {"social_welfare": [1.0, 0.7583333333333327, 0.6916666666666667, 0.6521939591518344], "degree_of_intergration": [1.0, 0.7, 0.375], "number_of_colorful_edges": 0.6916666666666667}, "steps": 12}, "4": {"init": {"social_welfare": [0.9875, 0.8124999999999994, 0.6333333333333331, 0.7263044961161155], "degree_of_intergration": [0.9875, 0.7, 0.2125], "number_of_colorful_edges": 0.6333333333333333}, "final": {"social_welfare": [1.0, 0.7624999999999993, 0.7333333333333334, 0.6576256481920129], "degree_of_intergration": [1.0, 0.7375, 0.4625], "number_of_colorful_edges": 0.7333333333333333}, "steps": 12}, "5": {"init": {"social_welfare": [0.9375, 0.7499999999999994, 0.6166666666666668, 0.6439396974777212], "degree_of_intergration": [0.9375, 0.6625, 0.25], "number_of_colorful_edges": 0.6166666666666667}, "final": {"social_welfare": [1.0, 0.754166666666666, 0.6750000000000002, 0.6452738920312993], "degree_of_intergration": [1.0, 0.6875, 0.3375], "number_of_colorful_edges": 0.675}, "steps": 11}, "6": {"init": {"social_welfare": [0.975, 0.8041666666666663, 0.6916666666666667, 0.7159629413170073], "degree_of_intergration": [0.975, 0.7875, 0.3125], "number_of_colorful_edges": 0.6916666666666667}, "final": {"social_welfare": [1.0, 0.7249999999999993, 0.6749999999999999, 0.6221358495536184], "degree_of_intergration": [1.0, 0.725, 0.3], "number_of_colorful_edges": 0.675}, "steps": 10}, "7": {"init": {"social_welfare": [0.9375, 0.7958333333333328, 0.6083333333333332, 0.6962463865178995], "degree_of_intergration": [0.9375, 0.65, 0.2375], "number_of_colorful_edges": 0.6083333333333333}, "final": {"social_welfare": [1.0, 0.779166666666666, 0.6666666666666667, 0.674887270111656], "degree_of_intergration": [1.0, 0.6875, 0.3125], "number_of_colorful_edges": 0.6666666666666666}, "steps": 10}, "8": {"init": {"social_welfare": [0.9875, 0.7749999999999994, 0.6916666666666664, 0.678907672834867], "degree_of_intergration": [0.9875, 0.7125, 0.375], "number_of_colorful_edges": 0.6916666666666667}, "final": {"social_welfare": [1.0, 0.704166666666666, 0.7833333333333333, 0.5964657824330833], "degree_of_intergration": [1.0, 0.85, 0.5], "number_of_colorful_edges": 0.7833333333333333}, "steps": 13}, "9": {"init": {"social_welfare": [0.9625, 0.8041666666666665, 0.6249999999999999, 0.7164847645982559], "degree_of_intergration": [0.9625, 0.7125, 0.2], "number_of_colorful_edges": 0.625}, "final": {"social_welfare": [1.0, 0.7833333333333329, 0.6666666666666667, 0.6773422029911207], "degree_of_intergration": [1.0, 0.6875, 0.3125], "number_of_colorful_edges": 0.6666666666666666}, "steps": 13}}