{"0": {"init": {"social_welfare": [0.9375, 0.7624999999999996, 0.6083333333333333, 0.6691650330803969], "degree_of_intergration": [0.9375, 0.7125, 0.175], "number_of_colorful_edges": 0.6083333333333333}, "final": {"social_welfare": [1.0, 0.8749999999999998, 0.9833333333333334, 0.7834439591518337], "degree_of_intergration": [1.0, 1.0, 0.95], "number_of_colorful_edges": 0.9833333333333333}, "steps": 36}, "1": {"init": {"social_welfare": [0.9375, 0.8083333333333329, 0.6666666666666663, 0.7244484782812888], "degree_of_intergration": [0.9375, 0.7875, 0.275], "number_of_colorful_edges": 0.6666666666666666}, "final": {"social_welfare": [1.0, 0.8916666666666666, 0.975, 0.805170715312547], "degree_of_intergration": [1.0, 1.0, 0.925], "number_of_colorful_edges": 0.975}, "steps": 33}, "2": {"init": {"social_welfare": [0.9125, 0.741666666666666, 0.5833333333333336, 0.6311432097991486], "degree_of_intergration": [0.9125, 0.6375, 0.2], "number_of_colorful_edges": 0.5833333333333333}, "final": {"social_welfare": [1.0, 0.8583333333333331, 0.9833333333333336, 0.7617172029911202], "degree_of_intergration": [1.0, 1.0, 0.95], "number_of_colorful_edges": 0.9833333333333333}, "steps": 37}, "3": {"init": {"social_welfare": [0.925, 0.7708333333333329, 0.6083333333333334, 0.6671548317187914], "degree_of_intergration": [0.925, 0.6375, 0.2625], "number_of_colorful_edges": 0.6083333333333333}, "final": {"social_welfare": [1.0, 0.8791666666666664, 0.9833333333333332, 0.7903640262723689], "degree_of_intergration": [1.0, 1.0, 0.95], "number_of_colorful_edges": 0.9833333333333333}, "steps": 37}, "4": {"init": {"social_welfare": [0.95, 0.7958333333333328, 0.6499999999999996, 0.6987013193973641], "degree_of_intergration": [0.95, 0.7125, 0.2875], "number_of_colorful_edges": 0.65}, "final": {"social_welfare": [1.0, 0.8541666666666666, 1.0, 0.7562855139509419], "degree_of_intergration": [1.0, 1.0, 1.0], "number_of_colorful_edges": 1.0}, "steps": 33}, "5": {"init": {"social_welfare": [0.9875, 0.8333333333333328, 0.7249999999999998, 0.7534629413170073], "degree_of_intergration": [0.9875, 0.8125, 0.375], "number_of_colorful_edges": 0.725}, "final": {"social_welfare": [1.0, 0.8499999999999996, 1.0, 0.7508538249107636], "degree_of_intergration": [1.0, 1.0, 1.0], "number_of_colorful_edges": 1.0}, "steps": 37}, "6": {"init": {"social_welfare": [0.9875, 0.845833333333333, 0.7249999999999999, 0.7667812522768289], "degree_of_intergration": [0.9875, 0.8, 0.3875], "number_of_colorful_edges": 0.7250000000000001}, "final": {"social_welfare": [1.0, 0.9166666666666666, 0.9416666666666667, 0.8407376057143312], "degree_of_intergration": [1.0, 1.0, 0.825], "number_of_colorful_edges": 0.9416666666666667}, "steps": 36}, "7": {"init": {"social_welfare": [0.9875, 0.8166666666666661, 0.7249999999999998, 0.7421548317187913], "degree_of_intergration": [0.9875, 0.8375, 0.35], "number_of_colorful_edges": 0.7250000000000001}, "final": {"social_welfare": [1.0, 0.8708333333333332, 0.9833333333333334, 0.7824774043527257], "degree_of_intergration": [1.0, 1.0, 0.95], "number_of_colorful_edges": 0.9833333333333333}, "steps": 30}, "8": {"init": {"social_welfare": [0.9625, 0.8208333333333331, 0.6833333333333329, 0.7382115207589696], "degree_of_intergration": [0.9625, 0.8, 0.2875], "number_of_colorful_edges": 0.6833333333333335}, "final": {"social_welfare": [1.0, 0.8624999999999998, 0.9916666666666668, 0.7671488920312987], "degree_of_intergration": [1.0, 1.0, 0.975], "number_of_colorful_edges": 0.9916666666666667}, "steps": 38}, "9": {"init": {"social_welfare": [0.95, 0.8124999999999994, 0.683333333333333, 0.7278699659598618], "degree_of_intergration": [0.95, 0.8125, 0.2875], "number_of_colorful_edges": 0.6833333333333333}, "final": {"social_welfare": [1.0, 0.8708333333333332, 0.9833333333333334, 0.7780122701116554], "degree_of_intergration": [1.0, 1.0, 0.95], "number_of_colorful_edges": 0.9833333333333333}, "steps": 39}}