{"0": {"init": {"social_welfare": [0.9875, 0.8633333333333343, 0.63625, 0.7727116606553643], "degree_of_intergration": [0.9875, 0.865, 0.555, 0.1375], "number_of_colorful_edges": 0.6362500000000001}, "final": {"social_welfare": [1.0, 0.9575000000000009, 0.94375, 0.8577724041393399], "degree_of_intergration": [1.0, 1.0, 0.9825, 0.7925], "number_of_colorful_edges": 0.94375}, "steps": 192}, "1": {"init": {"social_welfare": [0.9925, 0.8808333333333337, 0.6725, 0.7882851027339565], "degree_of_intergration": [0.9925, 0.9, 0.5975, 0.2], "number_of_colorful_edges": 0.6725000000000001}, "final": {"social_welfare": [1.0, 0.9483333333333341, 0.94125, 0.8417486851250534], "degree_of_intergration": [1.0, 1.0, 0.9675, 0.7975], "number_of_colorful_edges": 0.94125}, "steps": 193}, "2": {"init": {"social_welfare": [0.98, 0.8583333333333336, 0.6625, 0.7640440907678386], "degree_of_intergration": [0.98, 0.8825, 0.5825, 0.205], "number_of_colorful_edges": 0.6625}, "final": {"social_welfare": [1.0, 0.9233333333333337, 0.96, 0.8029403379393376], "degree_of_intergration": [1.0, 1.0, 0.97, 0.87], "number_of_colorful_edges": 0.96}, "steps": 194}, "3": {"init": {"social_welfare": [0.99, 0.8683333333333338, 0.65125, 0.7779452515000176], "degree_of_intergration": [0.99, 0.875, 0.575, 0.165], "number_of_colorful_edges": 0.65125}, "final": {"social_welfare": [1.0, 0.932500000000001, 0.9525, 0.8142012470964823], "degree_of_intergration": [1.0, 1.0, 0.97, 0.84], "number_of_colorful_edges": 0.9524999999999999}, "steps": 187}, "4": {"init": {"social_welfare": [0.995, 0.8708333333333346, 0.69, 0.7811382390000357], "degree_of_intergration": [0.995, 0.9075, 0.6375, 0.22], "number_of_colorful_edges": 0.69}, "final": {"social_welfare": [1.0, 0.9300000000000008, 0.965, 0.8173217428679103], "degree_of_intergration": [1.0, 1.0, 0.9825, 0.8775], "number_of_colorful_edges": 0.965}, "steps": 186}, "5": {"init": {"social_welfare": [0.9775, 0.854166666666667, 0.64875, 0.7612630618946149], "degree_of_intergration": [0.9775, 0.8725, 0.5625, 0.1825], "number_of_colorful_edges": 0.64875}, "final": {"social_welfare": [1.0, 0.9308333333333342, 0.96125, 0.8157259164607669], "degree_of_intergration": [1.0, 1.0, 0.985, 0.86], "number_of_colorful_edges": 0.96125}, "steps": 206}, "6": {"init": {"social_welfare": [0.985, 0.8391666666666676, 0.64875, 0.7421792062571413], "degree_of_intergration": [0.985, 0.8575, 0.5625, 0.19], "number_of_colorful_edges": 0.64875}, "final": {"social_welfare": [1.0, 0.9433333333333337, 0.9475, 0.8370352139964828], "degree_of_intergration": [1.0, 1.0, 0.965, 0.825], "number_of_colorful_edges": 0.9475}, "steps": 186}, "7": {"init": {"social_welfare": [0.98, 0.856666666666667, 0.6525, 0.7571408675249799], "degree_of_intergration": [0.98, 0.8525, 0.5825, 0.195], "number_of_colorful_edges": 0.6525}, "final": {"social_welfare": [1.0, 0.9266666666666679, 0.95125, 0.8106073213893371], "degree_of_intergration": [1.0, 1.0, 0.9725, 0.8325], "number_of_colorful_edges": 0.95125}, "steps": 180}, "8": {"init": {"social_welfare": [0.99, 0.8733333333333344, 0.665, 0.7776236192821591], "degree_of_intergration": [0.99, 0.8675, 0.5825, 0.22], "number_of_colorful_edges": 0.665}, "final": {"social_welfare": [1.0, 0.9116666666666673, 0.95875, 0.7900371146964793], "degree_of_intergration": [1.0, 1.0, 0.9825, 0.8525], "number_of_colorful_edges": 0.95875}, "steps": 188}, "9": {"init": {"social_welfare": [0.985, 0.8766666666666674, 0.67625, 0.7854752187607155], "degree_of_intergration": [0.985, 0.9175, 0.595, 0.2075], "number_of_colorful_edges": 0.6762499999999999}, "final": {"social_welfare": [1.0, 0.9175000000000008, 0.9625, 0.8017278171607647], "degree_of_intergration": [1.0, 1.0, 0.9825, 0.8675], "number_of_colorful_edges": 0.9625}, "steps": 183}}