{"0": {"init": {"social_welfare": [0.9975, 0.8791666666666675, 0.7, 0.7967048463946899], "degree_of_intergration": [0.9975, 0.945, 0.63, 0.2275], "number_of_colorful_edges": 0.7}, "final": {"social_welfare": [1.0, 0.9200000000000004, 0.95875, 0.804619656071481], "degree_of_intergration": [1.0, 1.0, 1.0, 0.835], "number_of_colorful_edges": 0.95875}, "steps": 99}, "1": {"init": {"social_welfare": [0.9925, 0.8625000000000006, 0.64625, 0.7692613837196692], "degree_of_intergration": [0.9925, 0.8825, 0.5575, 0.1525], "number_of_colorful_edges": 0.64625}, "final": {"social_welfare": [1.0, 0.929166666666668, 0.96, 0.8145475486786233], "degree_of_intergration": [1.0, 1.0, 1.0, 0.84], "number_of_colorful_edges": 0.96}, "steps": 106}, "2": {"init": {"social_welfare": [0.9925, 0.8658333333333345, 0.6725, 0.7759881398803833], "degree_of_intergration": [0.9925, 0.8825, 0.625, 0.19], "number_of_colorful_edges": 0.6725}, "final": {"social_welfare": [1.0, 0.9325000000000001, 0.95375, 0.8236310404036238], "degree_of_intergration": [1.0, 1.0, 1.0, 0.815], "number_of_colorful_edges": 0.95375}, "steps": 103}, "3": {"init": {"social_welfare": [0.985, 0.8650000000000005, 0.66, 0.7746070988642866], "degree_of_intergration": [0.985, 0.8975, 0.5875, 0.17], "number_of_colorful_edges": 0.6599999999999998}, "final": {"social_welfare": [1.0, 0.9416666666666671, 0.955, 0.8333084578357683], "degree_of_intergration": [1.0, 1.0, 1.0, 0.82], "number_of_colorful_edges": 0.955}, "steps": 101}, "4": {"init": {"social_welfare": [0.99, 0.8666666666666676, 0.66375, 0.77762361928216], "degree_of_intergration": [0.99, 0.885, 0.59, 0.19], "number_of_colorful_edges": 0.66375}, "final": {"social_welfare": [1.0, 0.9208333333333336, 0.97, 0.8020712676929115], "degree_of_intergration": [1.0, 1.0, 1.0, 0.88], "number_of_colorful_edges": 0.97}, "steps": 108}, "5": {"init": {"social_welfare": [0.9925, 0.8666666666666675, 0.65625, 0.7740488629410959], "degree_of_intergration": [0.9925, 0.8675, 0.61, 0.155], "number_of_colorful_edges": 0.65625}, "final": {"social_welfare": [1.0, 0.9283333333333342, 0.95625, 0.8196908131143374], "degree_of_intergration": [1.0, 1.0, 1.0, 0.825], "number_of_colorful_edges": 0.95625}, "steps": 106}, "6": {"init": {"social_welfare": [0.995, 0.8675000000000007, 0.65375, 0.77544753653575], "degree_of_intergration": [0.995, 0.8925, 0.5425, 0.185], "number_of_colorful_edges": 0.65375}, "final": {"social_welfare": [1.0, 0.9275000000000004, 0.94625, 0.8167619701571961], "degree_of_intergration": [1.0, 1.0, 1.0, 0.785], "number_of_colorful_edges": 0.94625}, "steps": 108}, "7": {"init": {"social_welfare": [0.9875, 0.8616666666666675, 0.645, 0.7711746566089377], "degree_of_intergration": [0.9875, 0.885, 0.5425, 0.165], "number_of_colorful_edges": 0.645}, "final": {"social_welfare": [1.0, 0.9500000000000007, 0.945, 0.8498207925179109], "degree_of_intergration": [1.0, 1.0, 1.0, 0.78], "number_of_colorful_edges": 0.945}, "steps": 101}, "8": {"init": {"social_welfare": [0.9875, 0.8741666666666673, 0.65875, 0.780316970694652], "degree_of_intergration": [0.9875, 0.895, 0.55, 0.2025], "number_of_colorful_edges": 0.65875}, "final": {"social_welfare": [1.0, 0.9441666666666678, 0.94375, 0.8425712676929089], "degree_of_intergration": [1.0, 1.0, 1.0, 0.775], "number_of_colorful_edges": 0.94375}, "steps": 97}, "9": {"init": {"social_welfare": [0.9925, 0.8583333333333344, 0.68, 0.7685716316053833], "degree_of_intergration": [0.9925, 0.89, 0.615, 0.2225], "number_of_colorful_edges": 0.68}, "final": {"social_welfare": [1.0, 0.9233333333333336, 0.9675, 0.8044403379393384], "degree_of_intergration": [1.0, 1.0, 1.0, 0.87], "number_of_colorful_edges": 0.9675}, "steps": 100}}