{"0": {"init": {"social_welfare": [0.9825, 0.8458333333333337, 0.6525, 0.752254912948204], "degree_of_intergration": [0.9825, 0.875, 0.5725, 0.18], "number_of_colorful_edges": 0.6525}, "final": {"social_welfare": [1.0, 0.7599999999999999, 0.5575, 0.6255532507786171], "degree_of_intergration": [1.0, 0.725, 0.325, 0.18], "number_of_colorful_edges": 0.5575000000000001}, "steps": 33}, "1": {"init": {"social_welfare": [0.99, 0.883333333333334, 0.67375, 0.7933380407607312], "degree_of_intergration": [0.99, 0.885, 0.63, 0.19], "number_of_colorful_edges": 0.67375}, "final": {"social_welfare": [1.0, 0.7758333333333332, 0.57875, 0.6435997384571901], "degree_of_intergration": [1.0, 0.7675, 0.3625, 0.185], "number_of_colorful_edges": 0.57875}, "steps": 34}, "2": {"init": {"social_welfare": [0.99, 0.8825000000000003, 0.6625, 0.7952773177000185], "degree_of_intergration": [0.99, 0.9075, 0.5875, 0.165], "number_of_colorful_edges": 0.6625}, "final": {"social_welfare": [1.0, 0.7683333333333333, 0.57375, 0.6317078995464747], "degree_of_intergration": [1.0, 0.735, 0.3575, 0.2025], "number_of_colorful_edges": 0.57375}, "steps": 33}, "3": {"init": {"social_welfare": [0.9925, 0.8816666666666676, 0.68375, 0.7976067349518131], "degree_of_intergration": [0.9925, 0.92, 0.645, 0.1775], "number_of_colorful_edges": 0.6837500000000002}, "final": {"social_welfare": [1.0, 0.7583333333333335, 0.52, 0.6232306682107617], "degree_of_intergration": [1.0, 0.7075, 0.245, 0.1275], "number_of_colorful_edges": 0.52}, "steps": 26}, "4": {"init": {"social_welfare": [0.98, 0.8766666666666671, 0.675, 0.7790440907678392], "degree_of_intergration": [0.98, 0.8875, 0.61, 0.2225], "number_of_colorful_edges": 0.675}, "final": {"social_welfare": [1.0, 0.7866666666666668, 0.57125, 0.6510162467321906], "degree_of_intergration": [1.0, 0.7575, 0.3325, 0.195], "number_of_colorful_edges": 0.5712499999999999}, "steps": 35}, "5": {"init": {"social_welfare": [0.9925, 0.8750000000000007, 0.66, 0.7849634705160986], "degree_of_intergration": [0.9925, 0.8975, 0.565, 0.185], "number_of_colorful_edges": 0.66}, "final": {"social_welfare": [1.0, 0.7858333333333332, 0.55875, 0.6528132095857626], "degree_of_intergration": [1.0, 0.765, 0.305, 0.165], "number_of_colorful_edges": 0.5587500000000001}, "steps": 30}, "6": {"init": {"social_welfare": [0.985, 0.851666666666667, 0.63125, 0.7583452393571425], "degree_of_intergration": [0.985, 0.87, 0.5325, 0.1375], "number_of_colorful_edges": 0.6312500000000001}, "final": {"social_welfare": [1.0, 0.7649999999999996, 0.59625, 0.6383141599357612], "degree_of_intergration": [1.0, 0.7925, 0.3875, 0.205], "number_of_colorful_edges": 0.5962500000000001}, "steps": 40}, "7": {"init": {"social_welfare": [0.99, 0.8775000000000008, 0.67, 0.7876473382964465], "degree_of_intergration": [0.99, 0.8775, 0.6125, 0.2], "number_of_colorful_edges": 0.67}, "final": {"social_welfare": [1.0, 0.7641666666666665, 0.605, 0.630291391271474], "degree_of_intergration": [1.0, 0.7725, 0.4125, 0.235], "number_of_colorful_edges": 0.605}, "steps": 36}, "8": {"init": {"social_welfare": [0.985, 0.8708333333333337, 0.6675, 0.7806317682285695], "degree_of_intergration": [0.985, 0.885, 0.61, 0.19], "number_of_colorful_edges": 0.6675}, "final": {"social_welfare": [1.0, 0.7733333333333335, 0.5475, 0.6421708955000476], "degree_of_intergration": [1.0, 0.745, 0.2925, 0.1525], "number_of_colorful_edges": 0.5475}, "steps": 27}, "9": {"init": {"social_welfare": [0.975, 0.8550000000000001, 0.64375, 0.7579810826713921], "degree_of_intergration": [0.975, 0.875, 0.5425, 0.1825], "number_of_colorful_edges": 0.64375}, "final": {"social_welfare": [1.0, 0.7758333333333332, 0.53625, 0.6406832301821904], "degree_of_intergration": [1.0, 0.7225, 0.285, 0.1375], "number_of_colorful_edges": 0.5362500000000001}, "steps": 26}}