{"0": {"init": {"social_welfare": [0.95, 0.4249999999999998, 0.6083333333333334, 0.657258008437543], "degree_of_intergration": [0.95, 0.65, 0.225], "number_of_colorful_edges": 0.6083333333333333}, "init_world": [[2, 1, 1, 0, 1, 2, 0, 0, 1, 1, 1, 0, 2, 1, 1, 0, 2, 2, 0, 1, 2, 1, 2, 2, 1, 1, 0, 1, 2, 0, 1, 0, 2, 2, 0, 0, 0, 0, 2, 0], [0, 0, 0, 2, 2, 0, 2, 2, 0, 0, 1, 1, 1, 1, 2, 2, 2, 1, 1, 0, 1, 1, 1, 2, 2, 2, 0, 1, 2, 2, 0, 2, 2, 0, 0, 2, 0, 0, 0, 0]], "final": {"social_welfare": [1.0, 0.5416666666666666, 0.9916666666666666, 0.7834439591518337], "degree_of_intergration": [1.0, 1.0, 0.975], "number_of_colorful_edges": 0.9916666666666667}, "steps": 28, "final_world": [[2, 0, 2, 0, 1, 2, 1, 0, 2, 1, 2, 0, 2, 0, 2, 0, 1, 2, 0, 2, 0, 2, 0, 1, 2, 1, 2, 0, 1, 0, 1, 0, 1, 2, 1, 0, 1, 0, 2, 0], [0, 2, 0, 1, 2, 0, 2, 2, 1, 0, 1, 2, 1, 2, 0, 2, 0, 1, 2, 0, 1, 0, 1, 2, 1, 2, 0, 1, 2, 1, 0, 2, 0, 1, 0, 2, 0, 1, 0, 1]]}, "1": {"init": {"social_welfare": [0.9625, 0.48333333333333395, 0.6166666666666667, 0.7223611851562939], "degree_of_intergration": [0.9625, 0.65, 0.2375], "number_of_colorful_edges": 0.6166666666666667}, "init_world": [[1, 0, 1, 1, 1, 1, 2, 1, 1, 1, 1, 2, 2, 1, 0, 0, 0, 0, 0, 2, 2, 0, 0, 1, 1, 0, 2, 0, 2, 1, 2, 1, 0, 0, 0, 0, 2, 0, 2, 1], [2, 0, 2, 0, 0, 2, 2, 0, 1, 2, 0, 0, 1, 1, 2, 1, 2, 0, 1, 2, 2, 0, 1, 1, 2, 2, 1, 1, 1, 0, 0, 0, 0, 1, 0, 1, 1, 1, 1, 1]], "final": {"social_welfare": [1.0, 0.5583333333333333, 0.9583333333333333, 0.8066590933929039], "degree_of_intergration": [1.0, 0.975, 0.9], "number_of_colorful_edges": 0.9583333333333334}, "steps": 28, "final_world": [[0, 1, 0, 2, 1, 0, 2, 1, 0, 1, 1, 2, 0, 1, 0, 2, 0, 1, 0, 1, 0, 1, 0, 2, 1, 0, 1, 0, 2, 1, 0, 1, 2, 0, 1, 0, 1, 0, 2, 1], [2, 0, 2, 1, 0, 1, 2, 0, 1, 2, 1, 0, 1, 0, 2, 1, 2, 0, 1, 2, 1, 0, 2, 1, 0, 1, 0, 2, 1, 2, 1, 2, 0, 1, 0, 2, 0, 2, 1, 1]]}, "2": {"init": {"social_welfare": [0.9375, 0.4666666666666665, 0.683333333333333, 0.7120967221205753], "degree_of_intergration": [0.9375, 0.8, 0.3125], "number_of_colorful_edges": 0.6833333333333333}, "init_world": [[0, 0, 1, 1, 0, 0, 1, 0, 0, 1, 1, 0, 2, 0, 1, 2, 2, 2, 1, 2, 0, 0, 0, 1, 0, 1, 0, 2, 1, 2, 0, 0, 0, 2, 0, 0, 2, 1, 1, 0], [0, 1, 2, 0, 1, 1, 0, 2, 0, 2, 2, 2, 1, 1, 2, 2, 2, 1, 1, 1, 0, 1, 0, 1, 1, 1, 1, 0, 0, 1, 2, 1, 1, 0, 2, 1, 1, 0, 1, 2]], "final": {"social_welfare": [1.0, 0.5624999999999999, 0.9833333333333334, 0.8106024043527256], "degree_of_intergration": [1.0, 1.0, 0.95], "number_of_colorful_edges": 0.9833333333333333}, "steps": 19, "final_world": [[1, 2, 0, 1, 2, 0, 1, 0, 1, 0, 1, 0, 1, 0, 1, 0, 1, 0, 1, 0, 1, 0, 1, 2, 0, 1, 0, 2, 1, 0, 1, 2, 0, 2, 1, 0, 2, 1, 2, 0], [0, 1, 2, 0, 1, 2, 0, 2, 0, 2, 0, 2, 0, 1, 0, 1, 2, 1, 2, 1, 0, 1, 0, 1, 1, 2, 1, 0, 2, 1, 2, 0, 1, 0, 2, 1, 1, 0, 1, 2]]}, "3": {"init": {"social_welfare": [0.95, 0.4625, 0.6999999999999997, 0.7106083440402184], "degree_of_intergration": [0.95, 0.825, 0.325], "number_of_colorful_edges": 0.7}, "init_world": [[2, 1, 2, 1, 0, 0, 1, 1, 2, 2, 0, 1, 0, 1, 2, 1, 2, 1, 1, 0, 1, 0, 2, 2, 2, 2, 1, 2, 2, 2, 1, 0, 0, 2, 0, 1, 1, 0, 0, 0], [1, 2, 2, 2, 1, 1, 2, 1, 2, 0, 2, 0, 1, 0, 2, 1, 0, 2, 0, 2, 2, 0, 0, 2, 2, 1, 0, 2, 0, 2, 0, 0, 1, 1, 0, 2, 2, 1, 0, 1]], "final": {"social_welfare": [1.0, 0.5249999999999999, 0.9916666666666666, 0.7617172029911202], "degree_of_intergration": [1.0, 1.0, 0.975], "number_of_colorful_edges": 0.9916666666666667}, "steps": 22, "final_world": [[2, 1, 2, 1, 2, 0, 1, 2, 1, 2, 1, 2, 0, 2, 0, 1, 2, 1, 2, 0, 1, 0, 2, 0, 1, 2, 1, 0, 2, 0, 1, 2, 1, 2, 1, 0, 1, 0, 2, 0], [0, 2, 0, 2, 0, 1, 2, 1, 2, 0, 2, 0, 2, 0, 2, 1, 0, 2, 0, 1, 2, 1, 0, 1, 2, 1, 0, 2, 0, 2, 0, 1, 2, 1, 0, 1, 2, 1, 0, 2]]}, "4": {"init": {"social_welfare": [0.975, 0.5125000000000001, 0.7083333333333334, 0.764326319397364], "degree_of_intergration": [0.975, 0.8, 0.35], "number_of_colorful_edges": 0.7083333333333334}, "init_world": [[0, 2, 1, 2, 0, 2, 2, 1, 1, 2, 1, 2, 0, 0, 0, 2, 1, 2, 1, 2, 1, 2, 2, 0, 0, 0, 0, 2, 2, 1, 2, 1, 0, 2, 2, 0, 2, 0, 2, 1], [0, 2, 0, 0, 1, 2, 1, 2, 0, 1, 2, 0, 1, 2, 0, 0, 2, 2, 2, 0, 1, 1, 1, 1, 1, 0, 0, 1, 0, 0, 0, 1, 0, 1, 1, 1, 2, 0, 1, 2]], "final": {"social_welfare": [1.0, 0.5999999999999999, 0.9583333333333334, 0.8594876057143311], "degree_of_intergration": [1.0, 1.0, 0.875], "number_of_colorful_edges": 0.9583333333333334}, "steps": 18, "final_world": [[0, 2, 1, 2, 0, 1, 0, 2, 1, 0, 1, 2, 0, 1, 0, 2, 0, 2, 1, 2, 1, 0, 2, 1, 0, 2, 0, 2, 2, 1, 2, 1, 0, 2, 1, 0, 2, 1, 0, 1], [0, 1, 2, 0, 1, 2, 1, 2, 0, 1, 2, 0, 1, 2, 1, 0, 2, 0, 2, 0, 2, 1, 0, 2, 1, 0, 2, 1, 0, 2, 0, 2, 0, 1, 0, 1, 2, 0, 1, 2]]}, "5": {"init": {"social_welfare": [0.9375, 0.4124999999999999, 0.633333333333333, 0.6593453015625377], "degree_of_intergration": [0.9375, 0.775, 0.1875], "number_of_colorful_edges": 0.6333333333333333}, "init_world": [[1, 2, 2, 1, 2, 0, 2, 0, 0, 2, 0, 0, 0, 0, 0, 1, 2, 1, 1, 0, 0, 1, 0, 0, 2, 2, 1, 2, 2, 1, 2, 2, 1, 2, 1, 1, 0, 1, 2, 1], [1, 2, 0, 2, 0, 0, 0, 2, 2, 2, 2, 0, 2, 2, 2, 0, 2, 0, 0, 1, 1, 0, 0, 1, 1, 0, 1, 2, 1, 0, 2, 1, 1, 1, 2, 0, 0, 0, 2, 1]], "final": {"social_welfare": [1.0, 0.5624999999999997, 0.9833333333333336, 0.8106024043527256], "degree_of_intergration": [1.0, 1.0, 0.95], "number_of_colorful_edges": 0.9833333333333333}, "steps": 22, "final_world": [[2, 0, 2, 0, 2, 0, 2, 1, 0, 2, 0, 2, 1, 2, 0, 1, 0, 1, 2, 0, 2, 1, 2, 1, 0, 2, 1, 0, 2, 1, 0, 2, 1, 2, 0, 1, 0, 1, 0, 1], [0, 2, 0, 2, 0, 1, 0, 2, 1, 0, 2, 0, 2, 1, 2, 0, 2, 0, 1, 2, 1, 2, 0, 2, 1, 0, 1, 2, 1, 0, 2, 1, 0, 1, 2, 0, 1, 0, 2, 1]]}, "6": {"init": {"social_welfare": [0.9625, 0.48333333333333356, 0.6499999999999999, 0.7268263193973642], "degree_of_intergration": [0.9625, 0.7375, 0.25], "number_of_colorful_edges": 0.65}, "init_world": [[0, 2, 2, 1, 0, 0, 1, 1, 1, 2, 0, 0, 2, 0, 1, 0, 1, 1, 0, 2, 1, 2, 1, 1, 0, 0, 0, 2, 2, 0, 1, 2, 2, 0, 2, 0, 0, 0, 2, 0], [1, 1, 0, 1, 0, 2, 1, 2, 0, 2, 0, 2, 1, 2, 0, 0, 1, 2, 0, 1, 1, 1, 1, 1, 0, 1, 0, 1, 1, 1, 1, 1, 1, 1, 0, 2, 2, 1, 1, 2]], "final": {"social_welfare": [1.0, 0.5208333333333336, 0.975, 0.7592622701116556], "degree_of_intergration": [1.0, 1.0, 0.925], "number_of_colorful_edges": 0.975}, "steps": 22, "final_world": [[0, 2, 1, 0, 1, 0, 2, 1, 2, 0, 1, 0, 2, 0, 1, 0, 2, 1, 1, 2, 1, 2, 1, 0, 1, 0, 1, 0, 1, 0, 1, 0, 2, 0, 1, 0, 1, 0, 2, 1], [1, 1, 0, 1, 0, 2, 1, 2, 1, 2, 0, 2, 1, 2, 0, 2, 1, 2, 0, 1, 0, 1, 0, 1, 0, 1, 0, 2, 0, 1, 2, 1, 0, 2, 0, 1, 2, 1, 1, 2]]}, "7": {"init": {"social_welfare": [0.9625, 0.4708333333333333, 0.6666666666666666, 0.7135080084375427], "degree_of_intergration": [0.9625, 0.75, 0.2875], "number_of_colorful_edges": 0.6666666666666666}, "init_world": [[0, 0, 0, 1, 2, 1, 0, 1, 2, 1, 0, 0, 0, 2, 0, 0, 2, 0, 1, 0, 2, 0, 1, 2, 0, 0, 0, 1, 0, 2, 1, 0, 1, 1, 0, 0, 0, 2, 1, 0], [1, 1, 2, 2, 0, 0, 0, 0, 0, 1, 1, 1, 2, 2, 1, 0, 0, 0, 0, 1, 0, 2, 0, 2, 1, 2, 2, 0, 0, 2, 0, 0, 0, 0, 1, 1, 0, 1, 2, 1]], "final": {"social_welfare": [1.0, 0.5250000000000001, 0.875, 0.7736242276339746], "degree_of_intergration": [1.0, 0.925, 0.7], "number_of_colorful_edges": 0.875}, "steps": 14, "final_world": [[1, 2, 0, 1, 2, 1, 0, 1, 2, 1, 0, 2, 1, 0, 2, 1, 2, 0, 1, 0, 2, 0, 1, 0, 2, 0, 0, 1, 0, 2, 1, 0, 0, 1, 0, 0, 0, 2, 1, 0], [0, 1, 0, 2, 0, 0, 2, 0, 0, 0, 2, 0, 0, 2, 1, 0, 0, 1, 0, 1, 0, 2, 0, 2, 0, 2, 1, 0, 0, 1, 0, 1, 0, 0, 2, 1, 0, 1, 0, 1]]}, "8": {"init": {"social_welfare": [0.925, 0.4541666666666668, 0.7083333333333333, 0.6888815878795052], "degree_of_intergration": [0.925, 0.7625, 0.4375], "number_of_colorful_edges": 0.7083333333333334}, "init_world": [[2, 0, 1, 2, 0, 1, 0, 1, 0, 2, 1, 1, 0, 0, 1, 2, 1, 0, 2, 2, 1, 2, 0, 2, 1, 2, 1, 1, 0, 2, 1, 0, 2, 1, 0, 1, 1, 1, 0, 0], [1, 2, 0, 0, 2, 1, 2, 0, 0, 0, 1, 0, 1, 0, 0, 0, 0, 1, 0, 1, 2, 1, 1, 0, 2, 2, 2, 2, 2, 0, 2, 1, 2, 1, 1, 1, 1, 1, 1, 1]], "final": {"social_welfare": [1.0, 0.5208333333333333, 0.975, 0.7577738920312987], "degree_of_intergration": [1.0, 0.9875, 0.9375], "number_of_colorful_edges": 0.975}, "steps": 17,