{"0": {"init": {"social_welfare": [0.925, 0.41249999999999976, 0.6083333333333331, 0.6420065878795052], "degree_of_intergration": [0.925, 0.6625, 0.2375], "number_of_colorful_edges": 0.6083333333333333}, "init_world": [[2, 2, 2, 2, 2, 0, 1, 0, 0, 0, 1, 0, 2, 2, 2, 0, 2, 2, 1, 2, 1, 2, 2, 2, 2, 1, 1, 1, 2, 0, 0, 0, 1, 2, 0, 2, 2, 0, 2, 1], [1, 2, 2, 1, 0, 1, 2, 0, 0, 0, 1, 2, 2, 0, 2, 2, 1, 2, 1, 2, 1, 2, 1, 2, 1, 2, 2, 1, 2, 1, 0, 2, 0, 0, 0, 1, 1, 1, 0, 1]], "final": {"social_welfare": [1.0, 0.5041666666666669, 0.9916666666666666, 0.7345587577902286], "degree_of_intergration": [1.0, 1.0, 0.975], "number_of_colorful_edges": 0.9916666666666667}, "steps": 20, "final_world": [[2, 0, 1, 2, 1, 2, 1, 0, 2, 1, 0, 2, 0, 2, 1, 0, 2, 0, 2, 0, 2, 1, 2, 0, 2, 1, 2, 1, 2, 0, 2, 0, 2, 0, 1, 2, 1, 0, 2, 1], [1, 2, 0, 1, 2, 1, 0, 2, 0, 2, 1, 0, 2, 0, 2, 2, 1, 2, 1, 2, 1, 2, 1, 2, 1, 2, 1, 2, 1, 2, 0, 2, 0, 2, 0, 1, 2, 1, 0, 2]]}, "1": {"init": {"social_welfare": [0.95, 0.4666666666666667, 0.6416666666666668, 0.7071097645982563], "degree_of_intergration": [0.95, 0.7, 0.275], "number_of_colorful_edges": 0.6416666666666667}, "init_world": [[0, 2, 1, 0, 2, 1, 1, 1, 1, 0, 2, 1, 0, 0, 1, 2, 0, 1, 2, 0, 2, 2, 2, 0, 2, 0, 1, 0, 2, 2, 2, 1, 1, 0, 1, 2, 0, 2, 0, 2], [0, 2, 2, 0, 2, 1, 0, 1, 2, 1, 0, 0, 0, 1, 2, 2, 1, 2, 2, 0, 0, 2, 2, 0, 2, 1, 2, 1, 2, 2, 1, 1, 1, 0, 1, 1, 1, 2, 0, 1]], "final": {"social_welfare": [1.0, 0.5499999999999999, 1.0, 0.7943073372321904], "degree_of_intergration": [1.0, 1.0, 1.0], "number_of_colorful_edges": 1.0}, "steps": 17, "final_world": [[1, 2, 0, 2, 1, 2, 1, 2, 1, 0, 2, 0, 1, 0, 1, 2, 0, 1, 2, 0, 2, 1, 2, 1, 0, 2, 1, 0, 2, 1, 2, 1, 0, 2, 1, 2, 0, 2, 0, 2], [0, 1, 2, 0, 2, 1, 0, 1, 2, 1, 0, 2, 0, 1, 2, 0, 1, 2, 0, 2, 0, 2, 1, 0, 2, 1, 2, 1, 0, 2, 1, 2, 1, 0, 2, 0, 1, 0, 2, 1]]}, "2": {"init": {"social_welfare": [0.875, 0.4124999999999999, 0.5999999999999999, 0.6351636125223593], "degree_of_intergration": [0.875, 0.675, 0.25], "number_of_colorful_edges": 0.6}, "init_world": [[0, 1, 0, 0, 1, 1, 0, 2, 1, 1, 1, 1, 2, 1, 0, 1, 1, 1, 1, 1, 2, 0, 1, 0, 2, 2, 1, 1, 1, 0, 0, 2, 2, 1, 2, 2, 0, 1, 0, 2], [2, 2, 0, 0, 2, 0, 2, 2, 2, 1, 1, 1, 1, 0, 2, 0, 0, 1, 1, 0, 0, 1, 0, 1, 1, 1, 2, 2, 0, 0, 0, 0, 1, 0, 0, 0, 1, 1, 1, 2]], "final": {"social_welfare": [1.0, 0.5125000000000003, 1.0, 0.7454221358705853], "degree_of_intergration": [1.0, 1.0, 1.0], "number_of_colorful_edges": 1.0}, "steps": 21, "final_world": [[2, 0, 1, 0, 1, 2, 0, 2, 1, 0, 1, 0, 2, 1, 0, 1, 0, 1, 0, 1, 2, 0, 1, 0, 1, 2, 1, 0, 1, 0, 2, 1, 2, 1, 2, 1, 0, 1, 0, 1], [1, 2, 0, 1, 2, 0, 2, 1, 2, 1, 0, 2, 1, 0, 2, 0, 1, 2, 1, 2, 0, 1, 0, 1, 0, 1, 2, 1, 0, 1, 0, 2, 1, 0, 1, 0, 1, 0, 1, 2]]}, "3": {"init": {"social_welfare": [0.9875, 0.49583333333333324, 0.7333333333333332, 0.7391009837946882], "degree_of_intergration": [0.9875, 0.8, 0.4125], "number_of_colorful_edges": 0.7333333333333333}, "init_world": [[0, 1, 1, 2, 2, 2, 0, 1, 0, 2, 0, 2, 0, 2, 0, 2, 1, 0, 2, 1, 2, 1, 2, 0, 1, 0, 2, 1, 0, 1, 1, 1, 2, 1, 0, 1, 1, 0, 2, 0], [1, 0, 0, 0, 0, 1, 1, 1, 2, 0, 0, 1, 2, 1, 2, 2, 1, 2, 2, 2, 0, 2, 0, 2, 0, 1, 0, 1, 2, 1, 2, 1, 1, 1, 0, 1, 2, 0, 1, 1]], "final": {"social_welfare": [1.0, 0.5291666666666667, 0.9916666666666666, 0.7671488920312987], "degree_of_intergration": [1.0, 1.0, 0.975], "number_of_colorful_edges": 0.9916666666666667}, "steps": 15, "final_world": [[2, 1, 0, 2, 1, 2, 1, 2, 0, 1, 0, 2, 0, 2, 0, 2, 1, 0, 2, 1, 2, 1, 2, 0, 1, 0, 1, 2, 0, 2, 1, 0, 1, 0, 1, 0, 1, 1, 2, 0], [1, 0, 2, 1, 0, 1, 2, 1, 2, 0, 1, 0, 2, 1, 2, 1, 0, 2, 1, 2, 0, 2, 0, 1, 0, 1, 0, 1, 2, 1, 2, 1, 0, 1, 0, 1, 2, 0, 1, 2]]}, "4": {"init": {"social_welfare": [0.9375, 0.4583333333333333, 0.6083333333333332, 0.6893263193973642], "degree_of_intergration": [0.9375, 0.625, 0.2625], "number_of_colorful_edges": 0.6083333333333333}, "init_world": [[2, 1, 0, 0, 1, 1, 0, 2, 2, 1, 1, 1, 0, 2, 0, 0, 1, 2, 1, 1, 1, 0, 0, 2, 1, 1, 2, 0, 0, 0, 2, 2, 1, 0, 2, 2, 0, 2, 1, 0], [0, 0, 0, 0, 0, 1, 2, 2, 0, 1, 1, 0, 2, 2, 1, 0, 2, 0, 1, 2, 0, 0, 0, 2, 1, 1, 1, 0, 1, 0, 0, 2, 1, 0, 1, 0, 2, 1, 1, 2]], "final": {"social_welfare": [1.0, 0.5458333333333332, 1.0, 0.7888756481920121], "degree_of_intergration": [1.0, 1.0, 1.0], "number_of_colorful_edges": 1.0}, "steps": 23, "final_world": [[2, 0, 1, 2, 1, 0, 1, 0, 2, 1, 0, 1, 0, 2, 0, 2, 0, 1, 2, 0, 1, 0, 2, 1, 0, 1, 2, 1, 0, 1, 2, 0, 2, 1, 2, 1, 0, 2, 1, 0], [0, 2, 0, 1, 0, 1, 0, 2, 1, 0, 1, 0, 2, 0, 1, 0, 2, 0, 1, 2, 0, 1, 0, 2, 1, 0, 1, 0, 1, 2, 0, 2, 1, 0, 1, 0, 2, 1, 0, 2]]}, "5": {"init": {"social_welfare": [0.9625, 0.4833333333333332, 0.6499999999999998, 0.7357565878795048], "degree_of_intergration": [0.9625, 0.75, 0.2375], "number_of_colorful_edges": 0.65}, "init_world": [[1, 0, 0, 1, 2, 2, 0, 2, 0, 1, 1, 2, 2, 2, 2, 2, 2, 1, 0, 1, 2, 0, 0, 0, 1, 2, 1, 0, 2, 1, 0, 0, 0, 1, 2, 2, 1, 2, 2, 1], [0, 0, 0, 0, 1, 2, 1, 2, 1, 2, 2, 1, 1, 2, 0, 0, 1, 2, 2, 1, 2, 2, 2, 2, 1, 0, 2, 2, 2, 1, 2, 2, 2, 2, 0, 1, 0, 2, 1, 0]], "final": {"social_welfare": [1.0, 0.5249999999999999, 0.9833333333333332, 0.7632055810714771], "degree_of_intergration": [1.0, 1.0, 0.95], "number_of_colorful_edges": 0.9833333333333333}, "steps": 19, "final_world": [[2, 0, 2, 1, 2, 1, 2, 1, 0, 2, 1, 0, 2, 0, 2, 0, 2, 1, 0, 2, 1, 0, 2, 0, 2, 2, 1, 2, 1, 2, 0, 2, 0, 1, 2, 0, 2, 1, 2, 1], [0, 2, 0, 2, 1, 2, 1, 0, 2, 1, 0, 2, 1, 2, 0, 2, 1, 2, 2, 1, 0, 2, 0, 2, 1, 0, 2, 1, 2, 1, 2, 0, 1, 2, 0, 1, 0, 2, 1, 2]]}, "6": {"init": {"social_welfare": [0.9625, 0.4666666666666668, 0.6583333333333331, 0.7050995632366507], "degree_of_intergration": [0.9625, 0.7125, 0.3], "number_of_colorful_edges": 0.6583333333333333}, "init_world": [[1, 0, 1, 2, 2, 2, 1, 1, 1, 2, 0, 2, 0, 1, 2, 1, 1, 0, 2, 1, 1, 0, 0, 0, 0, 0, 2, 0, 1, 2, 2, 2, 1, 1, 2, 0, 0, 2, 2, 0], [2, 1, 1, 2, 1, 0, 0, 0, 1, 1, 1, 0, 1, 0, 2, 0, 0, 2, 0, 2, 0, 0, 0, 2, 0, 0, 2, 1, 0, 2, 0, 0, 0, 0, 0, 2, 0, 1, 1, 2]], "final": {"social_welfare": [1.0, 0.5250000000000002, 1.0, 0.7617172029911203], "degree_of_intergration": [1.0, 1.0, 1.0], "number_of_colorful_edges": 1.0}, "steps": 17, "final_world": [[1, 0, 2, 1, 2, 1, 2, 0, 1, 2, 0, 1, 0, 1, 0, 2, 1, 0, 2, 0, 1, 0, 2, 0, 1, 0, 1, 0, 1, 0, 2, 0, 1, 0, 2, 0, 1, 2, 1, 0], [0, 1, 0, 2, 1, 0, 1, 2, 0, 1, 2, 0, 1, 0, 2, 1, 0, 2, 0, 2, 0, 2, 0, 2, 0, 1, 2, 1, 0, 2, 0, 2, 0, 2, 0, 2, 0, 1, 0, 2]]}, "7": {"init": {"social_welfare": [0.975, 0.4666666666666666, 0.733333333333333, 0.7105312522768291], "degree_of_intergration": [0.975, 0.8375, 0.3875], "number_of_colorful_edges": 0.7333333333333333}, "init_world": [[0, 2, 1, 2, 1, 1, 1, 1, 0, 2, 0, 1, 1, 2, 2, 0, 2, 0, 0, 1, 1, 1, 0, 0, 0, 0, 1, 2, 1, 0, 1, 0, 2, 0, 2, 0, 1, 1, 2, 1], [2, 0, 2, 1, 0, 2, 2, 0, 2, 0, 2, 1, 0, 0, 0, 2, 0, 1, 1, 0, 1, 0, 1, 1, 1, 0, 1, 1, 1, 1, 2, 0, 2, 2, 1, 2, 2, 0, 2, 1]], "final": {"social_welfare": [1.0, 0.5333333333333334, 0.9916666666666668, 0.772580581071477], "degree_of_intergration": [1.0, 1.0, 0.975], "number_of_colorful_edges": 0.9916666666666667}, "steps": 13, "final_world": [[1, 2, 1, 2, 1, 2, 0, 1, 0, 1, 0, 2, 1, 2, 1, 0, 2, 1, 0, 1, 0, 1, 0, 1, 0, 1, 0, 2, 1, 0, 1, 1, 2, 0, 2, 0, 2, 1, 0, 2], [2, 0, 2, 1, 0, 1, 2, 0, 2, 0, 2, 1, 0, 1, 0, 2, 0, 2, 1, 0, 1, 0, 1, 0, 1, 0, 2, 1, 0, 1, 2, 0, 1, 2, 1, 2, 1, 0, 2, 1]]}, "8": {"init": {"social_welfare": [0.9625, 0.4833333333333334, 0.6499999999999999, 0.7298030755580776], "degree_of_intergration": [0.9625, 0.7375, 0.25], "number_of_colorful_edges": 0.65}, "init_world": [[1, 1, 0, 0, 2, 2, 2, 1, 0, 0, 1, 2, 1, 2, 2, 2, 2, 0, 2, 2, 2, 2, 0, 0, 2, 1, 1, 0, 1, 2, 1, 1, 1, 0, 0, 1, 0, 2, 1, 1], [1, 1, 1, 1, 2, 0, 0, 0, 1, 0, 1, 1, 0, 0, 1, 0, 1, 0, 0, 1, 0, 2, 2, 1, 0, 0, 2, 0, 0, 2, 0, 1, 2, 2, 2, 0, 1, 1, 2, 0]], "final": {"social_welfare": [1.0, 0.5666666666666667, 1.0, 0.816034093392904], "degree_of_intergration": [1.0, 1.0, 1.0], "number_of_colorful_edges": 1.0}, "steps": 19,