{"0": {"init": {"social_welfare": [0.1, 0.03333333333333333, 0.05, 0.057938016428569494], "degree_of_intergration": [0.1, 0.0], "number_of_colorful_edges": 0.05}, "init_world": [0, 0, 0, 0, 0, 0, 0, 0, 0, 0, 0, 0, 0, 1, 1, 1, 1, 1, 1, 1, 1, 1, 1, 1, 1, 1, 2, 2, 2, 2, 2, 2, 2, 2, 2, 2, 2, 2, 2, 2], "final": {"social_welfare": [1.0, 0.5000000000000002, 1.0, 0.7896900821428473], "degree_of_intergration": [1.0, 1.0], "number_of_colorful_edges": 1.0}, "steps": 18, "final_world": [1, 2, 0, 2, 1, 0, 2, 0, 2, 0, 1, 2, 0, 1, 2, 1, 0, 2, 0, 1, 0, 1, 0, 1, 0, 1, 2, 1, 2, 0, 2, 0, 2, 1, 2, 1, 2, 0, 1, 2]}, "1": {"init": {"social_welfare": [0.1, 0.03333333333333333, 0.05, 0.057938016428569494], "degree_of_intergration": [0.1, 0.0], "number_of_colorful_edges": 0.05}, "init_world": [0, 0, 0, 0, 0, 0, 0, 0, 0, 0, 0, 0, 0, 1, 1, 1, 1, 1, 1, 1, 1, 1, 1, 1, 1, 1, 2, 2, 2, 2, 2, 2, 2, 2, 2, 2, 2, 2, 2, 2], "final": {"social_welfare": [1.0, 0.5000000000000002, 1.0, 0.7896900821428473], "degree_of_intergration": [1.0, 1.0], "number_of_colorful_edges": 1.0}, "steps": 18, "final_world": [1, 2, 0, 2, 1, 0, 2, 0, 2, 0, 1, 2, 0, 1, 2, 1, 0, 2, 0, 1, 0, 1, 0, 1, 0, 1, 2, 1, 2, 0, 2, 0, 2, 1, 2, 1, 2, 0, 1, 2]}, "2": {"init": {"social_welfare": [0.1, 0.03333333333333333, 0.05, 0.057938016428569494], "degree_of_intergration": [0.1, 0.0], "number_of_colorful_edges": 0.05}, "init_world": [0, 0, 0, 0, 0, 0, 0, 0, 0, 0, 0, 0, 0, 1, 1, 1, 1, 1, 1, 1, 1, 1, 1, 1, 1, 1, 2, 2, 2, 2, 2, 2, 2, 2, 2, 2, 2, 2, 2, 2], "final": {"social_welfare": [1.0, 0.5000000000000002, 1.0, 0.7896900821428473], "degree_of_intergration": [1.0, 1.0], "number_of_colorful_edges": 1.0}, "steps": 18, "final_world": [1, 2, 0, 2, 1, 0, 2, 0, 2, 0, 1, 2, 0, 1, 2, 1, 0, 2, 0, 1, 0, 1, 0, 1, 0, 1, 2, 1, 2, 0, 2, 0, 2, 1, 2, 1, 2, 0, 1, 2]}, "3": {"init": {"social_welfare": [0.1, 0.03333333333333333, 0.05, 0.057938016428569494], "degree_of_intergration": [0.1, 0.0], "number_of_colorful_edges": 0.05}, "init_world": [0, 0, 0, 0, 0, 0, 0, 0, 0, 0, 0, 0, 0, 1, 1, 1, 1, 1, 1, 1, 1, 1, 1, 1, 1, 1, 2, 2, 2, 2, 2, 2, 2, 2, 2, 2, 2, 2, 2, 2], "final": {"social_welfare": [1.0, 0.5000000000000002, 1.0, 0.7896900821428473], "degree_of_intergration": [1.0, 1.0], "number_of_colorful_edges": 1.0}, "steps": 18, "final_world": [1, 2, 0, 2, 1, 0, 2, 0, 2, 0, 1, 2, 0, 1, 2, 1, 0, 2, 0, 1, 0, 1, 0, 1, 0, 1, 2, 1, 2, 0, 2, 0, 2, 1, 2, 1, 2, 0, 1, 2]}, "4": {"init": {"social_welfare": [0.1, 0.03333333333333333, 0.05, 0.057938016428569494], "degree_of_intergration": [0.1, 0.0], "number_of_colorful_edges": 0.05}, "init_world": [0, 0, 0, 0, 0, 0, 0, 0, 0, 0, 0, 0, 0, 1, 1, 1, 1, 1, 1, 1, 1, 1, 1, 1, 1, 1, 2, 2, 2, 2, 2, 2, 2, 2, 2, 2, 2, 2, 2, 2], "final": {"social_welfare": [1.0, 0.5000000000000002, 1.0, 0.7896900821428473], "degree_of_intergration": [1.0, 1.0], "number_of_colorful_edges": 1.0}, "steps": 18, "final_world": [1, 2, 0, 2, 1, 0, 2, 0, 2, 0, 1, 2, 0, 1, 2, 1, 0, 2, 0, 1, 0, 1, 0, 1, 0, 1, 2, 1, 2, 0, 2, 0, 2, 1, 2, 1, 2, 0, 1, 2]}, "5": {"init": {"social_welfare": [0.1, 0.03333333333333333, 0.05, 0.057938016428569494], "degree_of_intergration": [0.1, 0.0], "number_of_colorful_edges": 0.05}, "init_world": [0, 0, 0, 0, 0, 0, 0, 0, 0, 0, 0, 0, 0, 1, 1, 1, 1, 1, 1, 1, 1, 1, 1, 1, 1, 1, 2, 2, 2, 2, 2, 2, 2, 2, 2, 2, 2, 2, 2, 2], "final": {"social_welfare": [1.0, 0.5000000000000002, 1.0, 0.7896900821428473], "degree_of_intergration": [1.0, 1.0], "number_of_colorful_edges": 1.0}, "steps": 18, "final_world": [1, 2, 0, 2, 1, 0, 2, 0, 2, 0, 1, 2, 0, 1, 2, 1, 0, 2, 0, 1, 0, 1, 0, 1, 0, 1, 2, 1, 2, 0, 2, 0, 2, 1, 2, 1, 2, 0, 1, 2]}, "6": {"init": {"social_welfare": [0.1, 0.03333333333333333, 0.05, 0.057938016428569494], "degree_of_intergration": [0.1, 0.0], "number_of_colorful_edges": 0.05}, "init_world": [0, 0, 0, 0, 0, 0, 0, 0, 0, 0, 0, 0, 0, 1, 1, 1, 1, 1, 1, 1, 1, 1, 1, 1, 1, 1, 2, 2, 2, 2, 2, 2, 2, 2, 2, 2, 2, 2, 2, 2], "final": {"social_welfare": [1.0, 0.5000000000000002, 1.0, 0.7896900821428473], "degree_of_intergration": [1.0, 1.0], "number_of_colorful_edges": 1.0}, "steps": 18, "final_world": [1, 2, 0, 2, 1, 0, 2, 0, 2, 0, 1, 2, 0, 1, 2, 1, 0, 2, 0, 1, 0, 1, 0, 1, 0, 1, 2, 1, 2, 0, 2, 0, 2, 1, 2, 1, 2, 0, 1, 2]}, "7": {"init": {"social_welfare": [0.1, 0.03333333333333333, 0.05, 0.057938016428569494], "degree_of_intergration": [0.1, 0.0], "number_of_colorful_edges": 0.05}, "init_world": [0, 0, 0, 0, 0, 0, 0, 0, 0, 0, 0, 0, 0, 1, 1, 1, 1, 1, 1, 1, 1, 1, 1, 1, 1, 1, 2, 2, 2, 2, 2, 2, 2, 2, 2, 2, 2, 2, 2, 2], "final": {"social_welfare": [1.0, 0.5000000000000002, 1.0, 0.7896900821428473], "degree_of_intergration": [1.0, 1.0], "number_of_colorful_edges": 1.0}, "steps": 18, "final_world": [1, 2, 0, 2, 1, 0, 2, 0, 2, 0, 1, 2, 0, 1, 2, 1, 0, 2, 0, 1, 0, 1, 0, 1, 0, 1, 2, 1, 2, 0, 2, 0, 2, 1, 2, 1, 2, 0, 1, 2]}, "8": {"init": {"social_welfare": [0.1, 0.03333333333333333, 0.05, 0.057938016428569494], "degree_of_intergration": [0.1, 0.0], "number_of_colorful_edges": 0.05}, "init_world": [0, 0, 0, 0, 0, 0, 0, 0, 0, 0, 0, 0, 0, 1, 1, 1, 1, 1, 1, 1, 1, 1, 1, 1, 1, 1, 2, 2, 2, 2, 2, 2, 2, 2, 2, 2, 2, 2, 2, 2], "final": {"social_welfare": [1.0, 0.5000000000000002, 1.0, 0.7896900821428473], "degree_of_intergration": [1.0, 1.0], "number_of_colorful_edges": 1.0}, "steps": 18, "final_world": [1, 2, 0, 2, 1, 0, 2, 0, 2, 0, 1, 2, 0, 1, 2, 1, 0, 2, 0, 1, 0, 1, 0, 1, 0, 1, 2, 1, 2, 0, 2, 0, 2, 1, 2, 1, 2, 0, 1, 2]}, "9": {"init": {"social_welfare": [0.1, 0.03333333333333333, 0.05, 0.057938016428569494], "degree_of_intergration": [0.1, 0.0], "number_of_colorful_edges": 0.05}, "init_world": [0, 0, 0, 0, 0, 0, 0, 0, 0, 0, 0, 0, 0, 1, 1, 1, 1, 1, 1, 1, 1, 1, 1, 1, 1, 1, 2, 2, 2, 2, 2, 2, 2, 2, 2, 2, 2, 2, 2, 2], "final": {"social_welfare": [1.0, 0.5000000000000002, 1.0, 0.7896900821428473], "degree_of_intergration": [1.0, 1.0], "number_of_colorful_edges": 1.0}, "steps": 18, "final_world": [1, 2, 0, 2, 1, 0, 2, 0, 2, 0, 1, 2, 0, 1, 2, 1, 0, 2, 0, 1, 0, 1, 0, 1, 0, 1, 2, 1, 2, 0, 2, 0, 2, 1, 2, 1, 2, 0, 1, 2]}}