{"0": {"init": {"social_welfare": [0.5, 0.17499999999999996, 0.2625, 0.3002055780357051], "degree_of_intergration": [0.5, 0.025], "number_of_colorful_edges": 0.2625}, "init_world": [0, 0, 0, 0, 0, 0, 0, 0, 2, 2, 1, 1, 1, 1, 1, 1, 1, 2, 2, 2, 2, 2, 0, 0, 1, 1, 1, 1, 0, 0, 0, 0, 0, 1, 1, 2, 2, 1, 0, 0], "final": {"social_welfare": [0.95, 0.4666666666666666, 0.875, 0.7396900821428474], "degree_of_intergration": [0.95, 0.8], "number_of_colorful_edges": 0.875}, "steps": 8, "final_world": [2, 0, 1, 0, 1, 0, 2, 0, 1, 2, 1, 0, 1, 0, 1, 0, 1, 2, 0, 2, 1, 2, 1, 0, 1, 2, 0, 1, 2, 0, 0, 0, 0, 1, 1, 0, 2, 1, 0, 0]}, "1": {"init": {"social_welfare": [0.575, 0.19999999999999993, 0.3, 0.3436590903571322], "degree_of_intergration": [0.575, 0.025], "number_of_colorful_edges": 0.3}, "init_world": [2, 2, 2, 2, 1, 1, 2, 2, 0, 0, 0, 0, 2, 2, 2, 2, 2, 2, 1, 1, 2, 2, 2, 2, 2, 0, 0, 2, 2, 2, 1, 0, 0, 0, 2, 2, 2, 0, 0, 0], "final": {"social_welfare": [0.825, 0.3666666666666668, 0.6625, 0.5936590903571322], "degree_of_intergration": [0.825, 0.5], "number_of_colorful_edges": 0.6625}, "steps": 5, "final_world": [1, 2, 0, 2, 0, 1, 2, 2, 0, 2, 1, 0, 2, 0, 2, 2, 2, 2, 0, 1, 2, 2, 2, 2, 2, 0, 0, 2, 2, 2, 1, 0, 2, 0, 2, 2, 2, 0, 2, 0]}, "2": {"init": {"social_welfare": [0.375, 0.13333333333333333, 0.2, 0.2277830574999932], "degree_of_intergration": [0.375, 0.025], "number_of_colorful_edges": 0.2}, "init_world": [2, 2, 2, 0, 0, 0, 0, 0, 0, 0, 0, 0, 0, 1, 1, 1, 2, 2, 2, 2, 2, 1, 1, 1, 1, 1, 0, 0, 0, 0, 0, 0, 0, 2, 2, 2, 0, 1, 1, 1], "final": {"social_welfare": [1.0, 0.4500000000000002, 1.0, 0.7265971067857016], "degree_of_intergration": [1.0, 1.0], "number_of_colorful_edges": 1.0}, "steps": 9, "final_world": [0, 1, 2, 0, 2, 0, 1, 0, 2, 0, 2, 1, 0, 1, 0, 1, 2, 0, 2, 0, 2, 1, 0, 1, 0, 1, 0, 1, 0, 1, 0, 2, 0, 2, 0, 2, 0, 2, 0, 1]}, "3": {"init": {"social_welfare": [0.5, 0.1666666666666666, 0.25, 0.28969008214284747], "degree_of_intergration": [0.5, 0.0], "number_of_colorful_edges": 0.25}, "init_world": [0, 0, 0, 2, 2, 2, 2, 0, 0, 0, 0, 0, 0, 2, 2, 2, 2, 2, 2, 0, 0, 1, 1, 1, 0, 0, 1, 1, 2, 2, 0, 0, 0, 0, 0, 2, 2, 2, 2, 2], "final": {"social_welfare": [0.95, 0.36666666666666675, 0.7875, 0.6135041314285559], "degree_of_intergration": [0.95, 0.625], "number_of_colorful_edges": 0.7875}, "steps": 6, "final_world": [2, 1, 0, 2, 0, 2, 2, 0, 2, 0, 2, 0, 0, 2, 0, 2, 0, 2, 2, 0, 0, 1, 0, 1, 0, 0, 1, 0, 2, 2, 0, 1, 0, 2, 0, 2, 0, 2, 2, 2]}, "4": {"init": {"social_welfare": [0.5, 0.1666666666666666, 0.25, 0.28969008214284747], "degree_of_intergration": [0.5, 0.0], "number_of_colorful_edges": 0.25}, "init_world": [0, 0, 0, 2, 2, 2, 1, 1, 0, 0, 0, 0, 0, 1, 1, 1, 1, 2, 2, 2, 1, 1, 1, 1, 2, 2, 0, 0, 0, 0, 0, 0, 0, 0, 2, 2, 1, 1, 1, 1], "final": {"social_welfare": [0.95, 0.45, 0.9, 0.718659090357132], "degree_of_intergration": [0.95, 0.85], "number_of_colorful_edges": 0.9}, "steps": 8, "final_world": [2, 1, 0, 2, 0, 2, 0, 1, 0, 1, 0, 2, 0, 1, 0, 2, 1, 2, 0, 2, 1, 0, 2, 1, 2, 1, 0, 1, 0, 1, 0, 0, 0, 0, 1, 2, 1, 0, 1, 1]}, "5": {"init": {"social_welfare": [0.5, 0.1666666666666666, 0.25, 0.28969008214284747], "degree_of_intergration": [0.5, 0.0], "number_of_colorful_edges": 0.25}, "init_world": [0, 0, 0, 0, 2, 2, 2, 2, 0, 0, 0, 2, 2, 2, 2, 2, 2, 0, 0, 0, 0, 1, 1, 1, 2, 2, 0, 0, 0, 0, 0, 0, 1, 1, 1, 2, 2, 1, 1, 1], "final": {"social_welfare": [1.0, 0.4666666666666668, 0.95, 0.7476280985714169], "degree_of_intergration": [1.0, 0.9], "number_of_colorful_edges": 0.95}, "steps": 9, "final_world": [1, 0, 2, 0, 2, 0, 2, 2, 0, 2, 0, 2, 0, 2, 0, 2, 2, 0, 1, 2, 0, 1, 0, 1, 0, 2, 0, 1, 0, 1, 2, 0, 1, 0, 1, 0, 2, 1, 0, 2]}, "6": {"init": {"social_welfare": [0.7, 0.2333333333333333, 0.35, 0.40556611499998646], "degree_of_intergration": [0.7, 0.0], "number_of_colorful_edges": 0.35}, "init_world": [0, 0, 2, 2, 2, 2, 1, 1, 2, 2, 0, 0, 0, 0, 2, 2, 2, 1, 1, 1, 1, 1, 0, 0, 0, 0, 2, 2, 1, 1, 2, 2, 1, 1, 1, 0, 0, 0, 1, 1], "final": {"social_welfare": [1.0, 0.5000000000000001, 0.95, 0.7896900821428473], "degree_of_intergration": [1.0, 0.9], "number_of_colorful_edges": 0.95}, "steps": 8, "final_world": [1, 0, 2, 0, 1, 2, 0, 1, 0, 2, 0, 2, 1, 0, 2, 1, 2, 1, 2, 1, 0, 1, 0, 1, 2, 0, 2, 2, 0, 1, 2, 2, 1, 0, 1, 0, 1, 0, 2, 1]}, "7": {"init": {"social_welfare": [0.7, 0.2333333333333333, 0.35, 0.40556611499998646], "degree_of_intergration": [0.7, 0.0], "number_of_colorful_edges": 0.35}, "init_world": [2, 2, 1, 1, 1, 0, 0, 0, 0, 2, 2, 2, 2, 2, 1, 1, 1, 1, 0, 0, 0, 1, 1, 2, 2, 0, 0, 0, 0, 2, 2, 1, 1, 0, 0, 2, 2, 2, 1, 1], "final": {"social_welfare": [1.0, 0.5083333333333333, 1.0, 0.800205578035705], "degree_of_intergration": [1.0, 1.0], "number_of_colorful_edges": 1.0}, "steps": 9, "final_world": [0, 2, 1, 0, 1, 0, 1, 2, 0, 2, 1, 2, 0, 2, 1, 2, 0, 1, 0, 2, 0, 2, 1, 2, 1, 0, 2, 1, 0, 1, 2, 1, 2, 1, 0, 2, 0, 2, 0, 1]}, "8": {"init": {"social_welfare": [0.475, 0.15833333333333327, 0.2375, 0.2752055780357051], "degree_of_intergration": [0.475, 0.0], "number_of_colorful_edges": 0.2375}, "init_world": [0, 0, 0, 0, 0, 0, 0, 0, 0, 1, 1, 2, 2, 2, 0, 0, 1, 1, 1, 1, 1, 1, 0, 0, 0, 1, 1, 1, 1, 1, 1, 0, 0, 2, 2, 2, 2, 2, 0, 0], "final": {"social_welfare": [1.0, 0.4333333333333334, 0.925, 0.7055661149999863], "degree_of_intergration": [1.0, 0.85], "number_of_colorful_edges": 0.925}, "steps": 9, "final_world": [2, 0, 1, 0, 1, 0, 1, 2, 0, 2, 1, 2, 0, 2, 0, 2, 1, 0, 1, 0, 2, 1, 0, 1, 0, 1, 0, 1, 0, 1, 1, 0, 0, 1, 0, 1, 0, 2, 0, 0]}, "9": {"init": {"social_welfare": [0.525, 0.17499999999999993, 0.2625, 0.30417458624998983], "degree_of_intergration": [0.525, 0.0], "number_of_colorful_edges": 0.2625}, "init_world": [0, 0, 0, 0, 0, 0, 0, 0, 2, 2, 2, 0, 0, 2, 2, 0, 0, 0, 1, 1, 1, 0, 0, 0, 0, 2, 2, 2, 2, 1, 1, 1, 2, 2, 2, 2, 2, 2, 1, 1], "final": {"social_welfare": [1.0, 0.45833333333333337, 0.9, 0.7371126026785592], "degree_of_intergration": [1.0, 0.8], "number_of_colorful_edges": 0.9}, "steps": 7, "final_world": [2, 0, 1, 0, 2, 0, 1, 0, 2, 0, 2, 1, 0, 2, 2, 0, 2, 0, 1, 0, 1, 0, 2, 0, 0, 2, 0, 2, 2, 1, 0, 1, 2, 0, 2, 0, 2, 2, 0, 1]}}