{"0": {"init": {"social_welfare": [0.475, 0.16666666666666669, 0.17500000000000004, 0.25548502205359824], "degree_of_intergration": [0.475, 0.0375, 0.0125], "number_of_colorful_edges": 0.17499999999999996}, "init_world": [[0, 0, 0, 0, 2, 2, 2, 2, 2, 2, 2, 0, 0, 1, 1, 1, 1, 2, 2, 2, 2, 2, 2, 1, 1, 1, 1, 0, 0, 0, 0, 0, 0, 0, 1, 1, 1, 1, 2, 2], [0, 0, 0, 0, 2, 2, 2, 2, 2, 2, 2, 0, 0, 1, 1, 1, 1, 2, 2, 2, 2, 2, 2, 2, 0, 1, 1, 0, 0, 0, 0, 0, 0, 0, 1, 1, 1, 1, 2, 2]], "final": {"social_welfare": [0.9875, 0.475, 0.9166666666666664, 0.708965782433083], "degree_of_intergration": [0.9875, 0.9875, 0.775], "number_of_colorful_edges": 0.9166666666666666}, "steps": 19, "final_world": [[0, 2, 0, 1, 2, 0, 2, 1, 2, 1, 1, 2, 0, 1, 2, 1, 0, 2, 0, 2, 0, 2, 0, 1, 1, 2, 1, 0, 2, 0, 2, 0, 1, 0, 1, 0, 2, 1, 0, 2], [2, 0, 2, 0, 1, 2, 0, 2, 1, 2, 2, 0, 2, 2, 1, 2, 1, 1, 2, 0, 2, 0, 2, 2, 0, 1, 0, 1, 0, 2, 0, 2, 0, 1, 0, 1, 0, 1, 2, 2]]}, "1": {"init": {"social_welfare": [0.5375, 0.19166666666666674, 0.20833333333333331, 0.2973730645312792], "degree_of_intergration": [0.5375, 0.0875, 0.0], "number_of_colorful_edges": 0.20833333333333334}, "init_world": [[0, 0, 0, 0, 0, 1, 1, 1, 0, 0, 0, 0, 0, 2, 2, 2, 2, 2, 2, 2, 1, 1, 1, 2, 2, 0, 1, 1, 1, 1, 1, 1, 1, 0, 0, 0, 0, 0, 2, 2], [0, 0, 0, 0, 0, 1, 1, 1, 0, 0, 0, 0, 0, 2, 2, 2, 2, 2, 2, 2, 1, 1, 2, 2, 2, 0, 1, 1, 1, 1, 1, 1, 1, 0, 2, 2, 0, 0, 2, 2]], "final": {"social_welfare": [0.9875, 0.49166666666666653, 0.9249999999999998, 0.7277157824330828], "degree_of_intergration": [0.9875, 0.975, 0.8125], "number_of_colorful_edges": 0.925}, "steps": 18, "final_world": [[0, 1, 0, 2, 0, 1, 0, 1, 0, 2, 0, 2, 0, 2, 0, 2, 0, 2, 0, 2, 1, 0, 1, 2, 0, 2, 1, 0, 1, 0, 1, 2, 1, 2, 0, 0, 1, 1, 0, 2], [1, 0, 1, 0, 2, 0, 1, 0, 0, 0, 1, 0, 2, 0, 2, 1, 2, 1, 2, 0, 2, 1, 2, 1, 2, 0, 2, 1, 2, 1, 2, 1, 1, 0, 1, 2, 0, 0, 2, 1]]}, "2": {"init": {"social_welfare": [0.7125, 0.24583333333333335, 0.2666666666666667, 0.3830051673214678], "degree_of_intergration": [0.7125, 0.0875, 0.0], "number_of_colorful_edges": 0.26666666666666666}, "init_world": [[1, 2, 2, 0, 0, 1, 1, 0, 0, 0, 2, 2, 2, 2, 1, 1, 2, 2, 2, 0, 0, 0, 0, 0, 0, 0, 0, 1, 1, 2, 2, 2, 0, 0, 1, 1, 2, 1, 1, 1], [1, 2, 2, 0, 0, 1, 1, 0, 0, 0, 2, 2, 2, 2, 1, 1, 2, 2, 2, 0, 0, 0, 0, 0, 0, 0, 0, 1, 1, 0, 0, 2, 0, 0, 1, 1, 2, 2, 1, 1]], "final": {"social_welfare": [1.0, 0.5291666666666669, 0.9416666666666668, 0.7745907824330828], "degree_of_intergration": [1.0, 0.9875, 0.8375], "number_of_colorful_edges": 0.9416666666666667}, "steps": 21, "final_world": [[2, 0, 1, 2, 0, 2, 1, 0, 2, 0, 2, 0, 2, 1, 0, 1, 2, 0, 2, 1, 2, 0, 1, 0, 2, 0, 2, 0, 1, 2, 0, 2, 1, 2, 0, 1, 2, 1, 0, 1], [1, 2, 2, 0, 2, 1, 0, 2, 1, 2, 0, 2, 0, 2, 1, 0, 0, 2, 0, 0, 0, 1, 0, 1, 0, 1, 0, 1, 0, 1, 0, 2, 0, 0, 1, 0, 1, 2, 1, 0]]}, "3": {"init": {"social_welfare": [0.6625, 0.2583333333333334, 0.2833333333333333, 0.39692239332592755], "degree_of_intergration": [0.6625, 0.1875, 0.0], "number_of_colorful_edges": 0.2833333333333333}, "init_world": [[0, 1, 1, 1, 1, 2, 2, 2, 2, 2, 2, 0, 0, 1, 1, 1, 1, 2, 2, 2, 2, 2, 2, 2, 2, 0, 0, 2, 2, 0, 1, 1, 0, 0, 0, 2, 1, 0, 0, 0], [0, 1, 1, 1, 1, 2, 2, 1, 1, 2, 2, 0, 0, 1, 1, 1, 1, 2, 2, 2, 2, 2, 2, 2, 1, 1, 1, 0, 0, 0, 1, 1, 0, 0, 0, 2, 1, 0, 0, 0]], "final": {"social_welfare": [1.0, 0.5333333333333335, 0.9749999999999999, 0.780022471473261], "degree_of_intergration": [1.0, 1.0, 0.925], "number_of_colorful_edges": 0.975}, "steps": 21, "final_world": [[1, 0, 2, 1, 0, 2, 1, 0, 2, 1, 2, 1, 0, 1, 2, 1, 2, 1, 0, 2, 0, 2, 0, 1, 2, 1, 0, 1, 2, 1, 2, 1, 0, 2, 1, 2, 1, 0, 2, 0], [0, 2, 1, 2, 1, 0, 2, 1, 0, 2, 1, 0, 2, 0, 1, 2, 1, 2, 2, 1, 2, 0, 2, 2, 1, 0, 1, 0, 1, 0, 1, 0, 2, 1, 0, 2, 0, 2, 0, 2]]}, "4": {"init": {"social_welfare": [0.6375, 0.24166666666666656, 0.2583333333333332, 0.3702857714062843], "degree_of_intergration": [0.6375, 0.1375, 0.0], "number_of_colorful_edges": 0.2583333333333333}, "init_world": [[1, 1, 1, 1, 2, 2, 2, 0, 1, 1, 1, 1, 1, 1, 2, 0, 0, 0, 0, 0, 2, 2, 2, 2, 2, 1, 1, 1, 0, 0, 0, 0, 2, 2, 2, 0, 0, 2, 2, 2], [0, 1, 1, 1, 2, 2, 2, 0, 1, 1, 1, 1, 1, 1, 2, 0, 0, 0, 0, 0, 2, 2, 0, 0, 2, 1, 1, 1, 0, 0, 0, 0, 2, 2, 2, 0, 0, 2, 2, 0]], "final": {"social_welfare": [1.0, 0.5166666666666666, 0.975, 0.7553189591518339], "degree_of_intergration": [1.0, 1.0, 0.925], "number_of_colorful_edges": 0.975}, "steps": 22, "final_world": [[1, 2, 1, 2, 0, 1, 2, 0, 1, 0, 1, 0, 1, 2, 0, 2, 1, 0, 1, 0, 2, 1, 2, 1, 0, 1, 2, 1, 0, 2, 0, 2, 0, 2, 1, 2, 1, 2, 1, 2], [2, 1, 2, 1, 2, 0, 1, 0, 2, 1, 0, 1, 0, 1, 2, 0, 0, 1, 0, 2, 1, 2, 0, 0, 2, 0, 1, 0, 2, 0, 1, 0, 2, 0, 2, 0, 2, 0, 2, 0]]}, "5": {"init": {"social_welfare": [0.4625, 0.16250000000000003, 0.1666666666666667, 0.247598400133955], "degree_of_intergration": [0.4625, 0.025, 0.0125], "number_of_colorful_edges": 0.16666666666666666}, "init_world": [[2, 1, 1, 1, 1, 1, 2, 2, 2, 1, 1, 1, 2, 2, 0, 0, 0, 0, 0, 0, 0, 0, 0, 0, 1, 1, 0, 0, 0, 1, 1, 1, 1, 1, 2, 2, 2, 2, 2, 2], [2, 1, 1, 1, 1, 1, 2, 2, 2, 1, 1, 1, 2, 2, 0, 0, 0, 0, 0, 0, 0, 0, 0, 0, 1, 1, 0, 0, 0, 2, 1, 1, 1, 1, 2, 2, 2, 2, 2, 2]], "final": {"social_welfare": [1.0, 0.5041666666666665, 0.9916666666666668, 0.7345587577902284], "degree_of_intergration": [1.0, 1.0, 0.975], "number_of_colorful_edges": 0.9916666666666667}, "steps": 22, "final_world": [[2, 1, 2, 1, 0, 1, 2, 1, 2, 1, 0, 1, 0, 2, 0, 1, 0, 1, 0, 1, 0, 1, 0, 1, 2, 1, 0, 2, 0, 1, 0, 1, 0, 1, 2, 0, 2, 1, 2, 0], [1, 2, 1, 2, 1, 2, 1, 2, 1, 2, 1, 0, 2, 1, 2, 0, 2, 0, 1, 0, 2, 0, 2, 0, 1, 0, 2, 1, 0, 2, 1, 0, 1, 0, 1, 2, 0, 2, 0, 2]]}, "6": {"init": {"social_welfare": [0.7, 0.2833333333333333, 0.33333333333333337, 0.4413424604464627], "degree_of_intergration": [0.7, 0.3, 0.0], "number_of_colorful_edges": 0.3333333333333333}, "init_world": [[1, 2, 2, 2, 2, 2, 2, 2, 2, 2, 1, 1, 0, 0, 0, 0, 0, 0, 0, 0, 0, 0, 0, 2, 1, 1, 0, 0, 2, 1, 1, 0, 0, 0, 1, 0, 0, 0, 0, 1], [0, 2, 2, 2, 2, 2, 2, 1, 1, 2, 2, 2, 0, 0, 0, 2, 2, 0, 0, 0, 0, 0, 0, 2, 1, 1, 0, 0, 2, 0, 0, 0, 0, 0, 1, 0, 2, 2, 2, 0]], "final": {"social_welfare": [1.0, 0.4833333333333332, 0.8916666666666666, 0.7222840933929044], "degree_of_intergration": [1.0, 0.9625, 0.7125], "number_of_colorful_edges": 0.8916666666666667}, "steps": 18, "final_world": [[0, 2, 0, 2, 0, 2, 0, 2, 0, 2, 0, 1, 0, 1, 2, 0, 0, 2, 0, 2, 0, 2, 0, 2, 0, 0, 1, 0, 2, 1, 1, 0, 2, 2, 0, 1, 0, 1, 0, 1], [2, 0, 2, 0, 2, 0, 2, 0, 1, 0, 2, 0, 2, 0, 0, 2, 2, 0, 1, 0, 1, 0, 1, 2, 1, 2, 0, 0, 2, 0, 2, 0, 0, 0, 1, 0, 2, 0, 2, 0]]}, "7": {"init": {"social_welfare": [0.6625, 0.2416666666666666, 0.25833333333333336, 0.3722188810045004], "degree_of_intergration": [0.6625, 0.1125, 0.0], "number_of_colorful_edges": 0.25833333333333336}, "init_world": [[2, 2, 2, 2, 0, 0, 0, 2, 2, 1, 1, 1, 1, 2, 2, 2, 1, 1, 1, 1, 1, 0, 0, 0, 0, 1, 1, 1, 0, 0, 0, 2, 2, 0, 0, 1, 1, 1, 1, 2], [2, 2, 2, 2, 0, 0, 0, 2, 2, 1, 1, 1, 1, 2, 2, 2, 1, 1, 1, 1, 1, 0, 0, 0, 0, 1, 2, 2, 0, 0, 0, 2, 2, 0, 2, 2, 2, 1, 1, 2]], "final": {"social_welfare": [0.9875, 0.5000000000000001, 0.95, 0.7341140262723691], "degree_of_intergration": [0.9875, 0.9875, 0.875], "number_of_colorful_edges": 0.95}, "steps": 21, "final_world": [[0, 2, 1, 2, 0, 2, 0, 1, 2, 1, 2, 1, 2, 0, 1, 2, 1, 2, 1, 0, 1, 0, 1, 0, 1, 2, 1, 2, 0, 1, 0, 1, 0, 2, 0, 1, 1, 0, 1, 2], [2, 1, 2, 0, 2, 1, 0, 2, 0, 2, 1, 2, 1, 2, 0, 1, 2, 1, 0, 1, 2, 1, 0, 1, 0, 1, 2, 0, 2, 0, 2, 1, 2, 0, 2, 0, 2, 1, 2, 2]]}, "8": {"init": {"social_welfare": [0.55, 0.19166666666666676, 0.21666666666666673, 0.3013163754911008], "degree_of_intergration": [0.55, 0.1, 0.0], "number_of_colorful_edges": 0.21666666666666667}, "init_world": [[1, 1, 1, 1, 1, 1, 1, 1, 1, 0, 0, 1, 1, 1, 1, 1, 1, 2, 2, 2, 2, 2, 2, 2, 2, 2, 2, 2, 2, 0, 0, 0, 0, 0, 2, 2, 1, 1, 1, 1], [1, 1, 1, 1, 1, 1, 2, 2, 0, 0, 0, 1, 1, 1, 1, 1, 1, 2, 2, 2, 2, 2, 2, 0, 0, 0, 0, 2, 2, 0, 0, 0, 0, 0, 2, 2, 1, 1, 2, 2]], "final": {"social_welfare": [1.0, 0.533333333333333, 0.9500000000000002, 0.7815108495536176], "degree_of_intergration": [1.0, 1.0, 0.85], "number_of_colorful_edges": 0.95}, "steps": 20,