{"0": {"init": {"social_welfare": [0.525, 0.19999999999999998, 0.3, 0.3357210739285627], "degree_of_intergration": [0.525, 0.075], "number_of_colorful_edges": 0.3}, "init_world": [0, 0, 1, 1, 1, 1, 1, 1, 1, 2, 2, 1, 1, 0, 0, 0, 0, 0, 2, 2, 2, 2, 2, 2, 2, 2, 0, 0, 1, 1, 1, 1, 0, 0, 0, 0, 0, 2, 1, 0], "final": {"social_welfare": [1.0, 0.4250000000000001, 0.825, 0.6950506191071288], "degree_of_intergration": [1.0, 0.65], "number_of_colorful_edges": 0.825}, "steps": 6, "final_world": [0, 0, 1, 0, 1, 0, 0, 2, 1, 2, 2, 1, 1, 0, 1, 0, 1, 0, 2, 1, 2, 1, 2, 0, 2, 2, 0, 0, 1, 2, 1, 1, 0, 2, 0, 1, 0, 2, 1, 0]}, "1": {"init": {"social_welfare": [0.35, 0.11666666666666665, 0.175, 0.20278305749999323], "degree_of_intergration": [0.35, 0.0], "number_of_colorful_edges": 0.175}, "init_world": [0, 0, 0, 0, 0, 2, 2, 2, 2, 2, 2, 1, 1, 2, 2, 2, 2, 2, 2, 1, 1, 1, 1, 0, 0, 1, 1, 1, 1, 0, 0, 0, 0, 0, 0, 0, 0, 0, 0, 0], "final": {"social_welfare": [1.0, 0.3833333333333334, 0.8125, 0.6424731396428406], "degree_of_intergration": [1.0, 0.625], "number_of_colorful_edges": 0.8125}, "steps": 12, "final_world": [0, 0, 2, 0, 0, 2, 0, 2, 0, 1, 0, 2, 0, 2, 0, 0, 1, 2, 2, 1, 2, 1, 1, 0, 0, 1, 2, 1, 1, 0, 2, 0, 2, 0, 2, 0, 1, 0, 1, 0]}, "2": {"init": {"social_welfare": [0.6, 0.20833333333333326, 0.3125, 0.3581435944642746], "degree_of_intergration": [0.6, 0.025], "number_of_colorful_edges": 0.3125}, "init_world": [0, 0, 2, 2, 2, 0, 0, 0, 1, 1, 1, 1, 0, 0, 0, 1, 1, 1, 0, 0, 0, 0, 2, 2, 2, 2, 2, 1, 1, 1, 0, 0, 2, 2, 2, 2, 1, 0, 0, 0], "final": {"social_welfare": [1.0, 0.3916666666666667, 0.875, 0.6529886355356983], "degree_of_intergration": [1.0, 0.75], "number_of_colorful_edges": 0.875}, "steps": 6, "final_world": [2, 0, 2, 0, 2, 0, 2, 0, 1, 0, 1, 1, 0, 1, 0, 1, 0, 1, 0, 1, 0, 0, 2, 1, 2, 0, 2, 1, 2, 1, 0, 0, 2, 0, 2, 2, 1, 0, 2, 0]}, "3": {"init": {"social_welfare": [0.4, 0.1333333333333333, 0.2, 0.23175206571427798], "degree_of_intergration": [0.4, 0.0], "number_of_colorful_edges": 0.2}, "init_world": [0, 0, 0, 1, 1, 1, 1, 1, 0, 0, 0, 0, 1, 1, 1, 2, 2, 2, 2, 2, 2, 2, 2, 2, 2, 0, 0, 0, 0, 2, 2, 1, 1, 2, 2, 2, 2, 2, 2, 2], "final": {"social_welfare": [1.0, 0.4000000000000002, 0.8125, 0.6635041314285559], "degree_of_intergration": [1.0, 0.625], "number_of_colorful_edges": 0.8125}, "steps": 12, "final_world": [2, 2, 1, 2, 0, 2, 2, 1, 0, 1, 0, 0, 1, 2, 1, 2, 1, 2, 0, 2, 1, 2, 0, 2, 2, 0, 2, 0, 0, 2, 2, 1, 1, 2, 0, 2, 0, 2, 1, 2]}, "4": {"init": {"social_welfare": [0.65, 0.22499999999999995, 0.3375, 0.3871126026785593], "degree_of_intergration": [0.65, 0.025], "number_of_colorful_edges": 0.3375}, "init_world": [2, 2, 0, 0, 0, 2, 2, 1, 1, 1, 1, 1, 1, 0, 0, 2, 1, 1, 2, 2, 2, 2, 2, 1, 1, 1, 2, 2, 0, 0, 2, 2, 2, 1, 1, 0, 0, 0, 0, 0], "final": {"social_welfare": [1.0, 0.3916666666666669, 0.8, 0.6529886355356982], "degree_of_intergration": [1.0, 0.6], "number_of_colorful_edges": 0.8}, "steps": 5, "final_world": [0, 2, 0, 1, 0, 2, 2, 1, 0, 1, 2, 1, 1, 0, 0, 2, 1, 1, 2, 1, 2, 1, 2, 1, 2, 1, 2, 2, 0, 0, 2, 0, 2, 1, 1, 0, 2, 0, 2, 0]}, "5": {"init": {"social_welfare": [0.425, 0.14999999999999997, 0.225, 0.25675206571427794], "degree_of_intergration": [0.425, 0.025], "number_of_colorful_edges": 0.225}, "init_world": [2, 2, 2, 2, 1, 1, 1, 1, 1, 0, 2, 2, 2, 2, 0, 0, 0, 0, 1, 1, 0, 0, 0, 0, 1, 1, 1, 2, 2, 2, 0, 0, 0, 0, 0, 0, 0, 0, 0, 0], "final": {"social_welfare": [1.0, 0.4083333333333333, 0.85, 0.6740196273214135], "degree_of_intergration": [1.0, 0.7], "number_of_colorful_edges": 0.85}, "steps": 10, "final_world": [0, 0, 2, 0, 1, 2, 1, 2, 1, 0, 2, 0, 2, 2, 0, 2, 0, 0, 1, 1, 0, 1, 0, 0, 1, 0, 1, 2, 0, 2, 0, 2, 0, 1, 0, 2, 0, 1, 0, 0]}, "6": {"init": {"social_welfare": [0.5, 0.17499999999999996, 0.2625, 0.3002055780357051], "degree_of_intergration": [0.5, 0.025], "number_of_colorful_edges": 0.2625}, "init_world": [1, 1, 1, 2, 2, 1, 1, 1, 1, 1, 1, 1, 0, 0, 0, 2, 2, 2, 2, 2, 2, 0, 0, 0, 0, 0, 2, 2, 2, 2, 0, 0, 2, 1, 1, 1, 1, 1, 2, 2], "final": {"social_welfare": [1.0, 0.3916666666666667, 0.85, 0.6529886355356982], "degree_of_intergration": [1.0, 0.7], "number_of_colorful_edges": 0.85}, "steps": 8, "final_world": [1, 1, 0, 1, 2, 1, 2, 1, 2, 1, 0, 1, 0, 1, 1, 2, 1, 2, 1, 2, 2, 0, 1, 0, 2, 0, 2, 0, 2, 2, 0, 0, 2, 1, 2, 1, 0, 1, 2, 2]}, "7": {"init": {"social_welfare": [0.575, 0.19999999999999993, 0.3, 0.3436590903571322], "degree_of_intergration": [0.575, 0.025], "number_of_colorful_edges": 0.3}, "init_world": [1, 1, 0, 0, 0, 0, 2, 2, 2, 1, 1, 1, 1, 1, 1, 0, 0, 2, 2, 2, 2, 2, 2, 2, 0, 0, 0, 0, 1, 1, 1, 1, 1, 0, 2, 2, 0, 0, 1, 1], "final": {"social_welfare": [1.0, 0.37500000000000017, 0.8, 0.631957643749983], "degree_of_intergration": [1.0, 0.6], "number_of_colorful_edges": 0.8}, "steps": 8, "final_world": [1, 1, 2, 1, 1, 0, 2, 0, 2, 1, 2, 1, 2, 1, 1, 0, 0, 2, 1, 2, 1, 2, 0, 2, 0, 2, 0, 0, 1, 0, 1, 0, 1, 0, 2, 2, 0, 0, 1, 1]}, "8": {"init": {"social_welfare": [0.575, 0.20833333333333326, 0.3125, 0.3541745862499898], "degree_of_intergration": [0.575, 0.05], "number_of_colorful_edges": 0.3125}, "init_world": [2, 2, 2, 2, 1, 1, 0, 0, 0, 0, 1, 1, 1, 1, 1, 2, 2, 0, 0, 1, 1, 1, 1, 1, 1, 1, 2, 2, 2, 2, 0, 0, 0, 0, 2, 2, 1, 1, 0, 2], "final": {"social_welfare": [1.0, 0.37500000000000006, 0.7875, 0.6319576437499831], "degree_of_intergration": [1.0, 0.575], "number_of_colorful_edges": 0.7875}, "steps": 7, "final_world": [1, 2, 1, 2, 1, 2, 1, 1, 0, 0, 1, 2, 1, 2, 1, 2, 2, 0, 0, 1, 0, 1, 0, 1, 0, 1, 2, 1, 2, 2, 0, 1, 0, 0, 2, 2, 1, 1, 0, 2]}, "9": {"init": {"social_welfare": [0.4, 0.1333333333333333, 0.2, 0.23175206571427798], "degree_of_intergration": [0.4, 0.0], "number_of_colorful_edges": 0.2}, "init_world": [1, 1, 1, 2, 2, 2, 2, 2, 2, 2, 2, 2, 1, 1, 0, 0, 1, 1, 1, 2, 2, 0, 0, 0, 0, 0, 0, 0, 0, 2, 2, 2, 2, 1, 1, 1, 1, 1, 1, 1], "final": {"social_welfare": [1.0, 0.3833333333333335, 0.8875, 0.6424731396428407], "degree_of_intergration": [1.0, 0.775], "number_of_colorful_edges": 0.8875}, "steps": 11, "final_world": [2, 1, 1, 2, 1, 2, 1, 2, 1, 0, 1, 2, 1, 2, 1, 0, 1, 2, 1, 1, 2, 0, 2, 0, 2, 0, 2, 0, 0, 2, 0, 2, 2, 1, 2, 1, 0, 1, 0, 1]}}