{"0": {"init": {"social_welfare": [0.7, 0.2625, 0.2833333333333333, 0.40376536868307333], "degree_of_intergration": [0.7, 0.15, 0.0], "number_of_colorful_edges": 0.2833333333333333}, "init_world": [[0, 0, 1, 1, 2, 2, 0, 0, 0, 0, 0, 0, 0, 0, 0, 0, 1, 1, 2, 2, 0, 0, 0, 2, 2, 0, 0, 0, 1, 1, 1, 1, 1, 1, 1, 2, 2, 2, 2, 0], [0, 0, 1, 1, 2, 2, 0, 0, 0, 0, 0, 0, 0, 0, 2, 2, 2, 1, 1, 1, 1, 1, 1, 2, 2, 0, 0, 0, 1, 2, 2, 2, 1, 1, 1, 2, 2, 2, 2, 0]], "final": {"social_welfare": [1.0, 0.48750000000000016, 0.9833333333333336, 0.7172971358705854], "degree_of_intergration": [1.0, 1.0, 0.95], "number_of_colorful_edges": 0.9833333333333333}, "steps": 32, "final_world": [[1, 2, 0, 2, 0, 2, 0, 2, 0, 2, 0, 2, 0, 2, 1, 0, 1, 0, 1, 2, 0, 2, 0, 1, 2, 0, 2, 2, 0, 1, 0, 1, 0, 1, 0, 1, 0, 2, 1, 2], [2, 0, 1, 0, 1, 0, 2, 0, 1, 0, 2, 0, 1, 0, 2, 1, 0, 1, 0, 1, 2, 0, 1, 2, 1, 2, 0, 0, 1, 0, 1, 2, 1, 0, 1, 0, 2, 0, 2, 0]]}, "1": {"init": {"social_welfare": [0.4875, 0.1708333333333334, 0.1916666666666667, 0.26783677821431184], "degree_of_intergration": [0.4875, 0.0875, 0.0], "number_of_colorful_edges": 0.19166666666666668}, "init_world": [[1, 1, 1, 1, 1, 1, 1, 2, 2, 2, 0, 0, 1, 1, 1, 2, 2, 2, 2, 2, 2, 0, 2, 2, 1, 1, 1, 1, 2, 2, 2, 2, 2, 2, 2, 0, 0, 1, 1, 1], [1, 1, 1, 1, 1, 1, 2, 2, 2, 2, 0, 0, 0, 0, 0, 2, 2, 2, 2, 2, 2, 0, 2, 2, 1, 1, 1, 1, 2, 2, 2, 2, 2, 2, 2, 0, 0, 1, 1, 1]], "final": {"social_welfare": [1.0, 0.4458333333333334, 0.9666666666666668, 0.6689337577902288], "degree_of_intergration": [1.0, 1.0, 0.9], "number_of_colorful_edges": 0.9666666666666667}, "steps": 30, "final_world": [[2, 1, 2, 1, 0, 2, 1, 2, 1, 0, 2, 0, 1, 2, 1, 2, 1, 2, 1, 2, 1, 2, 0, 2, 1, 2, 1, 2, 2, 1, 2, 1, 2, 1, 0, 2, 0, 1, 2, 1], [1, 2, 1, 2, 2, 1, 2, 1, 2, 1, 0, 2, 0, 1, 2, 0, 2, 0, 2, 1, 2, 0, 2, 1, 2, 1, 2, 1, 1, 2, 1, 2, 1, 2, 2, 0, 2, 0, 1, 2]]}, "2": {"init": {"social_welfare": [0.6, 0.20000000000000012, 0.2083333333333334, 0.31009246044646266], "degree_of_intergration": [0.6, 0.025, 0.0], "number_of_colorful_edges": 0.20833333333333334}, "init_world": [[1, 2, 2, 2, 0, 0, 2, 2, 1, 1, 0, 0, 0, 2, 2, 2, 0, 0, 0, 0, 0, 0, 0, 0, 0, 2, 2, 2, 1, 1, 1, 1, 1, 2, 2, 2, 2, 0, 0, 1], [1, 2, 2, 2, 0, 0, 2, 2, 1, 1, 0, 0, 0, 2, 2, 0, 0, 0, 0, 0, 0, 0, 0, 0, 0, 2, 2, 2, 1, 1, 1, 1, 1, 2, 2, 2, 2, 0, 0, 1]], "final": {"social_welfare": [1.0, 0.4708333333333333, 1.0, 0.6911052454688016], "degree_of_intergration": [1.0, 1.0, 1.0], "number_of_colorful_edges": 1.0}, "steps": 31, "final_world": [[0, 2, 0, 2, 1, 2, 1, 2, 0, 2, 0, 2, 0, 2, 0, 2, 0, 2, 0, 2, 0, 2, 0, 2, 0, 2, 0, 2, 1, 2, 1, 2, 1, 2, 0, 2, 0, 2, 0, 1], [1, 0, 2, 1, 0, 1, 2, 0, 1, 0, 1, 0, 2, 0, 2, 0, 2, 0, 1, 0, 2, 0, 1, 0, 2, 0, 2, 1, 0, 1, 0, 1, 0, 1, 2, 0, 2, 0, 1, 0]]}, "3": {"init": {"social_welfare": [0.45, 0.15000000000000005, 0.16666666666666674, 0.2362902905357389], "degree_of_intergration": [0.45, 0.05, 0.0], "number_of_colorful_edges": 0.16666666666666666}, "init_world": [[2, 2, 2, 2, 2, 2, 2, 1, 1, 1, 2, 2, 2, 2, 2, 0, 0, 0, 0, 0, 2, 2, 0, 0, 0, 0, 0, 0, 0, 0, 1, 1, 1, 1, 1, 1, 1, 1, 1, 1], [2, 2, 1, 1, 1, 2, 2, 1, 1, 1, 2, 2, 2, 2, 2, 0, 0, 0, 0, 0, 2, 2, 0, 0, 0, 0, 0, 0, 0, 0, 0, 1, 1, 1, 1, 1, 1, 1, 1, 1]], "final": {"social_welfare": [1.0, 0.5166666666666668, 0.9916666666666668, 0.7523422029911203], "degree_of_intergration": [1.0, 1.0, 0.975], "number_of_colorful_edges": 0.9916666666666667}, "steps": 29, "final_world": [[2, 0, 2, 0, 2, 1, 2, 1, 2, 1, 2, 0, 2, 0, 2, 0, 2, 0, 2, 0, 1, 2, 0, 2, 0, 2, 0, 2, 0, 1, 0, 2, 1, 2, 1, 2, 1, 2, 1, 0], [0, 2, 1, 2, 1, 2, 1, 0, 1, 0, 1, 2, 1, 2, 0, 1, 0, 1, 0, 1, 2, 0, 1, 0, 1, 0, 1, 0, 1, 0, 1, 1, 0, 1, 0, 1, 0, 1, 2, 1]]}, "4": {"init": {"social_welfare": [0.5625, 0.20416666666666677, 0.23333333333333334, 0.32006637549110084], "degree_of_intergration": [0.5625, 0.1375, 0.0], "number_of_colorful_edges": 0.23333333333333334}, "init_world": [[0, 0, 0, 0, 1, 1, 1, 1, 0, 0, 0, 0, 2, 2, 2, 1, 0, 1, 1, 0, 0, 1, 2, 2, 2, 2, 2, 2, 2, 1, 1, 1, 1, 1, 1, 1, 1, 0, 2, 2], [0, 0, 0, 0, 1, 1, 1, 1, 0, 0, 0, 0, 2, 2, 1, 1, 0, 1, 1, 0, 0, 1, 2, 2, 2, 2, 2, 2, 2, 1, 1, 1, 1, 1, 1, 1, 1, 0, 0, 2]], "final": {"social_welfare": [1.0, 0.4875000000000001, 0.9916666666666666, 0.7128320016295151], "degree_of_intergration": [1.0, 1.0, 0.975], "number_of_colorful_edges": 0.9916666666666667}, "steps": 32, "final_world": [[0, 1, 0, 1, 2, 0, 1, 2, 0, 1, 0, 1, 2, 1, 2, 1, 0, 2, 0, 1, 0, 1, 0, 1, 2, 0, 2, 0, 2, 1, 2, 1, 2, 1, 2, 1, 0, 1, 2, 1], [1, 0, 1, 0, 1, 2, 0, 0, 1, 0, 2, 0, 1, 2, 1, 0, 1, 0, 1, 0, 1, 0, 1, 2, 0, 2, 1, 2, 1, 2, 1, 2, 1, 0, 1, 2, 1, 0, 1, 2]]}, "5": {"init": {"social_welfare": [0.55, 0.20833333333333334, 0.22499999999999995, 0.32006637549110084], "degree_of_intergration": [0.55, 0.125, 0.0], "number_of_colorful_edges": 0.225}, "init_world": [[2, 2, 2, 2, 2, 2, 2, 1, 1, 1, 1, 1, 1, 1, 2, 2, 2, 1, 1, 1, 0, 2, 2, 2, 0, 0, 0, 0, 0, 0, 0, 0, 0, 2, 2, 1, 1, 2, 2, 2], [1, 2, 2, 2, 2, 2, 2, 1, 1, 1, 1, 1, 1, 1, 2, 2, 2, 0, 0, 0, 0, 1, 1, 2, 0, 0, 0, 0, 0, 0, 0, 0, 0, 2, 2, 1, 1, 2, 2, 1]], "final": {"social_welfare": [1.0, 0.4874999999999998, 0.9833333333333332, 0.7143203797098718], "degree_of_intergration": [1.0, 1.0, 0.95], "number_of_colorful_edges": 0.9833333333333333}, "steps": 30, "final_world": [[0, 1, 2, 1, 2, 1, 2, 1, 2, 1, 2, 1, 2, 1, 2, 1, 2, 1, 2, 1, 0, 2, 0, 1, 0, 2, 0, 2, 0, 2, 0, 2, 0, 0, 2, 0, 1, 2, 0, 2], [0, 2, 0, 2, 0, 2, 0, 2, 1, 2, 1, 2, 1, 2, 0, 2, 1, 2, 1, 2, 1, 0, 1, 2, 1, 0, 2, 0, 2, 0, 1, 0, 1, 2, 0, 1, 0, 1, 2, 1]]}, "6": {"init": {"social_welfare": [0.725, 0.27499999999999986, 0.2916666666666665, 0.4205051673214678], "degree_of_intergration": [0.725, 0.15, 0.0], "number_of_colorful_edges": 0.2916666666666667}, "init_world": [[0, 0, 0, 2, 2, 2, 2, 0, 0, 0, 0, 1, 1, 1, 0, 1, 1, 1, 2, 2, 2, 1, 1, 1, 1, 2, 2, 2, 0, 0, 1, 1, 1, 0, 0, 1, 1, 1, 1, 0], [0, 0, 0, 2, 2, 2, 2, 0, 0, 0, 0, 1, 1, 1, 0, 1, 1, 1, 2, 2, 2, 1, 1, 0, 0, 2, 2, 2, 0, 0, 1, 1, 1, 2, 2, 2, 2, 2, 2, 2]], "final": {"social_welfare": [1.0, 0.5333333333333332, 0.9916666666666666, 0.7740689591518338], "degree_of_intergration": [1.0, 1.0, 0.975], "number_of_colorful_edges": 0.9916666666666667}, "steps": 33, "final_world": [[1, 0, 1, 2, 0, 2, 1, 0, 2, 0, 2, 1, 0, 1, 2, 1, 0, 1, 0, 1, 0, 1, 0, 2, 1, 0, 1, 0, 2, 0, 1, 0, 1, 2, 0, 1, 2, 1, 2, 0], [0, 1, 0, 1, 2, 0, 2, 2, 0, 2, 0, 2, 1, 2, 0, 2, 1, 2, 1, 2, 1, 2, 1, 0, 2, 1, 2, 1, 0, 2, 0, 1, 2, 1, 2, 0, 1, 2, 1, 2]]}, "7": {"init": {"social_welfare": [0.6125, 0.22083333333333335, 0.2416666666666667, 0.34268259468753304], "degree_of_intergration": [0.6125, 0.1125, 0.0], "number_of_colorful_edges": 0.2416666666666667}, "init_world": [[0, 0, 0, 2, 2, 2, 2, 1, 1, 1, 0, 0, 0, 1, 1, 1, 2, 2, 2, 2, 2, 2, 2, 2, 2, 2, 2, 2, 1, 1, 1, 1, 1, 1, 1, 1, 1, 1, 0, 0], [0, 0, 0, 2, 2, 2, 2, 1, 1, 1, 0, 0, 0, 0, 0, 0, 0, 0, 0, 0, 0, 0, 2, 2, 2, 2, 0, 0, 1, 1, 2, 2, 1, 1, 1, 1, 1, 1, 0, 0]], "final": {"social_welfare": [1.0, 0.5166666666666667, 0.975, 0.7582957153125475], "degree_of_intergration": [1.0, 1.0, 0.925], "number_of_colorful_edges": 0.975}, "steps": 33, "final_world": [[2, 0, 2, 0, 1, 2, 0, 2, 0, 1, 0, 1, 0, 1, 2, 1, 2, 1, 2, 1, 0, 2, 0, 2, 1, 1, 2, 1, 0, 2, 1, 2, 0, 1, 0, 1, 0, 1, 2, 0], [0, 1, 0, 1, 0, 1, 2, 1, 2, 0, 1, 0, 2, 0, 1, 0, 1, 0, 2, 0, 2, 0, 2, 0, 2, 2, 1, 0, 2, 1, 2, 1, 2, 0, 1, 2, 1, 2, 0, 1]]}, "8": {"init": {"social_welfare": [0.5, 0.17500000000000004, 0.18333333333333338, 0.2697698878125279], "degree_of_intergration": [0.5, 0.05, 0.0], "number_of_colorful_edges": 0.18333333333333332}, "init_world": [[1, 0, 0, 0, 1, 1, 1, 1, 1, 1, 0, 0, 0, 0, 0, 2, 2, 2, 2, 2, 2, 2, 1, 1, 1, 0, 0, 0, 0, 0, 2, 2, 2, 2, 2, 2, 2, 0, 0, 1], [1, 0, 0, 0, 1, 1, 1, 1, 1, 1, 0, 0, 0, 0, 0, 2, 2, 2, 2, 2, 2, 2, 1, 1, 1, 0, 0, 0, 0, 0, 2, 2, 2, 2, 1, 1, 0, 0, 0, 1]], "final": {"social_welfare": [1.0, 0.44999999999999973, 0.9833333333333332, 0.6669235564286232], "degree_of_intergration": [1.0, 1.0, 0.95], "number_of_colorful_edges": 0.9833333333333333}, "steps": 30,