{"0": {"init": {"social_welfare": [0.5125, 0.17916666666666675, 0.20000000000000004, 0.2806332658928847], "degree_of_intergration": [0.5125, 0.0875, 0.0], "number_of_colorful_edges": 0.2}, "init_world": [[0, 0, 0, 2, 2, 2, 2, 2, 0, 0, 2, 2, 2, 2, 2, 2, 1, 1, 1, 0, 0, 0, 0, 2, 2, 2, 2, 2, 2, 1, 1, 1, 1, 1, 1, 2, 2, 0, 0, 0], [0, 0, 0, 2, 2, 2, 2, 2, 0, 0, 2, 2, 2, 2, 2, 2, 1, 1, 1, 0, 0, 0, 0, 2, 2, 2, 2, 2, 1, 1, 1, 0, 0, 1, 1, 0, 0, 0, 0, 0]], "final": {"social_welfare": [1.0, 0.5291666666666666, 0.9499999999999998, 0.7760791605134394], "degree_of_intergration": [1.0, 0.9875, 0.8625], "number_of_colorful_edges": 0.95}, "steps": 31, "final_world": [[2, 0, 2, 1, 0, 2, 0, 1, 2, 2, 1, 0, 2, 0, 2, 1, 0, 2, 1, 0, 2, 1, 0, 2, 0, 2, 0, 1, 2, 0, 2, 0, 1, 2, 0, 2, 2, 0, 2, 0], [0, 2, 0, 2, 2, 0, 2, 0, 1, 0, 2, 2, 0, 2, 1, 2, 1, 0, 2, 1, 0, 2, 1, 2, 2, 0, 2, 0, 1, 2, 1, 2, 0, 1, 2, 1, 0, 2, 0, 2]]}, "1": {"init": {"social_welfare": [0.45, 0.15833333333333335, 0.19166666666666668, 0.2531071809375228], "degree_of_intergration": [0.45, 0.125, 0.0], "number_of_colorful_edges": 0.19166666666666668}, "init_world": [[0, 0, 0, 0, 0, 0, 0, 0, 1, 1, 1, 1, 1, 1, 2, 2, 2, 0, 0, 0, 0, 2, 2, 2, 2, 2, 2, 1, 1, 1, 2, 1, 1, 1, 0, 0, 0, 0, 0, 0], [0, 0, 0, 0, 0, 0, 0, 0, 1, 1, 2, 2, 1, 1, 1, 0, 0, 0, 0, 0, 0, 2, 2, 2, 2, 2, 2, 1, 1, 1, 2, 1, 1, 1, 1, 0, 0, 0, 0, 0]], "final": {"social_welfare": [1.0, 0.5208333333333333, 0.9499999999999998, 0.7577738920312987], "degree_of_intergration": [1.0, 0.975, 0.875], "number_of_colorful_edges": 0.95}, "steps": 31, "final_world": [[1, 0, 1, 0, 1, 0, 1, 2, 0, 2, 0, 1, 0, 1, 0, 1, 2, 0, 1, 0, 2, 0, 1, 2, 1, 0, 2, 1, 0, 2, 0, 1, 0, 1, 0, 1, 0, 1, 0, 0], [0, 2, 0, 2, 0, 1, 0, 1, 2, 1, 0, 2, 1, 0, 1, 0, 0, 1, 0, 2, 0, 1, 2, 0, 2, 0, 1, 0, 2, 0, 2, 0, 2, 0, 1, 0, 2, 0, 2, 0]]}, "2": {"init": {"social_welfare": [0.5875, 0.20416666666666675, 0.21666666666666673, 0.314557594687533], "degree_of_intergration": [0.5875, 0.05, 0.0125], "number_of_colorful_edges": 0.21666666666666667}, "init_world": [[1, 1, 0, 0, 0, 0, 1, 1, 0, 0, 0, 2, 2, 2, 2, 1, 1, 1, 1, 2, 2, 2, 2, 2, 2, 0, 0, 0, 2, 2, 2, 2, 1, 1, 1, 1, 1, 1, 1, 1], [1, 2, 0, 0, 0, 0, 1, 1, 0, 0, 0, 2, 2, 2, 2, 1, 1, 1, 1, 2, 2, 2, 2, 2, 2, 0, 0, 0, 2, 2, 2, 2, 1, 1, 1, 0, 0, 0, 0, 1]], "final": {"social_welfare": [1.0, 0.5458333333333333, 0.9916666666666668, 0.7888756481920122], "degree_of_intergration": [1.0, 1.0, 0.975], "number_of_colorful_edges": 0.9916666666666667}, "steps": 39, "final_world": [[2, 1, 2, 1, 0, 2, 1, 2, 1, 2, 1, 2, 0, 2, 0, 1, 2, 0, 2, 0, 1, 2, 0, 1, 2, 1, 2, 1, 2, 1, 2, 0, 1, 2, 0, 1, 2, 0, 1, 0], [0, 2, 1, 0, 2, 0, 2, 1, 2, 1, 0, 1, 2, 0, 2, 0, 1, 2, 1, 2, 0, 1, 2, 0, 1, 0, 1, 0, 1, 2, 0, 2, 0, 1, 1, 2, 0, 2, 0, 1]]}, "3": {"init": {"social_welfare": [0.5875, 0.2166666666666667, 0.225, 0.3293642837277114], "degree_of_intergration": [0.5875, 0.075, 0.0125], "number_of_colorful_edges": 0.22499999999999998}, "init_world": [[2, 2, 1, 1, 1, 1, 2, 2, 0, 0, 2, 2, 1, 1, 1, 2, 2, 2, 2, 2, 2, 1, 1, 0, 0, 0, 0, 0, 0, 0, 2, 2, 2, 2, 2, 2, 0, 0, 0, 2], [2, 2, 1, 1, 1, 1, 2, 2, 0, 0, 2, 2, 1, 0, 0, 2, 2, 2, 2, 2, 2, 1, 1, 0, 0, 0, 0, 0, 0, 0, 1, 2, 2, 2, 2, 2, 0, 0, 0, 2]], "final": {"social_welfare": [1.0, 0.5541666666666666, 0.9416666666666667, 0.8012274043527258], "degree_of_intergration": [1.0, 0.9875, 0.8375], "number_of_colorful_edges": 0.9416666666666667}, "steps": 36, "final_world": [[0, 1, 2, 0, 1, 2, 0, 1, 2, 0, 1, 2, 0, 2, 1, 2, 0, 2, 0, 2, 1, 0, 2, 0, 2, 0, 2, 0, 2, 0, 2, 0, 2, 0, 2, 0, 1, 2, 1, 2], [1, 2, 0, 1, 2, 0, 2, 2, 0, 2, 0, 2, 1, 2, 0, 2, 2, 1, 2, 0, 2, 2, 1, 2, 1, 2, 0, 2, 0, 2, 1, 2, 0, 2, 1, 2, 0, 1, 0, 2]]}, "4": {"init": {"social_welfare": [0.525, 0.1875000000000001, 0.20833333333333348, 0.29097482069199276], "degree_of_intergration": [0.525, 0.0875, 0.0125], "number_of_colorful_edges": 0.20833333333333334}, "init_world": [[1, 1, 1, 1, 1, 0, 0, 0, 0, 0, 0, 0, 1, 1, 2, 2, 2, 2, 2, 0, 0, 0, 0, 0, 1, 1, 2, 2, 2, 2, 2, 2, 2, 1, 0, 0, 1, 1, 1, 1], [0, 1, 1, 1, 1, 0, 0, 0, 0, 0, 0, 0, 1, 1, 2, 2, 2, 2, 2, 0, 0, 0, 0, 0, 1, 1, 0, 2, 2, 2, 2, 2, 1, 1, 0, 0, 1, 1, 1, 0]], "final": {"social_welfare": [1.0, 0.5333333333333333, 1.0, 0.772580581071477], "degree_of_intergration": [1.0, 1.0, 1.0], "number_of_colorful_edges": 1.0}, "steps": 35, "final_world": [[2, 0, 1, 0, 1, 0, 1, 0, 1, 0, 1, 0, 2, 0, 1, 0, 1, 0, 1, 0, 1, 0, 2, 1, 0, 1, 2, 0, 2, 1, 2, 1, 2, 0, 1, 0, 1, 2, 0, 1], [0, 1, 0, 1, 2, 1, 0, 2, 0, 2, 0, 2, 1, 2, 0, 2, 0, 1, 2, 1, 0, 2, 1, 0, 1, 2, 0, 2, 0, 2, 0, 2, 0, 1, 0, 1, 2, 0, 1, 2]]}, "5": {"init": {"social_welfare": [0.55, 0.2125, 0.2333333333333333, 0.326986442611636], "degree_of_intergration": [0.55, 0.15, 0.0], "number_of_colorful_edges": 0.23333333333333336}, "init_world": [[1, 1, 1, 1, 0, 0, 0, 0, 0, 1, 0, 0, 0, 0, 0, 0, 2, 2, 2, 2, 2, 2, 2, 2, 2, 1, 2, 2, 1, 1, 1, 1, 2, 0, 0, 0, 2, 2, 2, 1], [1, 1, 1, 1, 0, 0, 0, 0, 0, 1, 0, 0, 0, 0, 0, 0, 2, 2, 2, 1, 1, 2, 2, 2, 2, 1, 0, 0, 1, 1, 1, 1, 2, 0, 0, 0, 2, 2, 2, 1]], "final": {"social_welfare": [1.0, 0.5999999999999996, 0.95, 0.8594876057143311], "degree_of_intergration": [1.0, 1.0, 0.85], "number_of_colorful_edges": 0.95}, "steps": 34, "final_world": [[0, 1, 0, 1, 2, 0, 2, 0, 1, 0, 2, 1, 0, 2, 0, 2, 1, 0, 2, 0, 2, 0, 2, 1, 0, 1, 2, 0, 1, 0, 2, 1, 0, 1, 2, 0, 1, 0, 2, 1], [2, 0, 2, 1, 0, 2, 0, 2, 0, 2, 1, 0, 2, 0, 1, 0, 2, 1, 0, 2, 1, 2, 0, 2, 2, 1, 0, 1, 2, 1, 0, 1, 2, 0, 1, 0, 2, 1, 0, 1]]}, "6": {"init": {"social_welfare": [0.35, 0.11666666666666665, 0.125, 0.18212758366073384], "degree_of_intergration": [0.35, 0.025, 0.0], "number_of_colorful_edges": 0.125}, "init_world": [[1, 1, 1, 1, 2, 2, 1, 1, 1, 1, 1, 1, 1, 2, 2, 2, 2, 2, 2, 2, 0, 0, 0, 0, 0, 0, 0, 2, 2, 2, 2, 2, 2, 2, 0, 0, 0, 0, 0, 0], [1, 1, 1, 1, 2, 2, 1, 1, 1, 1, 1, 1, 1, 2, 2, 2, 2, 2, 2, 0, 0, 0, 0, 0, 0, 0, 0, 2, 2, 2, 2, 2, 2, 2, 0, 0, 0, 0, 0, 0]], "final": {"social_welfare": [1.0, 0.5291666666666669, 0.9750000000000002, 0.7671488920312987], "degree_of_intergration": [1.0, 1.0, 0.925], "number_of_colorful_edges": 0.975}, "steps": 31, "final_world": [[2, 0, 2, 1, 0, 1, 2, 1, 0, 2, 1, 2, 1, 0, 1, 2, 1, 2, 1, 2, 0, 2, 0, 2, 0, 2, 1, 2, 0, 2, 0, 2, 0, 2, 1, 2, 0, 2, 0, 1], [1, 2, 0, 1, 2, 0, 1, 0, 2, 1, 2, 1, 0, 2, 0, 1, 2, 1, 2, 0, 2, 0, 2, 0, 2, 1, 0, 1, 2, 0, 2, 0, 1, 2, 0, 0, 1, 0, 2, 0]]}, "7": {"init": {"social_welfare": [0.75, 0.2999999999999999, 0.32499999999999984, 0.4580051673214677], "degree_of_intergration": [0.75, 0.225, 0.0], "number_of_colorful_edges": 0.325}, "init_world": [[0, 0, 0, 0, 0, 0, 0, 1, 2, 2, 1, 1, 1, 1, 1, 1, 1, 0, 0, 0, 0, 0, 1, 2, 2, 1, 1, 1, 0, 0, 1, 1, 2, 2, 2, 0, 1, 1, 0, 0], [0, 0, 0, 0, 2, 2, 0, 1, 2, 2, 1, 1, 2, 2, 2, 0, 0, 0, 0, 0, 0, 0, 1, 2, 2, 1, 1, 1, 0, 0, 1, 1, 2, 2, 2, 0, 0, 2, 2, 0]], "final": {"social_welfare": [1.0, 0.5249999999999998, 0.9583333333333334, 0.7632055810714771], "degree_of_intergration": [1.0, 0.9875, 0.8875], "number_of_colorful_edges": 0.9583333333333334}, "steps": 35, "final_world": [[1, 0, 1, 2, 0, 0, 1, 0, 1, 2, 1, 0, 1, 0, 1, 0, 1, 0, 1, 0, 1, 0, 2, 0, 2, 0, 1, 0, 1, 0, 2, 0, 2, 0, 1, 0, 2, 0, 2, 0], [2, 1, 2, 0, 1, 2, 0, 1, 2, 0, 2, 1, 0, 1, 0, 1, 0, 1, 0, 2, 0, 2, 0, 2, 0, 1, 2, 1, 2, 0, 1, 2, 0, 1, 2, 0, 0, 2, 1, 0]]}, "8": {"init": {"social_welfare": [0.5625, 0.20416666666666675, 0.21666666666666673, 0.3141128631696737], "degree_of_intergration": [0.5625, 0.0875, 0.0], "number_of_colorful_edges": 0.21666666666666667}, "init_world": [[2, 2, 2, 2, 1, 1, 1, 1, 1, 1, 0, 0, 0, 2, 0, 0, 0, 2, 2, 1, 0, 0, 1, 1, 1, 1, 1, 1, 1, 0, 0, 1, 1, 1, 1, 1, 2, 2, 2, 2], [2, 2, 2, 2, 1, 1, 1, 1, 1, 1, 0, 0, 0, 2, 0, 0, 0, 2, 2, 1, 0, 0, 1, 1, 1, 1, 1, 1, 1, 0, 0, 0, 0, 0, 0, 0, 2, 2, 2, 2]], "final": {"social_welfare": [1.0, 0.5333333333333333, 0.9833333333333334, 0.772580581071477], "degree_of_intergration": [1.0, 1.0, 0.95], "number_of_colorful_edges": 0.9833333333333333}, "steps": 39,