{"0": {"init": {"social_welfare": [1.0, 0.41666666666666663, 0.7875, 0.6845351232142711], "degree_of_intergration": [1.0, 0.575], "number_of_colorful_edges": 0.7875}, "init_world": [2, 1, 2, 1, 2, 0, 1, 2, 0, 2, 0, 2, 0, 2, 1, 1, 2, 2, 0, 0, 2, 1, 1, 2, 2, 0, 2, 2, 1, 1, 0, 2, 0, 2, 0, 1, 2, 0, 0, 2], "final": {"social_welfare": [1.0, 0.4833333333333334, 0.9375, 0.7686590903571322], "degree_of_intergration": [1.0, 0.875], "number_of_colorful_edges": 0.9375}, "steps": 3, "final_world": [2, 1, 2, 1, 2, 0, 1, 2, 0, 2, 0, 2, 0, 2, 0, 1, 2, 2, 1, 0, 2, 0, 1, 2, 1, 0, 2, 2, 1, 2, 0, 2, 0, 2, 0, 1, 2, 1, 0, 2]}, "1": {"init": {"social_welfare": [0.775, 0.32500000000000007, 0.575, 0.5331435944642745], "degree_of_intergration": [0.775, 0.375], "number_of_colorful_edges": 0.575}, "init_world": [0, 0, 0, 0, 2, 1, 2, 2, 2, 2, 1, 0, 1, 0, 2, 0, 1, 1, 2, 0, 2, 2, 1, 1, 1, 1, 2, 1, 1, 0, 1, 2, 2, 0, 1, 2, 2, 1, 1, 1], "final": {"social_welfare": [1.0, 0.49166666666666653, 0.9375, 0.7791745862499897], "degree_of_intergration": [1.0, 0.875], "number_of_colorful_edges": 0.9375}, "steps": 5, "final_world": [2, 0, 1, 0, 2, 1, 2, 0, 1, 2, 1, 0, 1, 0, 2, 0, 2, 1, 2, 0, 1, 2, 1, 0, 2, 1, 2, 1, 1, 0, 1, 2, 1, 0, 1, 2, 2, 1, 2, 1]}, "2": {"init": {"social_welfare": [0.875, 0.3666666666666668, 0.6875, 0.6015971067857017], "degree_of_intergration": [0.875, 0.5], "number_of_colorful_edges": 0.6875}, "init_world": [1, 2, 1, 2, 2, 0, 0, 1, 2, 0, 1, 0, 2, 2, 2, 0, 1, 2, 1, 2, 1, 0, 0, 2, 0, 0, 2, 1, 0, 1, 1, 2, 1, 2, 2, 2, 2, 2, 2, 1], "final": {"social_welfare": [1.0, 0.4916666666666664, 0.95, 0.7791745862499898], "degree_of_intergration": [1.0, 0.9], "number_of_colorful_edges": 0.95}, "steps": 5, "final_world": [2, 2, 1, 2, 0, 2, 0, 1, 2, 0, 1, 0, 2, 1, 2, 0, 1, 2, 1, 2, 1, 2, 0, 1, 2, 0, 2, 1, 0, 2, 1, 2, 1, 2, 0, 2, 0, 2, 2, 1]}, "3": {"init": {"social_welfare": [0.85, 0.31666666666666676, 0.5625, 0.5345351232142711], "degree_of_intergration": [0.85, 0.275], "number_of_colorful_edges": 0.5625}, "init_world": [2, 0, 1, 1, 1, 1, 2, 1, 2, 0, 0, 0, 2, 2, 1, 1, 0, 0, 1, 1, 0, 1, 1, 2, 2, 1, 1, 0, 0, 2, 0, 0, 2, 1, 2, 1, 2, 2, 2, 2], "final": {"social_welfare": [1.0, 0.47499999999999976, 0.95, 0.7581435944642745], "degree_of_intergration": [1.0, 0.9], "number_of_colorful_edges": 0.95}, "steps": 6, "final_world": [2, 0, 1, 0, 2, 1, 2, 1, 2, 0, 1, 0, 1, 2, 1, 2, 1, 0, 2, 1, 0, 1, 0, 1, 2, 0, 1, 0, 1, 2, 0, 0, 2, 1, 2, 1, 2, 1, 2, 2]}, "4": {"init": {"social_welfare": [0.975, 0.38333333333333347, 0.675, 0.6385041314285559], "degree_of_intergration": [0.975, 0.375], "number_of_colorful_edges": 0.675}, "init_world": [2, 1, 0, 0, 0, 2, 1, 1, 0, 2, 0, 0, 1, 1, 0, 2, 0, 0, 1, 0, 0, 2, 2, 0, 0, 2, 1, 0, 1, 0, 1, 0, 0, 1, 0, 0, 2, 2, 0, 0], "final": {"social_welfare": [1.0, 0.425, 0.9, 0.6950506191071287], "degree_of_intergration": [1.0, 0.8], "number_of_colorful_edges": 0.9}, "steps": 4, "final_world": [2, 1, 0, 1, 0, 2, 0, 1, 0, 2, 0, 1, 0, 1, 0, 2, 0, 0, 1, 0, 2, 0, 2, 0, 0, 2, 1, 0, 1, 0, 1, 0, 0, 1, 0, 2, 0, 2, 0, 0]}, "5": {"init": {"social_welfare": [0.9, 0.3750000000000001, 0.6625, 0.616081610892844], "degree_of_intergration": [0.9, 0.425], "number_of_colorful_edges": 0.6625}, "init_world": [1, 0, 1, 0, 0, 2, 0, 2, 2, 1, 0, 2, 2, 2, 2, 0, 1, 1, 2, 1, 0, 2, 1, 1, 0, 1, 2, 2, 1, 2, 0, 0, 0, 0, 2, 0, 0, 1, 2, 2], "final": {"social_welfare": [1.0, 0.5416666666666667, 1.0, 0.8422675616071356], "degree_of_intergration": [1.0, 1.0], "number_of_colorful_edges": 1.0}, "steps": 6, "final_world": [2, 0, 1, 2, 0, 2, 0, 1, 2, 1, 0, 2, 0, 1, 2, 0, 2, 1, 2, 1, 0, 2, 0, 1, 0, 1, 0, 2, 1, 2, 0, 2, 1, 0, 2, 0, 2, 1, 0, 2]}, "6": {"init": {"social_welfare": [0.825, 0.3583333333333333, 0.625, 0.5831435944642746], "degree_of_intergration": [0.825, 0.425], "number_of_colorful_edges": 0.625}, "init_world": [0, 2, 2, 0, 2, 2, 1, 1, 1, 1, 2, 2, 2, 0, 2, 1, 0, 1, 1, 1, 2, 0, 0, 0, 0, 1, 0, 2, 1, 1, 1, 0, 2, 1, 2, 0, 0, 1, 0, 2], "final": {"social_welfare": [1.0, 0.5416666666666667, 1.0, 0.8422675616071353], "degree_of_intergration": [1.0, 1.0], "number_of_colorful_edges": 1.0}, "steps": 5, "final_world": [0, 1, 2, 0, 2, 0, 1, 2, 0, 1, 2, 1, 2, 0, 2, 1, 0, 1, 0, 1, 2, 0, 1, 2, 0, 1, 0, 2, 1, 2, 1, 0, 2, 1, 2, 1, 0, 1, 0, 2]}, "7": {"init": {"social_welfare": [0.825, 0.3000000000000001, 0.5875, 0.5095351232142712], "degree_of_intergration": [0.825, 0.35], "number_of_colorful_edges": 0.5874999999999999}, "init_world": [1, 0, 0, 2, 0, 0, 0, 0, 2, 2, 2, 2, 0, 2, 0, 2, 1, 2, 2, 0, 1, 1, 1, 0, 0, 2, 2, 2, 1, 0, 0, 0, 1, 0, 1, 0, 1, 1, 2, 1], "final": {"social_welfare": [1.0, 0.4833333333333333, 0.95, 0.7686590903571322], "degree_of_intergration": [1.0, 0.9], "number_of_colorful_edges": 0.95}, "steps": 5, "final_world": [1, 2, 0, 2, 0, 2, 1, 0, 2, 0, 0, 2, 0, 2, 0, 2, 1, 0, 2, 0, 1, 2, 1, 0, 0, 2, 1, 2, 1, 0, 2, 0, 1, 0, 1, 0, 1, 0, 2, 1]}, "8": {"init": {"social_welfare": [0.875, 0.3583333333333335, 0.65, 0.5910816108928441], "degree_of_intergration": [0.875, 0.425], "number_of_colorful_edges": 0.65}, "init_world": [1, 0, 2, 1, 1, 1, 2, 0, 2, 0, 1, 1, 2, 2, 1, 1, 1, 0, 2, 0, 1, 0, 1, 0, 2, 2, 0, 0, 1, 0, 1, 1, 2, 2, 1, 1, 1, 1, 1, 2], "final": {"social_welfare": [0.95, 0.4083333333333335, 0.9, 0.666081610892844], "degree_of_intergration": [0.95, 0.85], "number_of_colorful_edges": 0.9}, "steps": 4, "final_world": [1, 0, 2, 1, 2, 1, 2, 0, 2, 0, 1, 2, 1, 2, 1, 0, 1, 0, 2, 0, 1, 0, 1, 0, 1, 2, 1, 0, 1, 0, 1, 1, 1, 2, 1, 2, 1, 1, 1, 2]}, "9": {"init": {"social_welfare": [0.7, 0.2916666666666667, 0.525, 0.47917458624998976], "degree_of_intergration": [0.7, 0.35], "number_of_colorful_edges": 0.5249999999999999}, "init_world": [2, 0, 0, 1, 2, 0, 0, 0, 0, 0, 0, 0, 0, 1, 2, 2, 0, 1, 1, 0, 1, 2, 1, 2, 1, 2, 2, 2, 2, 2, 2, 2, 2, 1, 1, 2, 2, 1, 2, 0], "final": {"social_welfare": [1.0, 0.4833333333333334, 0.975, 0.7686590903571322], "degree_of_intergration": [1.0, 0.95], "number_of_colorful_edges": 0.975}, "steps": 6, "final_world": [2, 1, 0, 1, 2, 0, 2, 0, 2, 0, 2, 0, 2, 1, 0, 2, 0, 2, 1, 0, 1, 2, 1, 2, 1, 2, 0, 2, 0, 2, 0, 1, 2, 0, 1, 2, 2, 1, 2, 0]}}