{"0": {"init": {"social_welfare": [0.9375, 0.4625, 0.6916666666666662, 0.7081534111607536], "degree_of_intergration": [0.9375, 0.8125, 0.325], "number_of_colorful_edges": 0.6916666666666667}, "init_world": [[1, 1, 1, 1, 1, 1, 0, 2, 1, 2, 2, 1, 0, 1, 0, 2, 1, 1, 0, 1, 2, 2, 2, 0, 0, 2, 0, 1, 2, 1, 0, 2, 2, 0, 2, 2, 0, 2, 1, 2], [0, 1, 1, 1, 0, 0, 1, 0, 1, 1, 2, 0, 0, 1, 2, 1, 2, 2, 0, 2, 0, 1, 1, 0, 1, 2, 1, 1, 1, 2, 2, 1, 2, 0, 2, 0, 1, 1, 0, 1]], "final": {"social_welfare": [0.9875, 0.5583333333333333, 0.8999999999999997, 0.820576319397364], "degree_of_intergration": [0.9875, 0.9875, 0.725], "number_of_colorful_edges": 0.9}, "steps": 8, "final_world": [[1, 0, 2, 0, 2, 1, 0, 2, 0, 2, 0, 1, 2, 1, 0, 2, 1, 1, 0, 1, 2, 0, 2, 1, 0, 1, 0, 1, 2, 1, 0, 2, 1, 0, 1, 2, 0, 2, 1, 2], [0, 2, 1, 1, 0, 2, 1, 0, 1, 1, 2, 0, 0, 1, 2, 1, 2, 2, 1, 2, 0, 1, 1, 0, 1, 2, 1, 1, 1, 2, 2, 1, 2, 1, 2, 0, 1, 1, 0, 1]]}, "1": {"init": {"social_welfare": [0.9625, 0.4833333333333332, 0.6916666666666663, 0.7298030755580778], "degree_of_intergration": [0.9625, 0.775, 0.3375], "number_of_colorful_edges": 0.6916666666666667}, "init_world": [[0, 0, 0, 1, 0, 1, 1, 2, 1, 0, 0, 0, 2, 1, 1, 1, 2, 1, 0, 2, 1, 1, 1, 2, 0, 1, 2, 0, 0, 1, 1, 2, 1, 0, 1, 0, 0, 0, 1, 0], [1, 0, 2, 2, 2, 2, 0, 1, 0, 2, 2, 0, 1, 0, 0, 2, 1, 2, 2, 2, 1, 1, 0, 2, 1, 2, 1, 2, 0, 1, 0, 0, 1, 0, 1, 1, 0, 1, 2, 0]], "final": {"social_welfare": [0.9875, 0.5708333333333333, 0.9083333333333335, 0.8279411180357583], "degree_of_intergration": [0.9875, 0.9875, 0.75], "number_of_colorful_edges": 0.9083333333333333}, "steps": 9, "final_world": [[2, 1, 0, 1, 0, 1, 1, 2, 1, 0, 1, 0, 2, 1, 2, 0, 2, 1, 0, 2, 1, 0, 1, 2, 0, 1, 2, 1, 2, 0, 1, 2, 1, 0, 2, 0, 0, 0, 1, 0], [1, 0, 2, 0, 1, 2, 0, 1, 0, 1, 2, 0, 1, 0, 1, 2, 1, 0, 1, 2, 0, 1, 0, 2, 1, 2, 1, 2, 0, 1, 0, 0, 2, 0, 1, 1, 0, 1, 2, 0]]}, "2": {"init": {"social_welfare": [0.9625, 0.4666666666666668, 0.65, 0.7140298317187913], "degree_of_intergration": [0.9625, 0.75, 0.2375], "number_of_colorful_edges": 0.65}, "init_world": [[0, 0, 2, 1, 0, 0, 1, 2, 2, 2, 1, 2, 0, 2, 2, 2, 1, 1, 2, 1, 1, 0, 0, 0, 2, 2, 1, 1, 2, 2, 1, 2, 2, 1, 2, 0, 1, 2, 2, 1], [2, 2, 1, 1, 2, 0, 1, 0, 1, 2, 2, 1, 2, 2, 0, 1, 2, 2, 0, 0, 2, 0, 0, 0, 0, 2, 1, 2, 0, 0, 1, 1, 1, 0, 0, 1, 2, 1, 1, 1]], "final": {"social_welfare": [1.0, 0.5916666666666665, 0.9166666666666663, 0.8516009837946878], "degree_of_intergration": [1.0, 0.9625, 0.7875], "number_of_colorful_edges": 0.9166666666666666}, "steps": 12, "final_world": [[0, 1, 2, 1, 0, 2, 0, 2, 0, 2, 1, 2, 0, 1, 2, 2, 0, 1, 2, 1, 0, 2, 0, 1, 2, 0, 2, 0, 1, 2, 1, 0, 2, 1, 2, 0, 1, 0, 2, 1], [2, 2, 0, 1, 2, 0, 1, 0, 1, 2, 2, 1, 2, 2, 0, 1, 2, 2, 1, 0, 2, 1, 2, 0, 1, 2, 1, 2, 0, 1, 2, 1, 0, 2, 0, 1, 2, 1, 1, 1]]}, "3": {"init": {"social_welfare": [0.9625, 0.4708333333333332, 0.675, 0.7120196303571859], "degree_of_intergration": [0.9625, 0.75, 0.3125], "number_of_colorful_edges": 0.675}, "init_world": [[0, 2, 2, 0, 2, 2, 0, 2, 0, 0, 0, 1, 1, 0, 2, 0, 2, 1, 0, 1, 0, 0, 2, 1, 1, 1, 0, 0, 0, 1, 1, 2, 1, 2, 0, 2, 0, 0, 2, 2], [1, 2, 1, 2, 1, 0, 0, 1, 0, 0, 1, 2, 2, 0, 0, 1, 1, 1, 0, 0, 0, 0, 2, 0, 1, 2, 1, 1, 0, 1, 2, 0, 1, 0, 2, 0, 1, 2, 1, 1]], "final": {"social_welfare": [1.0, 0.5249999999999998, 0.925, 0.7706474714732611], "degree_of_intergration": [1.0, 0.95, 0.825], "number_of_colorful_edges": 0.925}, "steps": 10, "final_world": [[0, 1, 2, 0, 2, 1, 0, 2, 0, 1, 0, 2, 1, 0, 2, 0, 2, 0, 2, 1, 2, 1, 2, 1, 0, 1, 0, 0, 1, 2, 1, 2, 0, 2, 0, 2, 0, 1, 0, 2], [1, 2, 1, 2, 1, 0, 0, 1, 0, 0, 1, 0, 2, 1, 0, 2, 0, 1, 0, 0, 0, 0, 1, 0, 1, 2, 1, 1, 0, 1, 2, 0, 1, 0, 2, 0, 1, 2, 1, 0]]}, "4": {"init": {"social_welfare": [0.95, 0.4624999999999999, 0.6083333333333331, 0.6867942947545098], "degree_of_intergration": [0.95, 0.6, 0.275], "number_of_colorful_edges": 0.6083333333333332}, "init_world": [[2, 1, 2, 0, 1, 1, 1, 1, 2, 1, 0, 0, 0, 0, 2, 2, 2, 2, 1, 1, 1, 2, 0, 1, 2, 1, 1, 2, 1, 1, 1, 1, 2, 0, 0, 0, 0, 0, 2, 2], [2, 1, 1, 1, 1, 2, 2, 0, 0, 0, 0, 2, 0, 1, 2, 1, 2, 0, 2, 1, 0, 2, 1, 2, 1, 1, 1, 0, 0, 2, 0, 0, 1, 0, 2, 1, 2, 2, 2, 0]], "final": {"social_welfare": [1.0, 0.5708333333333332, 0.9166666666666664, 0.8259309166741527], "degree_of_intergration": [1.0, 0.9625, 0.7875], "number_of_colorful_edges": 0.9166666666666666}, "steps": 10, "final_world": [[0, 1, 2, 0, 2, 0, 1, 1, 2, 1, 2, 0, 2, 0, 1, 2, 0, 2, 0, 2, 1, 2, 0, 1, 2, 0, 1, 2, 1, 0, 2, 1, 2, 1, 0, 0, 1, 0, 1, 2], [2, 0, 1, 1, 1, 2, 2, 0, 1, 0, 1, 2, 0, 1, 2, 1, 2, 0, 2, 1, 0, 2, 1, 2, 1, 1, 1, 0, 0, 2, 1, 0, 1, 0, 2, 1, 2, 1, 2, 0]]}, "5": {"init": {"social_welfare": [0.9625, 0.47083333333333305, 0.5999999999999999, 0.7075544961161155], "degree_of_intergration": [0.9625, 0.65, 0.1875], "number_of_colorful_edges": 0.6}, "init_world": [[2, 0, 2, 1, 0, 0, 0, 0, 2, 0, 0, 0, 1, 2, 0, 0, 1, 2, 2, 1, 1, 2, 2, 2, 1, 1, 0, 0, 2, 0, 2, 1, 0, 1, 2, 0, 1, 1, 1, 1], [2, 0, 1, 0, 2, 0, 1, 1, 1, 0, 0, 1, 0, 0, 0, 0, 2, 2, 0, 0, 0, 2, 1, 2, 0, 0, 0, 2, 2, 0, 0, 1, 2, 1, 0, 0, 1, 0, 0, 2]], "final": {"social_welfare": [0.9875, 0.5375000000000001, 0.7916666666666666, 0.7904411180357584], "degree_of_intergration": [0.9875, 0.825, 0.5625], "number_of_colorful_edges": 0.7916666666666666}, "steps": 8, "final_world": [[2, 1, 2, 1, 0, 0, 2, 0, 2, 0, 0, 2, 1, 2, 0, 2, 1, 0, 2, 1, 2, 0, 2, 0, 2, 1, 0, 0, 1, 0, 2, 1, 0, 1, 2, 0, 2, 1, 2, 0], [1, 0, 1, 0, 2, 0, 1, 1, 1, 0, 0, 1, 0, 0, 0, 0, 2, 1, 0, 0, 0, 2, 1, 2, 0, 0, 0, 1, 2, 0, 0, 1, 2, 1, 0, 0, 1, 0, 0, 2]]}, "6": {"init": {"social_welfare": [0.975, 0.4791666666666665, 0.6833333333333332, 0.7178960509152235], "degree_of_intergration": [0.975, 0.725, 0.35], "number_of_colorful_edges": 0.6833333333333333}, "init_world": [[0, 1, 1, 2, 0, 2, 2, 1, 0, 0, 0, 1, 2, 2, 0, 0, 1, 0, 2, 2, 2, 0, 0, 1, 1, 2, 0, 1, 2, 1, 1, 2, 2, 2, 2, 0, 1, 1, 2, 1], [0, 1, 2, 1, 2, 1, 2, 0, 1, 1, 0, 0, 2, 1, 2, 1, 2, 1, 0, 2, 2, 1, 1, 1, 0, 2, 2, 2, 2, 1, 0, 2, 0, 2, 1, 2, 2, 0, 1, 0]], "final": {"social_welfare": [1.0, 0.5708333333333332, 0.9333333333333336, 0.8214657824330824], "degree_of_intergration": [1.0, 0.95, 0.85], "number_of_colorful_edges": 0.9333333333333333}, "steps": 11, "final_world": [[2, 0, 1, 2, 0, 2, 0, 1, 2, 0, 2, 1, 0, 2, 1, 0, 1, 0, 1, 0, 1, 2, 0, 2, 1, 2, 0, 1, 0, 2, 1, 0, 1, 2, 2, 0, 1, 1, 2, 1], [0, 1, 2, 1, 2, 1, 2, 0, 1, 2, 1, 0, 2, 1, 2, 1, 2, 1, 0, 1, 2, 0, 2, 1, 0, 2, 2, 2, 2, 1, 0, 2, 0, 2, 1, 2, 2, 0, 1, 2]]}, "7": {"init": {"social_welfare": [0.9875, 0.4749999999999999, 0.6583333333333331, 0.7268263193973642], "degree_of_intergration": [0.9875, 0.7375, 0.25], "number_of_colorful_edges": 0.6583333333333333}, "init_world": [[1, 1, 2, 0, 0, 0, 2, 1, 2, 1, 2, 1, 1, 0, 0, 2, 2, 1, 1, 2, 0, 0, 1, 0, 2, 2, 1, 0, 1, 1, 1, 1, 2, 0, 2, 0, 2, 2, 1, 1], [0, 0, 1, 2, 2, 2, 2, 2, 0, 1, 2, 1, 0, 0, 2, 0, 0, 0, 0, 1, 2, 0, 1, 1, 0, 1, 1, 2, 0, 0, 2, 1, 0, 2, 1, 1, 1, 1, 0, 0]], "final": {"social_welfare": [1.0, 0.558333333333333, 0.9583333333333334, 0.8096358495536174], "degree_of_intergration": [1.0, 1.0, 0.875], "number_of_colorful_edges": 0.9583333333333334}, "steps": 14, "final_world": [[2, 1, 2, 1, 0, 1, 0, 1, 2, 0, 1, 0, 1, 2, 0, 1, 2, 1, 1, 2, 1, 0, 2, 0, 1, 2, 1, 0, 2, 1, 0, 1, 2, 0, 2, 0, 2, 0, 2, 1], [1, 2, 1, 2, 1, 0, 1, 2, 0, 1, 2, 1, 2, 0, 2, 0, 1, 0, 0, 1, 2, 0, 1, 2, 0, 1, 0, 2, 1, 0, 2, 1, 0, 2, 0, 1, 0, 1, 0, 0]]}, "8": {"init": {"social_welfare": [1.0, 0.5166666666666666, 0.7166666666666662, 0.7746678741964719], "degree_of_intergration": [1.0, 0.8125, 0.3375], "number_of_colorful_edges": 0.7166666666666667}, "init_world": [[1, 1, 2, 1, 2, 1, 1, 1, 0, 0, 2, 1, 1, 2, 2, 2, 0, 2, 1, 0, 1, 1, 1, 0, 1, 2, 1, 2, 0, 0, 0, 0, 1, 1, 0, 0, 2, 1, 2, 1], [2, 1, 1, 2, 0, 2, 2, 1, 0, 1, 2, 0, 2, 1, 0, 0, 1, 0, 2, 2, 1, 2, 0, 2, 1, 0, 0, 1, 1, 1, 1, 2, 0, 0, 2, 2, 1, 1, 0, 1]], "final": {"social_welfare": [1.0, 0.5499999999999998, 0.8416666666666665, 0.8077027399554015], "degree_of_intergration": [1.0, 0.925, 0.6], "number_of_colorful_edges": 0.8416666666666667}, "steps": 5,